1999.405900 -7.132315 4.220000 129
1999.408600 -15.271014 4.470000 129
1999.411400 -7.599110 4.419000 129
1999.414100 -5.287166 4.243000 129
1999.416800 4.628601 4.241000 129
1999.419600 -3.589049 4.207000 129
1999.422300 -3.719643 4.134000 129
1999.425100 -10.458671 4.104000 129
1999.427800 -7.942633 4.510000 129
1999.430500 -8.164779 4.329000 129
1999.433300 -5.552385 4.119000 129
1999.436000 -5.350912 4.222000 129
1999.438700 -7.615630 4.155000 129
1999.441500 -6.329839 4.366000 129
1999.444200 -9.342955 4.063000 129
1999.447000 -16.830583 4.473000 129
1999.449700 -13.354110 4.809000 129
1999.452400 -11.491843 4.274000 129
1999.455200 -4.158122 4.466000 129
1999.457900 -7.402288 4.431000 129
1999.460600 -9.528671 4.294000 129
1999.463400 -11.288634 4.305000 129
1999.466100 -9.538471 4.407000 129
1999.468900 -10.160913 4.398000 129
1999.471600 -11.806218 4.560000 129
1999.474300 -11.315759 4.163000 129
1999.477100 -6.526943 4.559000 129
1999.479800 1.646025 4.521000 129
1999.482500 -7.720252 4.552000 129
1999.485300 -6.431210 4.339000 129
1999.488000 -6.934998 4.497000 129
1999.490800 -1.664493 5.024000 129
1999.496200 -2.873375 5.064000 129
1999.499000 -3.992690 4.576000 129
1999.501700 -1.214799 4.441000 129
1999.504400 0.347824 5.030000 129
1999.507200 0.147669 4.271000 129
1999.509900 -10.135257 4.748000 129
1999.512700 -3.732985 4.810000 129
1999.515400 -14.260464 4.658000 129
1999.518100 -4.107215 4.572000 129
1999.520900 -7.058801 4.505000 129
1999.523600 -5.882107 4.523000 129
1999.526400 -3.410268 4.483000 129
1999.529100 -1.959128 4.205000 129
1999.531800 -6.900256 4.564000 129
1999.534600 -5.837265 4.562000 129
1999.537300 0.451063 4.758000 129
1999.540000 -10.502872 4.568000 129
1999.542800 -5.825708 4.599000 129
1999.545500 -10.452168 5.144000 129
1999.548300 -3.708541 4.728000 129
1999.551000 -3.074510 4.456000 129
1999.553700 -10.965721 4.607000 129
1999.556500 -3.233857 4.412000 129
1999.559200 -9.173545 4.579000 129
1999.561900 0.298543 4.409000 129
1999.564700 5.209701 4.308000 129
1999.567400 0.940353 4.536000 129
1999.570200 -7.960924 4.534000 129
1999.572900 -10.059673 4.319000 129
1999.575600 -0.718606 4.316000 129
1999.578400 -7.689461 4.283000 129
1999.581100 -5.818738 4.216000 129
1999.583800 -16.620168 4.406000 129
1999.586600 -11.433504 4.197000 129
1999.589300 -10.173211 4.601000 129
1999.592100 -9.513807 4.305000 129
1999.594800 -4.409739 4.693000 129
1999.597500 -3.365760 4.577000 129
1999.600300 -10.001641 4.185000 129
1999.603000 -6.224803 4.537000 129
1999.605700 -3.162012 4.541000 129
1999.608500 -4.484039 4.589000 129
1999.611200 -12.173294 4.245000 129
1999.614000 -6.541333 4.200000 129
1999.616700 -11.189566 3.954000 129
1999.619400 -4.192761 4.600000 129
1999.622200 -14.092682 4.118000 129
1999.624900 -8.546745 4.646000 129
1999.627700 -12.711488 4.202000 129
1999.630400 0.422660 4.142000 129
1999.633100 -11.357058 4.243000 129
1999.635900 -5.211380 4.334000 129
1999.638600 -22.299763 4.341000 129
1999.641300 -7.688949 4.465000 129
1999.644100 -3.540652 4.557000 129
1999.646800 -5.551371 4.489000 129
1999.649600 -7.870542 4.681000 129
1999.652300 -6.739702 4.410000 129
1999.655000 -10.430552 4.339000 129
1999.657800 -8.473749 4.576000 129
1999.660500 -3.663898 4.627000 129
1999.663200 -15.300666 4.660000 129
1999.666000 -13.795664 5.055000 129
1999.668700 -7.615582 4.615000 129
1999.671500 -11.189647 4.515000 129
1999.674200 -7.999615 4.561000 129
1999.676900 -6.273077 4.290000 129
1999.679700 -3.603553 4.214000 129
1999.682400 -5.513911 4.760000 129
1999.685100 -3.575688 4.829000 129
1999.687900 -5.942335 4.213000 129
1999.690600 -3.495851 4.452000 129
1999.693400 -2.051135 4.462000 129
1999.696100 -5.688285 4.143000 129
1999.698800 -9.063725 4.290000 129
1999.701600 4.056224 4.285000 129
1999.704300 -3.198693 4.304000 129
1999.726200 -8.361802 4.368000 129
1999.729000 -3.429658 4.540000 129
1999.731700 0.889544 4.644000 129
1999.734400 2.999777 4.895000 129
1999.737200 -0.482831 4.458000 129
1999.739900 -5.534427 4.662000 129
1999.742600 -8.740925 4.639000 129
1999.750900 -5.365977 4.552000 129
1999.753600 -10.182780 4.657000 129
1999.756300 -5.347380 4.273000 129
1999.759100 -5.476304 4.385000 129
1999.761800 7.723604 4.311000 129
1999.764500 -11.254229 4.529000 129
1999.767300 -1.869189 4.334000 129
1999.770000 -9.224406 4.294000 129
1999.772800 -4.964617 4.339000 129
1999.775500 2.159850 4.815000 129
1999.778200 -0.322344 4.715000 129
1999.781000 -3.663337 4.840000 129
1999.783700 -2.328760 4.532000 129
1999.786400 4.013197 4.674000 129
1999.789200 -0.705452 4.351000 129
1999.791900 -13.486650 4.407000 129
1999.794700 0.069675 4.837000 129
1999.797400 -8.971635 4.390000 129
1999.800100 -6.566514 4.570000 129
1999.802900 -8.304684 4.281000 129
1999.819300 -3.984272 4.445000 129
1999.822000 -0.136335 4.688000 129
1999.824800 1.666782 4.510000 129
1999.827500 -1.822288 4.002000 129
1999.830300 3.758932 4.621000 129
1999.833000 -6.963149 4.298000 129
1999.835700 -4.354767 4.464000 129
1999.838500 -1.917941 4.310000 129
1999.841200 -2.808592 4.373000 129
1999.843900 -3.166794 4.338000 129
1999.846700 -3.657408 4.298000 129
1999.849400 -1.835681 4.276000 129
1999.852200 -1.021275 4.959000 129
1999.854900 -4.853655 4.307000 129
1999.857600 0.329369 4.394000 129
1999.860400 -2.965801 4.842000 129
1999.865800 1.035268 4.560000 129
1999.868600 -3.989595 4.748000 129
1999.871300 -0.832635 4.529000 129
1999.874100 2.833313 4.458000 129
1999.876800 -5.469051 4.274000 129
1999.879500 3.087873 4.201000 129
1999.882300 -1.214125 4.191000 129
1999.885000 0.143364 4.234000 129
1999.887700 -0.775917 4.292000 129
1999.890500 -0.809045 4.199000 129
1999.893200 -8.484888 4.617000 129
1999.896000 -9.051534 4.512000 129
1999.898700 0.942968 4.835000 129
1999.901400 -3.018415 4.636000 129
1999.904200 -2.818549 4.387000 129
1999.906900 -6.560738 4.340000 129
1999.909700 -13.760652 4.405000 129
1999.912400 -6.242755 4.505000 129
1999.915100 -0.664875 4.532000 129
1999.917900 -8.187695 4.498000 129
1999.920600 -3.688901 4.542000 129
1999.923300 -16.799212 4.535000 129
1999.926100 -9.295213 4.511000 129
1999.928800 -6.540793 4.610000 129
1999.931600 -5.616066 4.159000 129
1999.934300 2.151955 4.902000 129
1999.937000 -7.699285 4.596000 129
1999.939800 -11.150234 4.282000 129
1999.942500 -10.501072 4.503000 129
1999.945200 -9.776271 4.393000 129
1999.948000 -9.253211 4.936000 129
1999.950700 -14.969215 4.968000 129
1999.953500 -5.830988 4.663000 129
1999.956200 -8.661939 4.488000 129
1999.958900 -6.648426 4.794000 129
1999.961700 -0.151737 4.656000 129
1999.964400 -14.049388 4.568000 129
1999.967100 -2.217682 4.558000 129
1999.969900 -6.803870 4.826000 129
1999.972600 -16.549548 4.797000 129
1999.975400 -8.874175 3.997000 129
1999.978100 -8.643387 3.844000 129
1999.980800 -13.180424 3.831000 129
1999.983600 -11.763502 3.760000 129
1999.986300 -10.676295 3.676000 129
1999.989000 -14.702024 3.819000 129
1999.991800 -5.173898 3.581000 129
1999.994500 -2.781606 3.507000 129
1999.997300 3.531464 3.815000 129
2000.000000 1.896628 4.050000 129
2000.002700 -2.825325 3.701000 129
2000.005500 -0.480623 3.645000 129
2000.008200 -4.105922 3.858000 129
2000.011000 -1.209654 3.706000 129
2000.013700 -6.633445 3.732000 129
2000.016400 -7.619529 3.946000 129
2000.019200 -2.074183 3.597000 129
2000.021900 3.186031 3.880000 129
2000.024600 5.076851 3.940000 129
2000.027400 -1.096047 4.233000 129
2000.030100 6.760868 4.324000 129
2000.032900 -4.348037 4.130000 129
2000.035600 4.864841 4.256000 129
2000.038300 1.886162 3.879000 129
2000.041100 4.965505 3.867000 129
2000.043800 -1.629399 4.106000 129
2000.046500 0.718049 4.047000 129
2000.049300 -3.210644 4.008000 129
2000.052000 4.318400 4.015000 129
2000.054800 5.460190 3.817000 129
2000.057500 2.821714 4.112000 129
2000.060200 4.109453 4.469000 129
2000.063000 2.642769 3.924000 129
2000.065700 -5.435171 4.014000 129
2000.068400 9.211028 4.141000 129
2000.071200 -5.320366 4.026000 129
2000.073900 -7.184992 4.323000 129
2000.076700 -5.899327 4.322000 129
2000.079400 4.617132 4.322000 129
2000.082100 -0.822382 4.115000 129
2000.084900 -2.603776 4.332000 129
2000.087600 -9.580329 4.315000 129
2000.090300 -3.134910 4.220000 129
2000.093100 4.253456 3.972000 129
2000.095800 1.265727 3.922000 129
2000.098600 -3.225168 3.851000 129
2000.101300 0.525891 3.886000 129
2000.104000 -2.439158 4.285000 129
2000.106800 0.326459 3.728000 129
2000.109500 4.174115 4.070000 129
2000.112300 0.775326 3.628000 129
2000.115000 7.071639 4.384000 129
2000.117700 -0.715214 4.036000 129
2000.120500 -1.512671 4.130000 129
2000.123200 -3.876924 4.175000 129
2000.125900 -3.292366 3.891000 129
2000.128700 2.274431 3.561000 129
2000.131400 -7.147454 3.925000 129
2000.134200 0.315800 4.015000 129
2000.136900 3.022454 3.655000 129
2000.139600 0.340895 4.175000 129
2000.142400 -3.864673 3.863000 129
2000.145100 0.906289 3.954000 129
2000.147800 3.732034 3.854000 129
2000.150600 5.201631 3.813000 129
2000.153300 -4.543104 3.787000 129
2000.156100 0.341924 3.614000 129
2000.158800 -6.541284 3.799000 129
2000.161500 0.153298 4.430000 129
2000.164300 -4.776484 3.929000 129
2000.167000 -4.591353 3.618000 129
2000.169700 -2.966419 3.806000 129
2000.172500 -8.494967 3.856000 129
2000.175200 -0.695450 3.820000 129
2000.178000 -3.985489 4.204000 129
2000.180700 -6.689359 3.725000 129
2000.183400 3.165611 3.804000 129
2000.186200 -9.938079 3.839000 129
2000.188900 -8.696441 4.065000 129
2000.191600 -5.801934 4.018000 129
2000.194400 -7.255183 4.026000 129
2000.197100 -10.062943 4.015000 129
2000.199900 -4.854519 3.842000 129
2000.202600 1.606501 4.005000 129
2000.205300 0.557451 4.243000 129
2000.208100 -10.732496 4.181000 129
2000.210800 -10.059685 4.019000 129
2000.213600 -12.078820 3.887000 129
2000.216300 -3.068090 4.450000 129
2000.219000 -1.569360 4.160000 129
2000.221800 -7.859641 3.854000 129
2000.224500 -5.925899 3.963000 129
2000.227200 -8.925110 4.420000 129
2000.230000 -8.580392 4.528000 129
2000.232700 -10.338493 4.779000 129
2000.235500 -7.884700 4.667000 129
2000.238200 1.251376 3.922000 129
2000.240900 -7.084418 4.236000 129
2000.243700 -6.297363 4.026000 129
2000.246400 -8.922874 4.445000 129
2000.249100 -5.853202 4.691000 129
2000.251900 -6.340721 3.973000 129
2000.254600 -14.541661 4.293000 129
2000.257400 -10.769813 4.403000 129
2000.260100 -3.218291 4.221000 129
2000.262800 -3.726499 4.261000 129
2000.265600 -5.001946 4.844000 129
2000.268300 -11.036584 4.342000 129
2000.271000 -0.248898 3.969000 129
2000.273800 2.700525 4.061000 129
2000.276500 -1.788112 3.920000 129
2000.279300 -6.728024 4.241000 129
2000.282000 -8.980914 4.110000 129
2000.284700 -1.171393 4.035000 129
2000.287500 -0.215161 4.162000 129
2000.290200 1.893210 4.122000 129
2000.293000 -0.661714 3.842000 129
2000.295700 1.444576 4.155000 129
2000.298400 0.429359 4.123000 129
2000.301200 -4.385163 3.976000 129
2000.303900 0.992635 4.354000 129
2000.306600 5.094973 4.110000 129
2000.309400 7.598000 3.873000 129
2000.312100 2.789444 4.231000 129
2000.314900 0.256576 4.199000 129
2000.317600 -3.093815 4.257000 129
2000.320300 3.022405 4.016000 129
2000.323100 -1.997691 4.141000 129
2000.325800 2.533776 4.173000 129
2000.328500 -2.863109 4.162000 129
2000.331300 -3.328311 3.935000 129
2000.334000 -4.653874 3.969000 129
2000.336800 -8.048756 3.903000 129
2000.339500 -1.567952 4.096000 129
2000.342200 2.656556 3.943000 129
2000.345000 2.642746 4.035000 129
2000.347700 -1.572317 4.109000 129
2000.350400 -2.079645 3.937000 129
2000.353200 -1.687296 4.163000 129
2000.355900 10.258859 3.830000 129
2000.358700 -0.814310 4.043000 129
2000.361400 -2.150641 3.790000 129
2000.364100 -0.845198 3.940000 129
2000.366900 -0.694085 3.793000 129
2000.369600 -0.767087 3.737000 129
2000.372300 9.777702 4.003000 129
2000.375100 8.047156 3.965000 129
2000.377800 2.851532 3.894000 129
2000.380600 -8.432431 4.333000 129
2000.383300 -1.903448 3.905000 129
2000.386000 -3.095653 3.847000 129
2000.388800 -1.657210 3.941000 129
2000.391500 5.836210 4.464000 129
2000.394300 4.562271 5.443000 129
2000.397000 2.249326 4.092000 129
2000.399700 1.398204 3.822000 129
2000.402500 0.469706 4.035000 129
2000.405200 -3.147773 3.877000 129
2000.407900 3.875572 3.823000 129
2000.410700 0.282524 3.851000 129
2000.413400 -2.177487 3.923000 129
2000.416200 -1.032906 4.338000 129
2000.418900 0.541724 3.759000 129
2000.421600 -4.622824 3.857000 129
2000.424400 -3.138803 3.966000 129
2000.427100 2.641282 4.038000 129
2000.429800 1.823184 3.925000 129
2000.432600 0.636627 3.725000 129
2000.435300 3.819150 3.863000 129
2000.438100 2.352194 3.813000 129
2000.440800 -0.673675 3.782000 129
2000.443500 -2.594739 3.664000 129
2000.446300 1.290687 4.147000 129
2000.449000 -0.371787 4.181000 129
2000.451700 -5.921467 4.043000 129
2000.454500 0.526311 4.270000 129
2000.457200 2.101201 3.693000 129
2000.460000 5.341526 3.874000 129
2000.462700 5.355971 3.785000 129
2000.465400 2.833193 4.176000 129
2000.468200 0.683813 3.758000 129
2000.470900 1.859568 3.959000 129
2000.473600 0.635089 3.988000 129
2000.476400 -2.312031 3.873000 129
2000.479100 2.446001 3.673000 129
2000.481900 -3.148632 4.076000 129
2000.484600 -4.781103 4.045000 129
2000.487300 -3.257826 4.192000 129
2000.490100 -0.865251 4.394000 129
2000.492800 -2.363495 3.868000 129
2000.495600 0.336534 3.766000 129
2000.498300 3.694758 3.865000 129
2000.501000 1.982717 4.038000 129
2000.503800 4.983912 4.163000 129
2000.506500 0.749327 3.976000 129
2000.509200 2.093472 4.168000 129
2000.512000 1.046817 3.960000 129
2000.514700 -1.319591 4.072000 129
2000.517500 -0.013821 3.955000 129
2000.520200 -0.695785 3.993000 129
2000.522900 -3.367021 3.926000 129
2000.525700 3.452892 4.040000 129
2000.528400 -0.030898 4.075000 129
2000.531100 -6.006957 4.041000 129
2000.533900 -3.109894 4.203000 129
2000.536600 3.946503 4.281000 129
2000.539400 5.744006 4.295000 129
2000.542100 2.774869 4.412000 129
2000.544800 -4.959525 4.387000 129
2000.547600 0.332170 4.272000 129
2000.550300 -0.905735 4.219000 129
2000.553000 -1.528884 4.233000 129
2000.555800 -2.984957 4.133000 129
2000.558500 -5.498586 4.519000 129
2000.561300 -2.302143 4.293000 129
2000.564000 -7.580225 4.196000 129
2000.566700 1.532481 4.107000 129
2000.569500 -2.842742 4.837000 129
2000.572200 -0.457442 4.429000 129
2000.574900 -5.150329 4.790000 129
2000.577700 -4.844138 4.329000 129
2000.580400 1.045626 4.024000 129
2000.583200 -6.984523 4.666000 129
2000.585900 -8.257064 4.457000 129
2000.588600 -4.102738 4.561000 129
2000.591400 -6.544305 4.718000 129
2000.594100 -6.056210 4.496000 129
2000.596900 -4.039989 4.574000 129
2000.599600 -2.308072 4.610000 129
2000.602300 -2.968220 4.177000 129
2000.605100 1.186796 4.546000 129
2000.607800 -1.075438 4.340000 129
2000.610500 0.168309 4.374000 129
2000.627000 -1.556971 4.231000 129
2000.629700 -1.834854 4.515000 129
2000.632400 2.154392 4.281000 129
2000.635200 -3.042974 4.248000 129
2000.637900 -2.633404 4.035000 129
2000.640700 4.076611 4.412000 129
2000.643400 1.600593 4.137000 129
2000.646100 -6.768191 4.569000 129
2000.648900 2.038565 4.371000 129
2000.651600 -0.218671 4.351000 129
2000.654300 9.233396 4.331000 129
2000.657100 -1.891893 4.057000 129
2000.659800 1.061864 4.136000 129
2000.662600 3.913341 4.120000 129
2000.665300 -12.895114 4.167000 129
2000.668000 2.918853 4.637000 129
2000.670800 3.096664 3.977000 129
2000.673500 8.357570 4.225000 129
2000.676200 3.629974 4.343000 129
2000.679000 -3.729647 4.053000 129
2000.681700 0.611849 4.444000 129
2000.684500 0.121415 4.571000 129
2000.687200 3.637107 4.255000 129
2000.689900 3.235424 4.559000 129
2000.692700 -0.394040 4.466000 129
2000.695400 1.559631 4.566000 129
2000.698200 2.869625 4.071000 129
2000.700900 1.057754 4.851000 129
2000.703600 1.004637 4.242000 129
2000.706400 0.517006 4.139000 129
2000.709100 -2.583497 4.480000 129
2000.711800 3.167831 4.202000 129
2000.714600 0.830816 5.022000 129
2000.717300 0.013912 4.205000 129
2000.739200 7.832678 4.620000 129
2000.742000 -5.409929 4.416000 129
2000.744700 1.344443 4.635000 129
2000.747400 -5.732048 4.383000 129
2000.750200 0.868925 5.273000 129
2000.752900 -4.457187 5.188000 129
2000.755600 -0.499101 4.559000 129
2000.758400 0.284645 4.417000 129
2000.761100 1.572229 4.526000 129
2000.763900 -3.908395 3.833000 129
2000.766600 2.560763 4.272000 129
2000.769300 -2.154790 4.051000 129
2000.772100 -5.267355 3.964000 129
2000.774800 -2.654233 4.233000 129
2000.777500 -4.181775 4.007000 129
2000.780300 2.046866 4.252000 129
2000.783000 -4.168912 4.348000 129
2000.785800 -3.624376 4.409000 129
2000.788500 0.880662 4.354000 129
2000.791200 0.180099 4.435000 129
2000.794000 2.966043 4.305000 129
2000.796700 2.662363 4.130000 129
2000.799500 4.793316 4.444000 129
2000.802200 5.238555 4.296000 129
2000.804900 9.560238 4.002000 129
2000.807700 5.738738 4.231000 129
2000.810400 1.070380 4.147000 129
2000.813100 -0.960516 4.227000 129
2000.815900 -2.126419 4.019000 129
2000.818600 5.701669 4.507000 129
2000.821400 6.077867 4.314000 129
2000.824100 4.281947 4.699000 129
2000.826800 2.001497 4.336000 129
2000.829600 5.633321 4.417000 129
2000.832300 1.667860 4.435000 129
2000.835000 2.573864 4.173000 129
2000.837800 -2.583702 4.256000 129
2000.840500 -0.623729 4.382000 129
2000.843300 8.551774 4.087000 129
2000.846000 4.329693 4.092000 129
2000.848700 9.279048 4.328000 129
2000.851500 -0.929927 4.829000 129
2000.854200 1.007326 4.463000 129
2000.856900 12.596987 4.156000 129
2000.859700 11.776444 4.418000 129
2000.862400 -2.786062 3.860000 129
2000.865200 8.781305 4.068000 129
2000.867900 -1.912423 4.306000 129
2000.870600 -0.917808 3.973000 129
2000.873400 0.981786 4.093000 129
2000.876100 -2.229915 4.322000 129
2000.878900 -0.951572 3.912000 129
2000.881600 -3.197660 4.159000 129
2000.884300 -4.129493 4.453000 129
2000.887100 0.561799 4.091000 129
2000.889800 -3.519541 4.724000 129
2000.892500 1.592310 4.408000 129
2000.895300 -0.815646 4.416000 129
2000.898000 -1.713437 4.367000 129
2000.900800 0.405001 4.297000 129
2000.903500 -2.917532 4.315000 129
2000.906200 5.164006 4.639000 129
2000.909000 0.564816 4.497000 129
2000.911700 4.599454 4.975000 129
2000.914400 3.402082 4.237000 129
2000.917200 0.504008 4.203000 129
2000.919900 -6.639435 4.538000 129
2000.922700 -2.857571 4.532000 129
2000.925400 1.331794 4.800000 129
2000.928100 -8.494999 4.401000 129
2000.930900 -0.602485 4.320000 129
2000.933600 -5.101660 4.247000 129
2000.936300 -8.134088 4.153000 129
2000.939100 -3.640224 4.493000 129
2000.941800 -3.959232 4.073000 129
2000.944600 1.814034 4.146000 129
2000.947300 3.432308 4.216000 129
2000.950000 -3.466841 3.955000 129
2000.952800 -4.872754 3.884000 129
2000.955500 -1.751831 4.253000 129
2000.958200 -4.822435 3.947000 129
2000.961000 -2.050858 4.390000 129
2000.963700 -11.883607 4.092000 129
2000.966500 -10.341220 4.365000 129
2000.969200 -5.459261 3.840000 129
2000.971900 -2.430009 3.968000 129
2000.974700 -1.403699 3.979000 129
2000.977400 -1.355961 3.906000 129
2000.980200 -2.426225 3.799000 129
2000.982900 -3.914152 3.951000 129
2000.985600 -5.969968 4.019000 129
2000.988400 -9.955885 3.904000 129
2000.991100 -4.899588 3.635000 129
2000.993800 -10.245290 3.624000 129
2000.996600 -6.628205 3.808000 129
2000.999300 -5.087016 3.890000 129
2001.002100 -5.838120 3.928000 129
2001.004800 -5.792189 4.148000 129
2001.007500 -4.322436 4.067000 129
2001.010300 -11.821104 4.380000 129
2001.013000 -9.918825 3.874000 129
2001.015700 -6.501829 4.129000 129
2001.018500 -1.733392 3.846000 129
2001.021200 -0.330081 3.939000 129
2001.024000 -4.193425 3.880000 129
2001.026700 -8.307935 3.945000 129
2001.029400 1.521103 4.157000 129
2001.032200 18.542333 3.930000 129
2001.034900 -3.515650 4.136000 129
2001.037600 -2.466181 3.950000 129
2001.040400 -2.632677 3.956000 129
2001.043100 -2.005419 3.946000 129
2001.045900 -3.056234 4.088000 129
2001.048600 -3.334308 4.150000 129
2001.051300 -7.727080 3.907000 129
2001.054100 -13.958090 3.706000 129
2001.056800 -4.423366 3.765000 129
2001.059500 -9.358421 4.069000 129
2001.062300 -2.779884 4.072000 129
2001.065000 -1.454605 3.984000 129
2001.067800 1.005152 3.999000 129
2001.070500 -1.279335 4.056000 129
2001.073200 -5.622723 3.990000 129
2001.076000 -6.164806 4.172000 129
2001.078700 -1.844099 4.029000 129
2001.081500 -1.547201 3.947000 129
2001.084200 -2.935484 4.261000 129
2001.086900 -2.596773 3.846000 129
2001.089700 -9.628043 3.968000 129
2001.092400 -11.348436 3.992000 129
2001.095100 -10.483888 3.921000 129
2001.097900 -8.383492 3.833000 129
2001.100600 5.790851 3.761000 129
2001.103400 5.153930 3.922000 129
2001.106100 -1.095989 3.774000 129
2001.108800 2.513961 3.802000 129
2001.111600 -2.110518 3.776000 129
2001.114300 -2.624905 3.837000 129
2001.117000 -1.184455 3.988000 129
2001.119800 4.090404 3.985000 129
2001.122500 -0.474541 3.522000 129
2001.125300 -3.707183 4.072000 129
2001.128000 -7.713555 3.539000 129
2001.130700 -11.827127 3.539000 129
2001.133500 -5.695549 3.774000 129
2001.136200 -1.934581 3.725000 129
2001.138900 -10.263825 3.773000 129
2001.141700 -7.069066 3.723000 129
2001.144400 -1.777788 3.788000 129
2001.147200 -2.999600 3.718000 129
2001.149900 -0.676803 3.873000 129
2001.152600 -6.325223 3.822000 129
2001.155400 -2.299868 3.667000 129
2001.158100 -6.580762 3.813000 129
2001.160800 -5.984867 4.090000 129
2001.163600 -4.748325 4.049000 129
2001.166300 -3.677884 4.070000 129
2001.169100 -3.168876 3.892000 129
2001.171800 -5.047868 3.843000 129
2001.174500 -5.228045 4.097000 129
2001.177300 0.779231 3.722000 129
2001.180000 0.120663 3.724000 129
2001.182800 -10.010523 3.799000 129
2001.185500 -5.054449 4.190000 129
2001.188200 -2.580517 4.005000 129
2001.191000 0.780698 3.881000 129
2001.193700 -2.754666 3.810000 129
2001.196400 -4.390141 4.014000 129
2001.199200 -4.212423 3.982000 129
2001.201900 -8.129124 3.986000 129
2001.204700 -3.013687 4.194000 129
2001.207400 0.149439 3.940000 129
2001.210100 -0.158481 3.856000 129
2001.212900 -3.913341 3.766000 129
2001.215600 -8.852350 4.422000 129
2001.218300 -1.709361 3.846000 129
2001.221100 -8.939380 4.025000 129
2001.223800 -2.114389 3.987000 129
2001.226600 -1.953445 3.860000 129
2001.229300 -3.132386 4.083000 129
2001.232000 -4.710250 4.428000 129
2001.234800 0.308784 4.148000 129
2001.237500 2.348088 4.125000 129
2001.240200 -0.826482 4.087000 129
2001.243000 3.590801 4.225000 129
2001.245700 6.302504 5.864000 129
2001.248500 -0.056967 4.287000 129
2001.251200 11.734080 4.315000 129
2001.253900 7.820342 4.024000 129
2001.256700 -2.760607 4.098000 129
2001.259400 -3.230893 4.201000 129
2001.262100 3.281087 3.984000 129
2001.264900 0.326829 4.164000 129
2001.267600 -0.597631 3.927000 129
2001.270400 0.488655 4.210000 129
2001.273100 1.418827 4.081000 129
2001.275800 4.752354 4.120000 129
2001.278600 -1.736392 4.289000 129
2001.281300 -2.198126 3.822000 129
2001.284100 -1.437144 4.233000 129
2001.286800 -4.076070 4.192000 129
2001.289500 -2.996556 3.920000 129
2001.292300 -5.054338 4.040000 129
2001.295000 -2.441914 4.671000 129
2001.297700 -5.510001 3.804000 129
2001.300500 -4.012392 3.904000 129
2001.303200 -6.742472 3.678000 129
2001.306000 -8.091860 4.338000 129
2001.308700 -5.556871 4.180000 129
2001.311400 -9.838316 4.632000 129
2001.314200 -8.708074 4.183000 129
2001.319600 -5.153042 3.906000 129
2001.322400 -1.442037 3.780000 129
2001.325100 0.637522 3.725000 129
2001.327900 -6.577235 3.913000 129
2001.330600 -7.764384 3.941000 129
2001.333300 -5.517864 4.141000 129
2001.336100 -7.882662 3.621000 129
2001.338800 -3.460780 3.754000 129
2001.341500 0.405804 3.682000 129
2001.344300 -2.147931 3.799000 129
2001.347000 -7.316923 4.035000 129
2001.349800 -8.850235 4.218000 129
2001.352500 -2.593765 3.914000 129
2001.355200 -2.382547 4.674000 129
2001.360700 -2.972922 3.810000 129
2001.363400 -3.775421 3.973000 129
2001.366200 -6.837249 3.763000 129
2001.368900 -0.515196 4.482000 129
2001.390800 -2.266493 3.810000 129
2001.393600 -5.379384 3.881000 129
2001.396300 -5.514283 4.060000 129
2001.399000 -3.899359 3.892000 129
2001.401800 -2.808809 4.121000 129
2001.404500 3.616757 4.091000 129
2001.407300 2.307936 3.926000 129
2001.410000 0.649146 3.910000 129
2001.412700 -2.429819 3.904000 129
2001.415500 0.220809 3.779000 129
2001.418200 8.893485 3.826000 129
2001.420900 5.453983 3.745000 129
2001.423700 3.712052 3.794000 129
2001.426400 0.526184 4.045000 129
2001.429200 2.783869 3.988000 129
2001.431900 -1.083372 3.867000 129
2001.434600 -1.669801 4.025000 129
2001.437400 4.667294 3.913000 129
2001.440100 0.270476 3.847000 129
2001.442800 2.083463 3.940000 129
2001.445600 3.033943 3.871000 129
2001.448300 3.144522 3.951000 129
2001.451100 -0.177428 3.809000 129
2001.453800 3.615730 3.854000 129
2001.456500 -1.773324 3.882000 129
2001.459300 -2.512941 3.830000 129
2001.462000 3.546562 3.812000 129
2001.464800 4.963478 3.976000 129
2001.467500 -2.325476 4.031000 129
2001.470200 -0.228661 4.109000 129
2001.473000 -2.029470 4.095000 129
2001.475700 0.216866 4.052000 129
2001.478400 4.430960 4.001000 129
2001.481200 4.418393 3.805000 129
2001.483900 4.534987 3.838000 129
2001.486700 -2.175106 3.736000 129
2001.489400 -0.996026 3.836000 129
2001.492100 1.198797 3.857000 129
2001.494900 1.850895 3.656000 129
2001.497600 2.694188 4.033000 129
2001.500300 0.684216 4.031000 129
2001.503100 -3.649517 4.109000 129
2001.505800 -6.306033 3.688000 129
2001.508600 -7.539334 4.418000 129
2001.511300 -2.084400 3.678000 129
2001.514000 -1.454737 3.985000 129
2001.516800 2.523106 3.953000 129
2001.519500 1.818213 3.922000 129
2001.522200 -1.458952 4.099000 129
2001.525000 -0.559967 3.861000 129
2001.527700 4.610314 4.045000 129
2001.530500 -2.945273 3.990000 129
2001.533200 -0.771540 4.199000 129
2001.535900 5.777925 3.955000 129
2001.538700 -0.809501 3.626000 129
2001.541400 -1.261571 3.816000 129
2001.544100 -4.103898 3.964000 129
2001.546900 -1.100136 3.871000 129
2001.549600 -1.326977 4.072000 129
2001.552400 1.390262 3.869000 129
2001.555100 -1.062073 3.894000 129
2001.557800 -1.443642 3.859000 129
2001.563300 -0.428165 3.983000 129
2001.566100 -0.507121 4.024000 129
2001.568800 -1.104574 4.475000 129
2001.571500 -2.729224 3.822000 129
2001.574300 -3.285802 4.011000 129
2001.577000 0.002174 4.160000 129
2001.579700 0.696980 4.241000 129
2001.582500 -7.625128 3.891000 129
2001.585200 0.918367 3.834000 129
2001.588000 -2.167041 3.895000 129
2001.590700 0.308191 4.138000 129
2001.593400 -1.436689 4.060000 129
2001.596200 -4.964444 4.179000 129
2001.598900 -4.625507 4.220000 129
2001.601600 -4.220639 4.384000 129
2001.604400 -5.343611 4.071000 129
2001.607100 -8.429838 4.173000 129
2001.609900 -9.475875 4.027000 129
2001.612600 3.101869 3.885000 129
2001.615300 -5.919375 3.876000 129
2001.618100 -1.323377 4.182000 129
2001.620800 -1.056546 3.943000 129
2001.623500 -6.306649 3.709000 129
2001.626300 -5.207446 4.057000 129
2001.629000 -10.631359 4.047000 129
2001.631800 -2.579916 4.180000 129
2001.634500 1.521444 4.132000 129
2001.637200 -3.835032 4.193000 129
2001.640000 -4.858071 4.085000 129
2001.642700 3.046854 3.944000 129
2001.645400 -0.991993 3.820000 129
2001.648200 -0.937309 4.129000 129
2001.650900 -2.610620 4.028000 129
2001.653700 -3.519331 3.854000 129
2001.656400 -1.531012 3.953000 129
2001.659100 1.003651 4.229000 129
2001.661900 -3.794975 4.037000 129
2001.664600 -1.941536 4.318000 129
2001.667400 0.037693 3.848000 129
2001.670100 3.522007 4.214000 129
2001.672800 -4.256212 4.123000 129
2001.675600 -2.134512 4.121000 129
2001.678300 1.787296 4.221000 129
2001.681000 3.136648 4.143000 129
2001.683800 -2.558944 3.963000 129
2001.686500 2.108590 3.737000 129
2001.689300 -3.158720 4.025000 129
2001.692000 -4.307898 3.824000 129
2001.694700 0.028594 4.115000 129
2001.697500 2.635396 4.143000 129
2001.700200 -1.734666 4.199000 129
2001.702900 2.418019 3.872000 129
2001.705700 4.083176 3.913000 129
2001.708400 -8.811538 4.035000 129
2001.711200 1.345333 4.020000 129
2001.713900 0.569325 3.864000 129
2001.716600 0.458190 4.007000 129
2001.719400 5.859816 4.299000 129
2001.722100 1.055538 4.210000 129
2001.724800 -2.305791 3.967000 129
2001.727600 1.031821 3.972000 129
2001.730300 -2.568503 3.933000 129
2001.733100 1.589237 4.164000 129
2001.735800 2.930014 4.389000 129
2001.738500 -1.188143 3.956000 129
2001.741300 2.461953 4.133000 129
2001.744000 5.366034 4.131000 129
2001.746700 -2.646753 4.009000 129
2001.749500 2.146906 4.249000 129
2001.752200 -1.532513 4.365000 129
2001.755000 -0.238354 4.565000 129
2001.757700 2.568677 4.198000 129
2001.760400 3.915939 4.258000 129
2001.763200 4.530976 3.991000 129
2001.765900 3.335803 4.075000 129
2001.768700 -0.284464 3.619000 129
2001.771400 6.137996 4.186000 129
2001.774100 4.567774 4.179000 129
2001.776900 5.146655 4.065000 129
2001.779600 7.377161 4.061000 129
2001.782300 3.307028 4.192000 129
2001.785100 5.365192 3.905000 129
2001.787800 -0.175131 3.996000 129
2001.790600 4.685973 4.128000 129
2001.793300 5.068507 4.178000 129
2001.796000 0.929458 4.295000 129
2001.798800 2.674025 4.144000 129
2001.801500 5.650891 4.106000 129
2001.804200 4.536199 4.520000 129
2001.807000 2.334308 4.496000 129
2001.809700 11.195573 4.753000 129
2001.812500 4.612760 4.167000 129
2001.815200 5.941001 4.101000 129
2001.817900 0.327709 4.250000 129
2001.820700 2.584511 3.941000 129
2001.823400 4.347211 4.543000 129
2001.826100 2.925379 3.840000 129
2001.828900 3.991809 4.148000 129
2001.831600 4.734969 3.935000 129
2001.834400 3.374496 3.887000 129
2001.837100 18.245635 4.155000 129
2001.839800 3.331231 4.147000 129
2001.842600 -1.980656 4.015000 129
2001.845300 4.108890 4.006000 129
2001.848000 -0.016126 4.782000 129
2001.850800 6.456516 4.146000 129
2001.853500 -5.369598 4.146000 129
2001.856300 -1.921966 4.064000 129
2001.859000 2.105782 4.051000 129
2001.861700 0.078918 3.903000 129
2001.864500 1.091918 4.075000 129
2001.867200 4.592840 4.182000 129
2001.870000 -5.297301 4.198000 129
2001.872700 -1.346653 4.034000 129
2001.875400 1.394309 4.162000 129
2001.878200 0.316305 3.845000 129
2001.880900 0.579890 3.977000 129
2001.883600 -5.788267 3.990000 129
2001.886400 -5.137305 4.513000 129
2001.889100 1.103043 4.086000 129
2001.891900 -5.299444 4.457000 129
2001.894600 11.120319 4.232000 129
2001.897300 9.254233 4.968000 129
2001.900100 6.473372 4.314000 129
2001.902800 5.971558 4.110000 129
2001.905500 5.835821 3.866000 129
2001.908300 4.402352 4.235000 129
2001.911000 5.949729 3.861000 129
2001.913800 3.297395 4.093000 129
2001.916500 3.513773 3.939000 129
2001.919200 0.597092 3.928000 129
2001.922000 1.695716 3.937000 129
2001.924700 0.274858 3.743000 129
2001.927400 2.307849 3.800000 129
2001.930200 -0.591851 3.810000 129
2001.932900 -4.265225 3.917000 129
2001.935700 -5.981297 3.759000 129
2001.938400 0.301832 3.703000 129
2001.941100 4.193651 3.980000 129
2001.943900 7.792747 3.873000 129
2001.946600 -1.153135 3.955000 129
2001.949300 -1.068430 3.867000 129
2001.952100 5.006514 3.895000 129
2001.954800 -0.246692 3.838000 129
2001.957600 -0.705692 3.773000 129
2001.960300 -1.880952 3.782000 129
2001.963000 -2.311802 3.972000 129
2001.965800 -1.151509 3.834000 129
2001.968500 -4.210632 3.919000 129
2001.971300 1.612337 3.782000 129
2001.974000 -5.308208 4.043000 129
2001.976700 -3.521524 3.930000 129
2001.979500 -5.091833 3.907000 129
2001.982200 -8.503794 3.740000 129
2001.984900 -10.778635 3.492000 129
2001.987700 -0.222568 3.587000 129
2001.990400 -0.962278 3.855000 129
2001.993200 -1.238151 3.727000 129
2001.995900 -3.802878 3.560000 129
2001.998600 -2.050668 3.798000 129
2002.001400 -1.367739 4.102000 129
2002.004100 -2.476766 3.564000 129
2002.006800 1.752036 3.887000 129
2002.009600 -4.643571 3.729000 129
2002.012300 -5.266223 3.704000 129
2002.015100 -5.128376 3.912000 129
2002.017800 -7.731625 3.792000 129
2002.020500 -4.142219 4.050000 129
2002.023300 1.633544 4.244000 129
2002.026000 -8.792853 3.951000 129
2002.028700 -4.597695 3.960000 129
2002.031500 -4.715331 4.022000 129
2002.034200 -0.094177 3.889000 129
2002.037000 2.617078 3.924000 129
2002.039700 3.608099 3.925000 129
2002.042400 -1.359482 3.874000 129
2002.045200 1.784878 3.697000 129
2002.047900 -1.529020 3.629000 129
2002.050700 -3.703088 3.701000 129
2002.053400 -1.214420 3.759000 129
2002.056100 -2.137499 3.786000 129
2002.058900 5.610085 3.941000 129
2002.061600 -6.056594 4.043000 129
2002.064300 -7.608097 3.710000 129
2002.067100 -3.775107 3.681000 129
2002.069800 1.700636 3.831000 129
2002.072600 -1.812243 3.749000 129
2002.075300 5.719652 3.793000 129
2002.078000 0.896606 3.545000 129
2002.080800 0.507765 3.636000 129
2002.083500 1.850740 3.589000 129
2002.086200 -3.302286 3.609000 129
2002.089000 -4.827279 3.880000 129
2002.091700 -4.186400 3.877000 129
2002.094500 -4.642603 3.828000 129
2002.097200 0.413110 4.074000 129
2002.099900 0.962738 3.933000 129
2002.102700 1.595115 3.886000 129
2002.105400 5.796487 3.775000 129
2002.108100 -4.615269 4.224000 129
2002.110900 -7.936440 3.830000 129
2002.113600 -1.607527 3.838000 129
2002.116400 2.437861 3.758000 129
2002.119100 0.507401 3.792000 129
2002.121800 -5.343238 4.108000 129
2002.124600 -5.129560 3.904000 129
2002.127300 -4.613622 3.677000 129
2002.130000 3.888118 3.852000 129
2002.132800 3.239020 3.803000 129
2002.135500 2.252302 3.571000 129
2002.138300 1.318648 4.025000 129
2002.141000 -4.179541 4.052000 129
2002.143700 -8.318947 3.890000 129
2002.146500 -3.790432 4.087000 129
2002.149200 2.303681 3.891000 129
2002.152000 -0.952376 3.690000 129
2002.154700 -7.506742 4.037000 129
2002.157400 -2.978322 3.913000 129
2002.160200 -2.613203 4.128000 129
2002.162900 1.037753 4.120000 129
2002.165600 -1.836494 3.538000 129
2002.168400 -4.452165 3.756000 129
2002.171100 -5.428849 3.749000 129
2002.173900 -1.647033 4.079000 129
2002.176600 -0.582127 4.028000 129
2002.179300 4.000607 3.919000 129
2002.182100 1.062732 4.137000 129
2002.184800 -1.357895 4.033000 129
2002.187500 0.529332 4.538000 129
2002.190300 3.266850 4.081000 129
2002.193000 -1.063224 4.257000 129
2002.195800 0.030930 4.242000 129
2002.198500 7.996600 3.912000 129
2002.201200 2.780180 3.867000 129
2002.204000 4.806903 3.895000 129
2002.206700 4.215303 4.104000 129
2002.209400 -3.127347 4.184000 129
2002.212200 -1.037930 4.062000 129
2002.214900 -3.548677 4.079000 129
2002.217700 -5.057403 3.839000 129
2002.220400 1.480815 3.983000 129
2002.223100 6.574057 3.948000 129
2002.225900 2.154257 4.193000 129
2002.228600 4.444558 4.347000 129
2002.231300 2.588932 3.823000 129
2002.234100 0.392208 4.114000 129
2002.236800 -2.055259 4.034000 129
2002.239600 2.296145 4.028000 129
2002.242300 -3.440092 3.866000 129
2002.245000 1.667827 4.170000 129
2002.247800 3.389575 3.869000 129
2002.250500 9.772829 3.930000 129
2002.253300 6.341888 3.943000 129
2002.256000 1.185549 4.121000 129
2002.258700 1.997456 3.757000 129
2002.261500 5.825135 4.111000 129
2002.264200 3.783557 3.869000 129
2002.266900 6.023276 4.050000 129
2002.269700 4.086743 3.822000 129
2002.272400 6.627086 3.866000 129
2002.275200 -0.620838 3.897000 129
2002.277900 2.632199 4.118000 129
2002.280600 -1.181379 4.294000 129
2002.283400 4.680761 4.069000 129
2002.286100 8.331983 4.497000 129
2002.288800 7.983641 4.345000 129
2002.291600 3.873004 3.964000 129
2002.294300 5.387563 4.567000 129
2002.297100 0.191821 4.240000 129
2002.299800 4.971347 4.068000 129
2002.302500 4.156390 3.983000 129
2002.305300 1.808125 3.785000 129
2002.308000 3.442230 3.741000 129
2002.310700 -0.137104 3.861000 129
2002.313500 4.521250 3.966000 129
2002.316200 -0.145934 3.681000 129
2002.319000 9.067568 3.632000 129
2002.321700 2.891591 3.934000 129
2002.324400 -1.192755 3.857000 129
2002.327200 6.218582 3.941000 129
2002.329900 7.025520 3.841000 129
2002.332600 5.079124 3.669000 129
2002.335400 3.484412 3.770000 129
2002.338100 -1.350628 3.594000 129
2002.340900 4.287014 3.842000 129
2002.343600 6.455373 3.872000 129
2002.346300 7.384453 3.824000 129
2002.349100 1.423212 3.585000 129
2002.351800 0.077748 3.472000 129
2002.354600 4.335963 3.913000 129
2002.357300 0.431991 3.916000 129
2002.360000 0.071781 3.770000 129
2002.362800 0.669246 3.735000 129
2002.365500 4.862572 3.829000 129
2002.368200 1.857681 4.070000 129
2002.371000 2.113459 3.774000 129
2002.373700 -0.647859 3.777000 129
2002.376500 4.117486 4.042000 129
2002.379200 2.825761 3.771000 129
2002.381900 1.688843 3.857000 129
2002.384700 4.272579 3.650000 129
2002.387400 3.803278 3.624000 129
2002.390100 5.557792 3.715000 129
2002.392900 -0.037051 3.782000 129
2002.395600 1.806097 3.935000 129
2002.398400 0.659877 3.616000 129
2002.401100 2.775663 3.866000 129
2002.403800 1.491275 3.761000 129
2002.406600 2.676501 3.693000 129
2002.409300 5.910756 3.939000 129
2002.412000 5.295836 3.868000 129
2002.414800 6.309512 3.908000 129
2002.417500 9.070234 4.021000 129
2002.420300 9.158536 3.880000 129
2002.423000 3.983895 3.784000 129
2002.425700 1.302075 3.891000 129
2002.428500 3.581809 3.962000 129
2002.431200 6.603615 4.050000 129
2002.433900 6.558235 3.695000 129
2002.436700 4.364382 3.776000 129
2002.439400 5.442614 3.802000 129
2002.442200 4.887353 4.138000 129
2002.444900 4.428185 3.956000 129
2002.447600 5.853817 3.794000 129
2002.450400 7.647923 3.970000 129
2002.453100 8.981135 3.677000 129
2002.455900 4.107799 3.866000 129
2002.458600 6.586578 3.803000 129
2002.461300 7.291138 3.724000 129
2002.464100 4.949114 4.170000 129
2002.466800 2.571219 3.691000 129
2002.469500 7.004094 4.086000 129
2002.472300 5.890348 3.864000 129
2002.475000 6.852746 3.914000 129
2002.477800 0.951497 3.920000 129
2002.480500 2.458402 3.788000 129
2002.483200 7.593060 4.208000 129
2002.486000 0.658035 4.074000 129
2002.488700 4.146181 3.999000 129
2002.491400 0.592071 3.929000 129
2002.494200 2.378239 3.746000 129
2002.496900 -1.262400 3.945000 129
2002.499700 3.017214 3.952000 129
2002.502400 1.735036 3.884000 129
2002.505100 3.834589 3.928000 129
2002.507900 5.267361 3.811000 129
2002.510600 4.958365 3.886000 129
2002.513300 -1.346902 3.785000 129
2002.516100 -4.276985 3.940000 129
2002.518800 2.348193 3.986000 129
2002.521600 5.238534 3.883000 129
2002.524300 -0.431843 3.921000 129
2002.527000 -6.118492 3.973000 129
2002.529800 6.474994 3.707000 129
2002.532500 0.651795 3.944000 129
2002.535200 0.678330 4.084000 129
2002.538000 7.627974 3.910000 129
2002.540700 -4.378028 3.917000 129
2002.543500 -2.437933 4.006000 129
2002.546200 3.269541 3.865000 129
2002.548900 -1.257236 3.552000 129
2002.551700 4.378069 3.841000 129
2002.554400 2.356796 3.962000 129
2002.557200 -2.856403 3.935000 129
2002.559900 -8.663150 3.989000 129
2002.562600 -2.698119 3.825000 129
2002.565400 -2.429019 4.096000 129
2002.568100 -0.938419 3.919000 129
2002.570800 -5.217019 3.972000 129
2002.573600 -3.415547 3.873000 129
2002.576300 -4.963526 3.826000 129
2002.579100 -0.753426 3.856000 129
2002.581800 -2.365744 3.697000 129
2002.584500 1.318789 4.093000 129
2002.587300 0.506416 3.943000 129
2002.590000 0.807678 3.866000 129
2002.592700 -3.339173 3.734000 129
2002.595500 1.874096 3.823000 129
2002.598200 -4.534946 3.849000 129
2002.601000 -3.091845 3.875000 129
2002.603700 -6.091021 3.803000 129
2002.606400 -1.173240 3.837000 129
2002.609200 0.901728 3.785000 129
2002.611900 -1.229528 3.970000 129
2002.614600 1.307223 4.004000 129
2002.617400 0.578212 3.841000 129
2002.620100 -2.156971 3.999000 129
2002.622900 0.887126 3.869000 129
2002.625600 5.319086 3.999000 129
2002.628300 -0.757856 3.988000 129
2002.631100 -0.799448 4.046000 129
2002.633800 -4.663128 3.820000 129
2002.636600 1.675595 4.093000 129
2002.639300 -3.533739 3.999000 129
2002.642000 -1.525870 3.811000 129
2002.644800 -0.049511 3.822000 129
2002.647500 0.265836 3.856000 129
2002.650200 0.341452 4.135000 129
2002.653000 -3.096343 3.845000 129
2002.655700 -1.239109 3.996000 129
2002.658500 0.502787 3.909000 129
2002.661200 4.776735 3.978000 129
2002.663900 2.408070 4.121000 129
2002.666700 -2.199816 4.003000 129
2002.669400 -0.827619 4.089000 129
2002.672100 8.050039 3.907000 129
2002.674900 4.420604 4.164000 129
2002.677600 0.186276 3.878000 129
2002.680400 -0.975053 3.978000 129
2002.683100 10.179738 4.029000 129
2002.685800 17.669115 4.530000 129
2002.688600 5.151636 3.992000 129
2002.691300 -0.621712 3.954000 129
2002.694000 3.960604 3.975000 129
2002.696800 6.060216 3.862000 129
2002.699500 8.185964 4.239000 129
2002.702300 1.874115 3.889000 129
2002.705000 2.558399 4.002000 129
2002.707700 -1.963524 3.932000 129
2002.710500 8.585123 3.957000 129
2002.713200 11.787892 4.061000 129
2002.715900 -0.197472 3.855000 129
2002.718700 7.387909 4.060000 129
2002.721400 6.280390 4.147000 129
2002.724200 2.692736 4.254000 129
2002.726900 1.169161 3.957000 129
2002.729600 6.205576 3.964000 129
2002.732400 4.065040 4.013000 129
2002.735100 8.842544 3.914000 129
2002.737900 17.016224 4.053000 129
2002.740600 9.550910 4.216000 129
2002.743300 13.047702 4.082000 129
2002.746100 14.439860 4.077000 129
2002.748800 7.338966 4.537000 129
2002.751500 1.266241 4.321000 129
2002.754300 7.945077 4.243000 129
2002.757000 5.937792 4.101000 129
2002.759800 1.512199 3.808000 129
2002.762500 3.465432 4.062000 129
2002.765200 9.640928 4.061000 129
2002.768000 5.625314 4.078000 129
2002.770700 8.939436 4.007000 129
2002.773400 4.323871 4.060000 129
2002.776200 8.573392 4.199000 129
2002.778900 3.342548 4.241000 129
2002.781700 -0.646079 3.871000 129
2002.784400 7.753854 4.297000 129
2002.787100 4.907171 4.067000 129
2002.789900 12.955898 4.182000 129
2002.792600 10.877065 3.841000 129
2002.795300 11.560648 3.949000 129
2002.798100 11.882832 3.836000 129
2002.800800 7.645325 3.891000 129
2002.803600 10.723543 3.889000 129
2002.806300 12.093977 4.070000 129
2002.809000 8.455865 3.940000 129
2002.811800 12.055658 4.019000 129
2002.814500 15.673520 4.383000 129
2002.817200 9.146847 4.323000 129
2002.820000 6.137255 3.834000 129
2002.822700 8.137573 4.112000 129
2002.825500 16.516085 4.020000 129
2002.828200 7.684396 4.077000 129
2002.830900 7.283175 3.935000 129
2002.833700 10.698309 3.789000 129
2002.836400 3.196069 3.916000 129
2002.839200 6.665287 4.090000 129
2002.841900 11.029012 3.976000 129
2002.844600 10.544184 4.024000 129
2002.847400 7.527957 4.201000 129
2002.850100 14.503054 4.135000 129
2002.852800 12.837573 4.300000 129
2002.855600 15.513827 4.275000 129
2002.858300 16.595213 3.892000 129
2002.861100 7.911416 3.955000 129
2002.863800 2.309623 3.653000 129
2002.866500 2.916193 3.820000 129
2002.869300 6.049692 3.950000 129
2002.872000 5.571996 3.929000 129
2002.874700 3.709619 4.034000 129
2002.877500 5.518269 3.835000 129
2002.880200 -1.553477 3.872000 129
2002.883000 -3.537136 3.796000 129
2002.885700 -7.904327 3.721000 129
2002.888400 -2.880293 3.808000 129
2002.891200 2.938901 3.771000 129
2002.893900 9.926361 3.634000 129
2002.896600 2.764979 3.787000 129
2002.899400 6.083817 3.676000 129
2002.902100 2.558720 3.770000 129
2002.904900 4.265874 3.982000 129
2002.907600 2.946957 4.000000 129
2002.910300 1.078071 3.690000 129
2002.913100 6.063472 3.747000 129
2002.915800 1.850602 3.722000 129
2002.918500 4.604679 3.684000 129
2002.921300 7.057062 3.832000 129
2002.924000 8.966979 4.161000 129
2002.926800 6.503205 3.951000 129
2002.929500 7.067836 3.829000 129
2002.932200 8.411261 3.768000 129
2002.935000 6.884989 3.885000 129
2002.937700 9.617935 3.843000 129
2002.940500 6.742170 3.791000 129
2002.943200 10.237501 3.813000 129
2002.945900 10.903461 3.723000 129
2002.948700 12.419679 3.805000 129
2002.951400 11.517816 3.790000 129
2002.954100 10.620480 4.097000 129
2002.956900 14.470354 4.302000 129
2002.959600 15.615982 3.971000 129
2002.962400 11.282779 3.895000 129
2002.965100 4.507224 4.339000 129
2002.967800 9.981017 4.278000 129
2002.970600 10.314909 3.843000 129
2002.973300 4.734298 3.852000 129
2002.976000 11.743927 3.880000 129
2002.978800 4.169569 3.799000 129
2002.981500 4.698571 3.922000 129
2002.984300 7.933524 3.816000 129
2002.987000 5.000751 4.189000 129
2002.989700 2.131033 4.066000 129
2002.992500 8.944161 4.019000 129
2002.995200 5.378444 3.856000 129
2002.997900 7.257674 3.600000 129
2003.000700 7.215633 3.801000 129
2003.003400 3.999644 3.776000 129
2003.006200 -0.474700 3.913000 129
2003.008900 9.392946 3.849000 129
2003.011600 5.332359 3.912000 129
2003.014400 -0.094716 3.810000 129
2003.017100 0.405119 3.549000 129
2003.019800 4.827618 3.639000 129
2003.022600 7.840486 3.614000 129
2003.025300 5.966198 3.677000 129
2003.028100 3.736180 3.783000 129
2003.030800 -0.105030 3.670000 129
2003.033500 -3.045741 3.874000 129
2003.036300 -1.748337 3.787000 129
2003.039000 1.914835 3.959000 129
2003.041800 0.961016 3.718000 129
2003.044500 2.870946 3.933000 129
2003.047200 2.441222 3.942000 129
2003.050000 3.979343 3.898000 129
2003.052700 5.430199 3.841000 129
2003.055400 7.246316 3.810000 129
2003.058200 9.917111 3.736000 129
2003.060900 8.221642 3.978000 129
2003.063700 13.734735 3.935000 129
2003.066400 9.216575 4.005000 129
2003.069100 -0.044453 3.994000 129
2003.071900 1.201911 3.844000 129
2003.074600 10.858046 3.748000 129
2003.077300 3.855246 3.895000 129
2003.080100 11.877666 3.955000 129
2003.082800 2.458897 3.791000 129
2003.085600 8.744233 3.998000 129
2003.088300 10.459415 3.892000 129
2003.091000 7.082565 3.915000 129
2003.093800 6.287647 3.678000 129
2003.096500 7.503640 3.882000 129
2003.099200 8.456550 3.952000 129
2003.102000 8.930225 3.856000 129
2003.104700 9.533887 3.780000 129
2003.107500 6.215200 3.866000 129
2003.110200 8.531560 4.001000 129
2003.112900 6.424773 3.916000 129
2003.115700 6.730474 3.821000 129
2003.118400 2.607318 3.819000 129
2003.121100 7.093985 3.999000 129
2003.123900 4.272983 3.974000 129
2003.126600 5.828231 3.891000 129
2003.129400 4.478705 3.784000 129
2003.132100 11.137509 4.110000 129
2003.134800 8.733104 3.482000 129
2003.137600 10.682777 3.781000 129
2003.140300 10.817902 3.674000 129
2003.143100 12.995007 3.604000 129
2003.145800 11.700654 3.588000 129
2003.148500 10.251083 3.853000 129
2003.151300 14.670353 3.680000 129
2003.154000 11.111302 3.655000 129
2003.156700 6.037037 3.717000 129
2003.159500 11.783482 3.726000 129
2003.162200 7.186751 3.700000 129
2003.165000 9.922646 3.647000 129
2003.167700 11.477465 3.664000 129
2003.170400 16.809091 3.661000 129
2003.173200 12.782224 3.496000 129
2003.175900 5.564436 3.527000 129
2003.178600 12.269473 3.814000 129
2003.181400 11.289910 3.802000 129
2003.184100 8.279581 3.656000 129
2003.186900 6.310584 3.621000 129
2003.189600 10.443927 3.740000 129
2003.192300 10.424143 3.592000 129
2003.195100 10.462596 3.882000 129
2003.197800 10.051550 3.862000 129
2003.200500 16.395411 3.862000 129
2003.203300 11.206423 3.770000 129
2003.206000 15.749097 3.621000 129
2003.208800 16.044869 3.711000 129
2003.211500 13.176411 3.509000 129
2003.214200 10.461929 3.568000 129
2003.217000 7.919472 3.854000 129
2003.219700 8.468946 3.752000 129
2003.222500 8.305402 3.768000 129
2003.225200 7.211895 3.716000 129
2003.227900 5.431440 3.861000 129
2003.230700 8.326909 3.625000 129
2003.233400 9.872572 3.935000 129
2003.236100 2.503336 3.756000 129
2003.238900 -0.755026 3.755000 129
2003.241600 3.164958 3.727000 129
2003.244400 2.961787 3.658000 129
2003.247100 11.857062 4.114000 129
2003.249800 16.986525 3.567000 129
2003.252600 11.575794 3.723000 129
2003.255300 9.802654 3.543000 129
2003.258000 12.082755 3.670000 129
2003.260800 11.753631 3.599000 129
2003.263500 7.172237 3.506000 129
2003.266300 0.937601 3.593000 129
2003.269000 8.387787 3.707000 129
2003.271700 12.439300 3.784000 129
2003.274500 8.107550 3.544000 129
2003.277200 7.235749 3.659000 129
2003.279900 9.523329 3.540000 129
2003.282700 12.137628 3.577000 129
2003.285400 13.626999 3.623000 129
2003.288200 9.739079 3.639000 129
2003.290900 13.504310 3.624000 129
2003.293600 7.148005 3.556000 129
2003.296400 9.930400 3.742000 129
2003.299100 8.808054 3.632000 129
2003.301800 12.158221 3.471000 129
2003.304600 10.339080 3.719000 129
2003.307300 10.826301 3.460000 129
2003.310100 7.620211 3.714000 129
2003.312800 9.822545 3.551000 129
2003.315500 13.567467 3.719000 129
2003.318300 12.058074 3.573000 129
2003.321000 10.669195 3.594000 129
2003.323800 8.132001 3.481000 129
2003.326500 9.418375 3.733000 129
2003.329200 9.171401 3.723000 129
2003.332000 9.376110 3.656000 129
2003.334700 9.828464 3.448000 129
2003.337400 11.679504 3.479000 129
2003.340200 11.367225 3.496000 129
2003.342900 12.521659 3.382000 129
2003.345700 13.582773 3.457000 129
2003.348400 14.723641 3.483000 129
2003.351100 7.867245 3.441000 129
2003.353900 1.557526 3.579000 129
2003.356600 10.150618 3.405000 129
2003.359300 12.062469 3.435000 129
2003.362100 8.252995 3.411000 129
2003.364800 10.848379 3.449000 129
2003.367600 11.231435 3.562000 129
2003.370300 9.935378 3.455000 129
2003.373000 7.518113 3.504000 129
2003.375800 7.661512 3.553000 129
2003.378500 5.530838 3.558000 129
2003.381200 6.939970 3.388000 129
2003.384000 4.999756 3.562000 129
2003.386700 10.697503 3.699000 129
2003.389500 9.466897 3.500000 129
2003.392200 11.705271 3.665000 129
2003.394900 10.408464 3.631000 129
2003.397700 10.199292 3.673000 129
2003.400400 8.671124 3.767000 129
2003.403100 10.891781 3.707000 129
2003.405900 9.246055 4.030000 129
2003.408600 11.497355 3.839000 129
2003.411400 12.036259 3.426000 129
2003.414100 13.381203 3.550000 129
2003.416800 10.513971 3.691000 129
2003.419600 12.519321 3.576000 129
2003.422300 14.655727 3.520000 129
2003.425100 10.822698 3.600000 129
2003.427800 10.630736 3.804000 129
2003.430500 11.228591 3.452000 129
2003.433300 13.684984 3.689000 129
2003.436000 17.994457 3.722000 129
2003.438700 13.847739 3.738000 129
2003.441500 14.414530 3.650000 129
2003.444200 10.149414 3.692000 129
2003.447000 10.333786 3.617000 129
2003.449700 11.667260 3.671000 129
2003.452400 9.396526 3.873000 129
2003.455200 8.021247 3.667000 129
2003.457900 9.146081 3.812000 129
2003.460600 8.208699 3.596000 129
2003.463400 14.907735 3.625000 129
2003.466100 13.337898 3.829000 129
2003.468900 17.293456 3.744000 129
2003.471600 14.430151 3.613000 129
2003.474300 16.109610 3.618000 129
2003.477100 13.842426 3.655000 129
2003.479800 7.204394 3.931000 129
2003.482500 9.207117 3.486000 129
2003.485300 10.101159 3.911000 129
2003.488000 13.745371 3.626000 129
2003.490800 12.379877 3.828000 129
2003.493500 10.910566 3.750000 129
2003.496200 4.019994 3.574000 129
2003.499000 7.517679 3.615000 129
2003.501700 6.986570 3.702000 129
2003.504400 7.087194 3.754000 129
2003.507200 9.343038 3.675000 129
2003.509900 9.896112 3.957000 129
2003.512700 12.658385 3.731000 129
2003.515400 12.389906 3.753000 129
2003.518100 3.870154 3.745000 129
2003.520900 9.466568 3.792000 129
2003.523600 7.687262 3.688000 129
2003.526400 4.074101 3.843000 129
2003.529100 6.711242 3.733000 129
2003.531800 5.232113 3.753000 129
2003.534600 1.350104 3.858000 129
2003.537300 2.058432 4.053000 129
2003.540000 6.618497 3.897000 129
2003.542800 3.744661 3.709000 129
2003.545500 2.245201 3.745000 129
2003.548300 2.881828 3.735000 129
2003.551000 7.897860 3.788000 129
2003.553700 0.357648 3.676000 129
2003.556500 5.157512 3.795000 129
2003.559200 12.336825 3.839000 129
2003.561900 12.309912 3.696000 129
2003.564700 7.124070 3.667000 129
2003.567400 1.910723 3.593000 129
2003.570200 6.255446 3.685000 129
2003.572900 3.753696 3.827000 129
2003.575600 5.458763 3.862000 129
2003.578400 10.814908 3.713000 129
2003.581100 6.477631 3.747000 129
2003.583800 7.131201 3.515000 129
2003.586600 14.582865 3.713000 129
2003.589300 10.092159 3.848000 129
2003.592100 8.342562 3.742000 129
2003.594800 6.124631 3.724000 129
2003.597500 8.604609 3.655000 129
2003.600300 13.498728 3.765000 129
2003.603000 7.023566 3.617000 129
2003.605700 6.450357 3.595000 129
2003.608500 6.936330 3.539000 129
2003.611200 8.215075 3.509000 129
2003.614000 6.422036 3.599000 129
2003.616700 9.670803 3.527000 129
2003.619400 6.211608 3.701000 129
2003.622200 6.992687 3.696000 129
2003.624900 3.373624 3.608000 129
2003.627700 1.824881 3.722000 129
2003.630400 11.734029 3.989000 129
2003.633100 6.333312 3.635000 129
2003.635900 5.498989 3.795000 129
2003.638600 11.951607 3.627000 129
2003.641300 17.263421 3.704000 129
2003.644100 10.107717 3.596000 129
2003.646800 0.522998 3.582000 129
2003.649600 8.639827 3.628000 129
2003.652300 7.248668 3.753000 129
2003.655000 9.990817 3.770000 129
2003.657800 13.185620 3.864000 129
2003.660500 4.370471 3.730000 129
2003.663200 8.352704 3.543000 129
2003.666000 16.105705 3.755000 129
2003.668700 -0.208213 3.752000 129
2003.671500 4.548722 3.549000 129
2003.674200 11.770755 3.736000 129
2003.676900 6.508292 3.510000 129
2003.679700 12.934816 3.680000 129
2003.682400 14.552458 3.762000 129
2003.685100 18.207681 3.664000 129
2003.687900 15.000035 3.608000 129
2003.690600 17.268519 3.639000 129
2003.693400 10.441234 3.558000 129
2003.696100 7.067085 3.564000 129
2003.698800 10.936644 3.687000 129
2003.701600 12.538594 3.460000 129
2003.704300 9.642676 3.568000 129
2003.707000 18.206545 3.521000 129
2003.709800 12.044970 3.746000 129
2003.712500 6.763517 3.692000 129
2003.715300 12.257736 3.473000 129
2003.718000 14.271065 3.530000 129
2003.720700 8.760305 3.580000 129
2003.723500 7.474395 3.836000 129
2003.726200 9.945567 3.709000 129
2003.729000 8.944711 3.778000 129
2003.731700 10.400913 3.735000 129
2003.734400 13.039146 3.714000 129
2003.737200 11.001538 3.870000 129
2003.739900 7.474942 3.841000 129
2003.742600 9.075444 3.939000 129
2003.745400 10.336298 3.765000 129
2003.748100 9.963105 3.973000 129
2003.750900 8.682392 3.857000 129
2003.753600 11.698589 3.517000 129
2003.756300 1.158989 3.536000 129
2003.759100 5.717065 3.661000 129
2003.761800 9.297973 3.682000 129
2003.764500 9.055140 4.003000 129
2003.767300 5.126180 3.739000 129
2003.770000 10.808964 3.824000 129
2003.772800 10.400752 3.791000 129
2003.775500 10.057219 3.585000 129
2003.778200 2.839025 3.677000 129
2003.781000 4.897032 3.622000 129
2003.783700 7.758609 3.710000 129
2003.786400 8.893566 3.800000 129
2003.789200 7.879917 3.913000 129
2003.791900 4.804720 3.830000 129
2003.794700 3.988044 3.561000 129
2003.797400 7.669734 3.599000 129
2003.800100 5.247855 3.487000 129
2003.802900 4.013685 3.823000 129
2003.805600 4.677743 3.897000 129
2003.808400 3.170634 3.735000 129
2003.811100 7.194655 3.958000 129
2003.813800 2.572137 3.662000 129
2003.816600 -0.789371 3.728000 129
2003.819300 3.076097 3.910000 129
2003.822000 1.649034 3.477000 129
2003.824800 11.245151 4.539000 129
2003.827500 14.510082 5.410000 129
2003.830300 5.349301 4.870000 129
2003.833000 10.816220 3.677000 129
2003.835700 11.538602 3.568000 129
2003.838500 12.538428 3.520000 129
2003.841200 10.888777 3.822000 129
2003.843900 9.553575 3.577000 129
2003.846700 3.856962 3.661000 129
2003.849400 6.391688 3.681000 129
2003.852200 8.722094 3.667000 129
2003.854900 11.812714 3.597000 129
2003.857600 9.120738 3.824000 129
2003.860400 2.928568 3.675000 129
2003.863100 5.692419 3.590000 129
2003.865800 13.879637 3.689000 129
2003.868600 12.664774 3.676000 129
2003.871300 10.633734 3.603000 129
2003.874100 2.761682 3.578000 129
2003.876800 7.624318 3.664000 129
2003.879500 7.103242 3.508000 129
2003.882300 7.816245 3.733000 129
2003.885000 8.959734 4.165000 129
2003.887700 11.797452 4.160000 129
2003.890500 18.257325 3.781000 129
2003.893200 8.546481 3.832000 129
2003.896000 13.201835 3.599000 129
2003.898700 14.779337 3.748000 129
2003.901400 12.424954 3.636000 129
2003.904200 3.104820 3.560000 129
2003.906900 3.244631 3.544000 129
2003.909700 8.370717 3.729000 129
2003.912400 8.160615 3.694000 129
2003.915100 7.034495 3.685000 129
2003.917900 9.524674 3.684000 129
2003.920600 12.805468 3.588000 129
2003.923300 10.012157 3.684000 129
2003.926100 7.431156 3.760000 129
2003.928800 10.986576 3.674000 129
2003.931600 15.197303 3.720000 129
2003.934300 16.647324 3.727000 129
2003.937000 8.911084 3.681000 129
2003.939800 13.338135 3.504000 129
2003.942500 11.134297 3.562000 129
2003.945200 13.751098 3.558000 129
2003.948000 8.657159 3.625000 129
2003.950700 11.450154 3.619000 129
2003.953500 10.906381 3.526000 129
2003.956200 5.890430 3.707000 129
2003.958900 4.774944 3.742000 129
2003.961700 5.334632 3.650000 129
2003.964400 9.614981 3.658000 129
2003.967100 10.493687 3.401000 129
2003.969900 14.224499 3.689000 129
2003.972600 7.739821 3.486000 129
2003.978100 11.437983 3.598000 129
2003.980800 15.855946 3.309000 129
2003.983600 14.073868 3.430000 129
2003.986300 9.998074 3.356000 129
2003.989000 6.011345 3.403000 129
2003.991800 7.850471 3.381000 129
2003.994500 8.969763 3.627000 129
2003.997300 10.858833 3.526000 129
2004.000000 12.505997 3.610000 129
2004.002700 10.481044 3.747000 129
2004.005500 7.093747 3.648000 129
2004.008200 7.024447 3.588000 129
2004.011000 6.813715 3.453000 129
2004.013700 7.937924 3.457000 129
2004.016400 5.952841 3.624000 129
2004.019200 5.917186 3.572000 129
2004.021900 4.432401 3.700000 129
2004.024600 5.866221 3.636000 129
2004.027400 6.133323 3.567000 129
2004.030100 2.589238 3.719000 129
2004.032900 3.632332 3.512000 129
2004.035600 -5.269790 3.586000 129
2004.038300 7.920531 3.655000 129
2004.041100 9.067875 3.699000 129
2004.043800 4.201970 3.670000 129
2004.046500 7.286418 3.506000 129
2004.049300 10.556726 3.673000 129
2004.052000 4.879769 3.655000 129
2004.054800 8.569559 3.589000 129
2004.057500 2.804083 3.624000 129
2004.060200 8.707822 3.678000 129
2004.063000 15.492138 3.805000 129
2004.065700 16.343198 3.497000 129
2004.068400 8.284398 3.532000 129
2004.071200 2.247003 3.722000 129
2004.073900 7.548377 3.738000 129
2004.076700 4.327043 3.623000 129
2004.079400 0.030501 3.575000 129
2004.082100 11.148988 3.587000 129
2004.084900 2.086593 3.537000 129
2004.087600 0.959040 3.665000 129
2004.090300 8.014459 3.677000 129
2004.093100 7.898826 3.673000 129
2004.095800 4.330097 3.444000 129
2004.098600 3.864201 3.530000 129
2004.101300 6.770260 3.519000 129
2004.104000 4.606211 3.544000 129
2004.106800 3.020828 3.379000 129
2004.109500 2.793484 3.675000 129
2004.112300 4.152695 3.647000 129
2004.115000 4.205008 4.032000 129
2004.117700 6.471156 3.605000 129
2004.120500 6.649698 3.641000 129
2004.123200 6.850445 3.919000 129
2004.125900 4.710003 3.658000 129
2004.128700 -0.376200 3.667000 129
2004.131400 4.712916 3.783000 129
2004.134200 5.215169 3.800000 129
2004.136900 7.513823 3.657000 129
2004.139600 9.871264 3.434000 129
2004.142400 11.533696 3.531000 129
2004.145100 16.229659 3.580000 129
2004.147800 8.021403 3.466000 129
2004.150600 5.498001 3.715000 129
2004.153300 12.199265 3.690000 129
2004.156100 8.868293 3.528000 129
2004.158800 7.930085 3.573000 129
2004.161500 4.656667 3.477000 129
2004.164300 6.895886 3.613000 129
2004.167000 4.796016 3.645000 129
2004.169700 2.186950 3.773000 129
2004.172500 2.997403 3.935000 129
2004.175200 7.243920 3.946000 129
2004.178000 8.739880 3.709000 129
2004.180700 -0.791990 3.691000 129
2004.183400 -8.259020 3.598000 129
2004.186200 -0.601710 3.865000 129
2004.188900 5.684928 3.686000 129
2004.191600 4.910435 3.601000 129
2004.194400 8.479187 3.633000 129
2004.197100 7.441426 3.570000 129
2004.199900 5.554850 3.754000 129
2004.202600 9.461870 3.663000 129
2004.205300 7.826820 3.730000 129
2004.208100 8.781874 3.949000 129
2004.210800 5.735684 3.889000 129
2004.213600 9.593549 3.734000 129
2004.216300 9.253279 3.734000 129
2004.219000 3.229010 3.615000 129
2004.221800 7.130728 3.750000 129
2004.224500 11.077470 3.997000 129
2004.227200 8.028259 3.685000 129
2004.230000 12.280977 3.813000 129
2004.232700 10.953876 3.976000 129
2004.235500 9.778669 3.690000 129
2004.238200 7.634745 3.869000 129
2004.240900 5.733952 3.625000 129
2004.243700 4.830007 3.847000 129
2004.246400 8.976495 3.808000 129
2004.249100 9.173167 3.623000 129
2004.251900 4.998648 3.700000 129
2004.254600 4.941708 3.614000 129
2004.257400 6.148556 3.602000 129
2004.260100 8.298078 3.522000 129
2004.262800 7.445871 3.700000 129
2004.265600 9.127423 3.594000 129
2004.268300 9.150785 3.606000 129
2004.271000 8.402471 3.557000 129
2004.273800 7.871895 3.377000 129
2004.276500 10.809257 3.428000 129
2004.279300 6.356345 3.549000 129
2004.282000 3.691455 3.754000 129
2004.284700 7.604976 3.533000 129
2004.287500 10.111208 3.375000 129
2004.290200 7.158580 3.692000 129
2004.293000 10.356655 3.522000 129
2004.295700 9.613945 3.495000 129
2004.298400 9.555728 3.423000 129
2004.301200 8.718206 3.478000 129
2004.303900 19.059004 3.489000 129
2004.306600 10.080342 3.443000 129
2004.309400 8.498369 3.540000 129
2004.312100 12.728813 4.126000 129
2004.314900 13.548945 3.534000 129
2004.317600 4.634554 3.476000 129
2004.320300 4.009774 3.521000 129
2004.323100 15.499679 3.497000 129
2004.325800 13.491145 3.417000 129
2004.328500 10.075260 3.478000 129
2004.331300 3.283059 3.455000 129
2004.334000 3.485495 3.606000 129
2004.336800 4.434614 3.710000 129
2004.339500 9.826417 3.607000 129
2004.342200 10.785926 3.558000 129
2004.345000 9.493115 3.621000 129
2004.347700 8.131053 3.465000 129
2004.350400 9.971724 3.544000 129
2004.353200 9.570074 3.784000 129
2004.355900 13.313228 3.634000 129
2004.358700 11.873059 3.614000 129
2004.361400 7.582729 3.628000 129
2004.364100 8.354171 3.488000 129
2004.366900 6.540285 3.585000 129
2004.369600 11.160283 3.541000 129
2004.372300 10.017071 3.533000 129
2004.375100 8.605525 3.546000 129
2004.377800 5.822902 3.602000 129
2004.380600 8.869938 3.572000 129
2004.383300 2.882921 3.605000 129
2004.386000 8.356716 3.551000 129
2004.388800 9.007159 3.513000 129
2004.391500 7.198580 3.541000 129
2004.394300 8.158640 3.589000 129
2004.397000 1.617695 3.779000 129
2004.399700 8.041573 3.491000 129
2004.402500 4.078076 3.569000 129
2004.405200 2.824596 3.480000 129
2004.407900 6.628942 3.610000 129
2004.410700 6.558893 3.658000 129
2004.413400 9.436882 3.429000 129
2004.416200 4.476463 3.548000 129
2004.418900 3.624093 3.750000 129
2004.421600 3.593546 3.477000 129
2004.424400 4.435566 3.514000 129
2004.427100 3.440651 3.786000 129
2004.429800 7.216553 3.629000 129
2004.432600 8.844997 3.535000 129
2004.435300 7.829519 3.563000 129
2004.438100 11.222563 3.452000 129
2004.440800 8.989694 3.621000 129
2004.443500 10.275630 3.591000 129
2004.446300 5.122056 3.582000 129
2004.449000 5.612582 3.523000 129
2004.451700 4.374903 3.732000 129
2004.454500 9.800680 3.586000 129
2004.457200 4.599571 3.662000 129
2004.460000 1.287895 3.616000 129
2004.462700 4.948341 3.833000 129
2004.465400 3.315563 3.693000 129
2004.468200 4.133182 3.633000 129
2004.470900 4.687937 3.732000 129
2004.473600 0.054458 3.763000 129
2004.476400 2.256338 3.646000 129
2004.479100 1.614370 3.594000 129
2004.481900 2.789737 3.712000 129
2004.484600 6.138266 3.649000 129
2004.487300 -0.016456 3.696000 129
2004.490100 2.045118 3.606000 129
2004.492800 3.881875 3.664000 129
2004.495600 2.212903 3.582000 129
2004.498300 1.473127 3.602000 129
2004.501000 -3.426913 3.710000 129
2004.503800 3.225282 3.759000 129
2004.506500 3.415696 3.626000 129
2004.509200 2.800841 3.426000 129
2004.512000 -0.130814 3.635000 129
2004.514700 1.820778 3.591000 129
2004.517500 6.903548 3.590000 129
2004.520200 7.300585 3.530000 129
2004.522900 -1.648651 3.657000 129
2004.525700 2.677261 3.467000 129
2004.528400 4.138472 3.661000 129
2004.531100 2.702412 3.579000 129
2004.533900 1.847475 3.746000 129
2004.536600 -0.361128 3.777000 129
2004.539400 1.564376 3.787000 129
2004.542100 4.009239 3.832000 129
2004.544800 0.187845 3.546000 129
2004.547600 3.205539 3.590000 129
2004.550300 -5.978366 3.867000 129
2004.553000 -2.007515 3.913000 129
2004.555800 -2.397588 3.736000 129
2004.558500 5.688784 3.838000 129
2004.561300 -1.096774 3.696000 129
2004.564000 1.995144 3.986000 129
2004.566700 -2.107149 3.547000 129
2004.569500 -0.312373 4.173000 129
2004.572200 1.969927 3.557000 129
2004.574900 4.799041 3.438000 129
2004.577700 1.526231 3.466000 129
2004.580400 3.974996 3.642000 129
2004.583200 -1.192154 3.560000 129
2004.585900 0.696305 3.603000 129
2004.588600 2.729631 3.647000 129
2004.591400 1.280065 3.639000 129
2004.594100 9.614159 3.801000 129
2004.596900 2.863380 3.586000 129
2004.599600 0.013297 3.480000 129
2004.602300 2.299150 3.466000 129
2004.605100 3.400166 3.394000 129
2004.607800 2.809931 3.443000 129
2004.610500 2.812679 3.575000 129
2004.613300 -0.598363 3.481000 129
2004.616000 1.208397 3.658000 129
2004.618800 5.368406 3.587000 129
2004.621500 3.313253 3.637000 129
2004.624200 -4.911831 3.636000 129
2004.627000 4.163398 3.536000 129
2004.629700 4.877516 3.560000 129
2004.632400 4.921761 3.817000 129
2004.635200 2.956395 3.512000 129
2004.637900 0.226965 3.565000 129
2004.752900 6.381182 3.554000 129
2004.755600 4.074268 3.338000 129
2004.758400 2.121014 3.564000 129
2004.761100 3.148599 3.670000 129
2004.763900 4.628975 3.511000 129
2004.766600 4.730133 3.612000 129
2004.769300 1.150580 3.484000 129
2004.772100 8.393014 3.614000 129
2004.774800 6.736136 3.597000 129
2004.777500 2.269594 3.516000 129
2004.780300 5.201235 3.658000 129
2004.783000 7.069457 3.578000 129
2004.785800 2.042993 3.634000 129
2004.788500 5.749031 3.565000 129
2004.796700 13.898733 3.349000 129
2004.799500 7.645685 3.392000 129
2004.802200 3.903924 3.625000 129
2004.804900 10.068607 3.718000 129
2004.807700 2.179107 3.490000 129
2004.810400 0.796750 3.428000 129
2004.813100 0.716853 3.425000 129
2004.815900 4.479950 3.419000 129
2004.818600 4.129038 3.643000 129
2004.821400 1.197236 3.623000 129
2004.824100 -3.395684 3.389000 129
2004.826800 -6.998134 3.532000 129
2004.829600 -2.924309 3.400000 129
2004.832300 -4.329770 3.350000 129
2004.835000 -1.042767 3.644000 129
2004.837800 -8.520333 3.400000 129
2004.840500 -2.605360 3.518000 129
2004.843300 -3.806857 3.436000 129
2004.846000 -3.356938 3.398000 129
2004.848700 -3.105582 3.582000 129
2004.851500 -7.450558 3.749000 129
2004.854200 0.811695 4.747000 129
2004.856900 -4.064644 3.631000 129
2004.859700 -8.683187 3.500000 129
2004.862400 -6.323693 3.349000 129
2004.865200 -4.341326 3.278000 129
2004.867900 -5.489053 3.612000 129
2004.870600 -6.472439 3.411000 129
2004.873400 -8.503845 3.303000 129
2004.876100 -8.050545 3.489000 129
2004.878900 -6.732203 3.608000 129
2004.881600 -7.121290 3.436000 129
2004.884300 -4.090123 3.692000 129
2004.887100 -2.958832 3.499000 129
2004.889800 3.606828 3.505000 129
2004.892500 -0.471320 3.611000 129
2004.895300 2.538723 3.367000 129
2004.898000 0.277932 3.535000 129
2004.900800 6.714370 3.548000 129
2004.903500 2.604837 3.645000 129
2004.906200 4.035375 3.474000 129
2004.909000 -1.241815 3.628000 129
2004.911700 1.499823 3.260000 129
2004.914400 -5.978549 3.444000 129
2004.917200 -4.549623 3.476000 129
2004.919900 -2.061066 3.613000 129
2004.922700 -2.991202 3.373000 129
2004.925400 -2.094837 3.447000 129
2004.928100 4.511370 3.267000 129
2004.930900 4.700884 3.465000 129
2004.933600 7.668709 3.700000 129
2004.936300 2.504281 3.581000 129
2004.939100 -2.352854 3.618000 129
2004.941800 -8.363863 3.673000 129
2004.944600 -1.854597 3.471000 129
2004.947300 2.587677 3.429000 129
2004.950000 -5.171472 3.429000 129
2004.952800 -3.765385 3.650000 129
2004.955500 -5.033462 3.530000 129
2004.958200 -8.673066 3.569000 129
2004.961000 -6.982489 3.408000 129
2004.963700 -7.980238 3.441000 129
2004.966500 -4.459851 3.464000 129
2004.969200 -3.448892 3.346000 129
2004.971900 3.959360 3.658000 129
2004.974700 -4.872330 3.709000 129
2004.977400 -2.382592 3.281000 129
2004.980200 -2.527856 3.423000 129
2004.982900 -0.718782 3.531000 129
2004.985600 1.097402 3.563000 129
2004.988400 -0.349515 3.532000 129
2004.991100 4.045781 3.461000 129
2004.993800 0.225079 3.563000 129
2004.996600 4.607165 3.642000 129
2004.999300 -2.126647 3.543000 129
2005.002100 1.693249 3.474000 129
2005.004800 4.099181 3.485000 129
2005.007500 -0.550067 3.568000 129
2005.010300 4.249265 3.522000 129
2005.013000 -0.931455 3.508000 129
2005.015700 -3.327460 3.503000 129
2005.018500 2.647977 3.538000 129
2005.021200 -6.678711 3.661000 129
2005.024000 -4.640056 3.654000 129
2005.026700 -1.497565 3.438000 129
2005.029400 -2.018528 3.548000 129
2005.032200 1.541702 3.516000 129
2005.034900 -0.949281 3.625000 129
2005.037600 -6.022812 3.716000 129
2005.040400 -8.516308 3.596000 129
2005.043100 -13.689050 3.639000 129
2005.045900 -11.301865 3.470000 129
2005.048600 -10.023939 3.734000 129
2005.051300 -8.841710 3.475000 129
2005.054100 -7.738721 3.647000 129
2005.056800 -3.247997 3.698000 129
2005.059500 -6.203052 3.533000 129
2005.062300 -5.235515 3.346000 129
2005.065000 -4.344236 3.614000 129
2005.067800 -3.496479 3.567000 129
2005.070500 -3.646965 3.444000 129
2005.073200 -2.608354 3.294000 129
2005.076000 -0.937436 3.468000 129
2005.078700 -7.329729 3.439000 129
2005.081500 -0.803832 3.385000 129
2005.084200 -1.280115 3.504000 129
2005.086900 -5.806404 3.421000 129
2005.089700 -7.615674 3.445000 129
2005.092400 -4.614067 3.441000 129
2005.095100 -7.757519 3.258000 129
2005.097900 0.707877 3.446000 129
2005.100600 0.395221 3.461000 129
2005.103400 1.462299 3.343000 129
2005.106100 -1.564620 3.442000 129
2005.108800 -4.436669 3.512000 129
2005.111600 -3.417149 3.509000 129
2005.114300 -2.720536 3.465000 129
2005.117000 -0.954085 3.480000 129
2005.119800 -6.160226 3.467000 129
2005.122500 -0.768172 3.411000 129
2005.125300 -5.114814 3.365000 129
2005.128000 -0.368186 3.559000 129
2005.130700 -1.808758 3.509000 129
2005.133500 -5.576180 3.493000 129
2005.136200 -1.995212 3.465000 129
2005.138900 1.264544 3.684000 129
2005.141700 -4.814697 3.497000 129
2005.144400 -3.958419 3.319000 129
2005.147200 -5.880231 3.411000 129
2005.149900 -4.673434 3.379000 129
2005.152600 -1.214854 3.432000 129
2005.155400 -1.431499 3.351000 129
2005.158100 -6.215393 3.422000 129
2005.160800 -5.992498 3.427000 129
2005.163600 -4.683955 3.485000 129
2005.166300 -4.710514 3.545000 129
2005.169100 -5.338507 3.534000 129
2005.171800 -5.969499 3.407000 129
2005.174500 -3.384676 3.480000 129
2005.177300 -6.225399 3.509000 129
2005.180000 1.140032 3.562000 129
2005.182800 -4.617154 3.409000 129
2005.185500 -0.803079 3.537000 129
2005.188200 -1.991147 3.515000 129
2005.191000 -6.447933 3.455000 129
2005.193700 -3.488297 3.499000 129
2005.196400 0.491228 3.457000 129
2005.199200 -2.806054 3.242000 129
2005.201900 2.319246 3.424000 129
2005.204700 3.322682 3.623000 129
2005.207400 1.282808 3.312000 129
2005.210100 6.163888 3.275000 129
2005.212900 -1.648972 3.444000 129
2005.215600 0.493020 3.422000 129
2005.218300 -3.010992 3.481000 129
2005.221100 7.093989 3.499000 129
2005.223800 2.705980 3.517000 129
2005.226600 -1.829076 3.416000 129
2005.229300 -1.860016 3.330000 129
2005.232000 -4.938881 3.473000 129
2005.234800 -1.324847 3.293000 129
2005.237500 3.843457 3.367000 129
2005.240200 0.974888 3.518000 129
2005.243000 3.340170 3.416000 129
2005.245700 -8.868126 3.480000 129
2005.248500 -4.699598 3.346000 129
2005.251200 -3.712550 3.463000 129
2005.253900 1.339711 3.588000 129
2005.256700 -2.536237 3.474000 129
2005.259400 -1.714524 3.336000 129
2005.262100 -6.110544 3.471000 129
2005.264900 -1.549802 3.528000 129
2005.267600 -0.980262 3.563000 129
2005.270400 4.130024 3.229000 129
2005.273100 -4.036804 3.369000 129
2005.275800 -3.371277 3.502000 129
2005.278600 -1.080023 3.612000 129
2005.281300 -4.793757 3.518000 129
2005.284100 -4.109775 3.341000 129
2005.286800 -6.276701 3.431000 129
2005.289500 -2.629187 3.401000 129
2005.292300 -4.408968 3.316000 129
2005.295000 1.524456 3.296000 129
2005.297700 -0.410631 3.330000 129
2005.300500 -4.956022 3.281000 129
2005.303200 -6.224103 3.305000 129
2005.306000 -4.210491 3.422000 129
2005.308700 1.902499 3.368000 129
2005.311400 -2.697947 3.525000 129
2005.314200 -1.129705 3.399000 129
2005.316900 -10.277992 3.270000 129
2005.319600 -2.058673 3.220000 129
2005.322400 -3.672668 3.490000 129
2005.325100 -6.964109 3.402000 129
2005.327900 -7.302866 3.219000 129
2005.330600 -8.960015 3.208000 129
2005.333300 -3.855495 3.294000 129
2005.336100 -6.973292 3.443000 129
2005.338800 -3.560411 3.224000 129
2005.341500 -0.783827 3.320000 129
2005.344300 -4.292562 3.256000 129
2005.347000 -4.131554 3.219000 129
2005.349800 -3.714866 3.462000 129
2005.352500 -1.904396 3.377000 129
2005.355200 -3.468178 3.559000 129
2005.358000 -7.695282 3.499000 129
2005.360700 -10.459553 2.929000 129
2005.363400 -10.885052 3.017000 129
2005.366200 -7.882880 2.869000 129
2005.368900 -6.481826 3.053000 129
2005.371700 2.077895 2.945000 129
2005.374400 -1.481476 2.916000 129
2005.377100 -6.249048 2.975000 129
2005.379900 -4.885959 2.998000 129
2005.382600 -5.106927 2.993000 129
2005.385400 -6.715241 3.007000 129
2005.388100 -8.403591 2.989000 129
2005.390800 -4.162123 3.000000 129
2005.393600 -7.063015 2.985000 129
2005.396300 -7.273914 3.039000 129
2005.399000 -6.560990 2.989000 129
2005.401800 -4.771440 3.040000 129
2005.404500 -3.890874 3.026000 129
2005.407300 -5.068694 2.946000 129
2005.410000 -6.511485 2.955000 129
2005.412700 -6.704450 2.941000 129
2005.415500 4.000178 2.849000 129
2005.418200 -1.019146 2.826000 129
2005.420900 0.495353 2.957000 129
2005.423700 -3.860579 2.822000 129
2005.426400 -1.092446 2.883000 129
2005.429200 -1.146761 2.874000 129
2005.431900 0.597997 2.860000 129
2005.434600 -2.218432 2.931000 129
2005.437400 -6.545336 2.904000 129
2005.440100 -2.589155 2.976000 129
2005.442800 -7.538168 3.005000 129
2005.445600 -5.188688 2.952000 129
2005.448300 -5.842109 2.996000 129
2005.451100 -5.182058 2.986000 129
2005.453800 -3.035900 2.979000 129
2005.456500 -4.236955 3.061000 129
2005.459300 0.597428 3.034000 129
2005.462000 2.142931 2.936000 129
2005.464800 -5.726153 2.892000 129
2005.467500 -13.346107 2.921000 129
2005.470200 -4.662292 3.061000 129
2005.473000 -13.461101 3.015000 129
2005.475700 -9.049765 2.946000 129
2005.478400 -3.536670 2.915000 129
2005.481200 -3.403238 2.848000 129
2005.483900 -5.656644 2.892000 129
2005.486700 -4.625737 2.830000 129
2005.489400 -0.454657 3.027000 129
2005.492100 -0.648834 2.872000 129
2005.494900 -5.567735 2.936000 129
2005.497600 -9.543443 2.882000 129
2005.500300 -3.628415 2.854000 129
2005.503100 -3.405148 2.851000 129
2005.505800 -4.159663 2.921000 129
2005.508600 -4.643964 2.912000 129
2005.511300 -4.290030 2.907000 129
2005.514000 -6.701368 2.835000 129
2005.516800 -5.361525 2.853000 129
2005.519500 -7.314417 2.850000 129
2005.522200 -0.879583 3.069000 129
2005.525000 -2.234597 2.849000 129
2005.527700 -5.635317 2.916000 129
2005.530500 -2.227903 2.814000 129
2005.533200 -0.597171 2.892000 129
2005.535900 -7.728706 2.982000 129
2005.538700 -1.075132 2.878000 129
2005.541400 -1.743201 2.953000 129
2005.544100 -0.207529 2.983000 129
2005.546900 -0.159767 2.940000 129
2005.549600 -4.524608 2.987000 129
2005.552400 -3.954369 2.996000 129
2005.555100 -2.875703 2.939000 129
2005.557800 -4.409272 2.958000 129
2005.560600 -5.399770 2.982000 129
2005.563300 -1.939796 2.951000 129
2005.566100 5.862248 3.086000 129
2005.568800 -1.756205 3.065000 129
2005.571500 -5.134855 3.008000 129
2005.574300 1.669568 2.951000 129
2005.577000 -11.256457 3.056000 129
2005.579700 -7.745650 3.056000 129
2005.582500 -8.547759 3.192000 129
2005.585200 -9.133264 3.195000 129
2005.588000 -4.338672 3.113000 129
2005.590700 -5.837440 2.933000 129
2005.593400 -9.361319 2.935000 129
2005.596200 -2.660074 2.933000 129
2005.598900 -5.228138 2.977000 129
2005.601600 -0.130270 2.973000 129
2005.604400 -3.617242 2.906000 129
2005.607100 -2.634469 2.922000 129
2005.609900 -1.801505 3.050000 129
2005.612600 -7.480761 3.046000 129
2005.615300 -0.342006 3.001000 129
2005.618100 -4.219008 2.950000 129
2005.620800 1.201824 2.910000 129
2005.623500 -4.762280 2.975000 129
2005.626300 -3.544077 2.927000 129
2005.629000 -0.161990 2.894000 129
2005.631800 -6.240547 2.899000 129
2005.634500 -5.913187 2.892000 129
2005.637200 -4.887663 2.920000 129
2005.640000 -7.598701 2.967000 129
2005.642700 -1.768777 2.890000 129
2005.645400 2.896376 2.969000 129
2005.648200 1.203061 2.982000 129
2005.650900 -3.957250 3.014000 129
2005.653700 2.078038 2.891000 129
2005.656400 -2.857643 2.906000 129
2005.659100 -0.058980 3.003000 129
2005.661900 2.862394 2.815000 129
2005.664600 -0.886167 2.825000 129
2005.667400 1.983062 2.871000 129
2005.670100 1.249376 2.935000 129
2005.672800 -1.951843 2.842000 129
2005.675600 -0.376143 2.859000 129
2005.678300 -4.545334 2.832000 129
2005.681000 -4.488983 2.818000 129
2005.683800 4.016425 2.909000 129
2005.686500 -2.869041 2.863000 129
2005.689300 -0.986351 2.916000 129
2005.692000 4.862471 2.876000 129
2005.694700 5.505963 2.917000 129
2005.697500 2.071766 2.893000 129
2005.700200 4.477703 2.984000 129
2005.702900 3.711388 2.901000 129
2005.705700 -1.539455 2.910000 129
2005.708400 -4.379169 2.969000 129
2005.711200 -1.221297 2.816000 129
2005.713900 -1.505306 2.869000 129
2005.716600 -1.533441 2.939000 129
2005.719400 0.915185 2.801000 129
2005.722100 -6.943093 2.947000 129
2005.724800 -1.223422 2.842000 129
2005.727600 1.092190 2.859000 129
2005.730300 4.927866 2.933000 129
2005.733100 5.496607 2.948000 129
2005.735800 1.845383 2.897000 129
2005.738500 4.317226 2.963000 129
2005.741300 0.990323 2.943000 129
2005.744000 1.736404 2.954000 129
2005.746700 -1.360384 2.792000 129
2005.749500 -1.150724 2.775000 129
2005.752200 2.237856 2.874000 129
2005.755000 3.152015 3.035000 129
2005.757700 -1.258954 2.953000 129
2005.760400 -4.057692 2.873000 129
2005.763200 -5.968655 2.790000 129
2005.765900 -1.477828 2.797000 129
2005.768700 2.664905 2.798000 129
2005.771400 1.299366 2.777000 129
2005.774100 2.209143 2.872000 129
2005.776900 1.492024 2.936000 129
2005.779600 -1.202470 2.910000 129
2005.782300 -1.511603 2.872000 129
2005.785100 -5.445438 2.810000 129
2005.787800 -1.491761 2.796000 129
2005.790600 -4.249658 2.876000 129
2005.793300 -5.584124 2.855000 129
2005.796000 -3.990173 2.948000 129
2005.798800 -0.519605 2.906000 129
2005.801500 -6.104739 2.858000 129
2005.804200 3.597569 2.820000 129
2005.807000 -0.118322 2.850000 129
2005.809700 -8.515057 2.790000 129
2005.812500 -1.786871 2.832000 129
2005.815200 -3.620630 2.787000 129
2005.817900 -8.474922 2.869000 129
2005.820700 -4.611119 2.835000 129
2005.823400 -0.949420 2.824000 129
2005.826100 -2.231251 2.828000 129
2005.828900 -11.122821 2.831000 129
2005.831600 -9.508662 2.917000 129
2005.834400 -6.707135 2.976000 129
2005.837100 -0.836996 2.985000 129
2005.839800 3.549600 2.973000 129
2005.842600 4.055714 2.914000 129
2005.845300 2.331260 2.981000 129
2005.848000 2.627243 2.961000 129
2005.850800 -1.891115 2.986000 129
2005.853500 2.455772 2.993000 129
2005.856300 -5.553597 2.985000 129
2005.859000 -0.881849 3.110000 129
2005.861700 -3.508713 2.911000 129
2005.864500 -8.822713 2.862000 129
2005.867200 -4.139791 3.002000 129
2005.870000 -2.852932 3.005000 129
2005.872700 -6.260284 2.909000 129
2005.875400 -8.327322 2.969000 129
2005.878200 -9.516326 2.924000 129
2005.880900 -10.546741 2.969000 129
2005.883600 -6.499897 2.967000 129
2005.886400 -10.923935 2.964000 129
2005.889100 -11.415588 2.960000 129
2005.891900 -8.407075 2.890000 129
2005.894600 -10.742312 2.867000 129
2005.897300 -6.723398 2.952000 129
2005.900100 -3.737259 2.914000 129
2005.902800 -1.829073 2.919000 129
2005.905500 -2.152810 2.927000 129
2005.908300 -7.423279 2.869000 129
2005.911000 -4.128902 2.923000 129
2005.913800 -1.409236 2.881000 129
2005.916500 -1.326857 2.892000 129
2005.919200 0.438461 2.885000 129
2005.922000 2.024085 2.814000 129
2005.924700 -2.212773 2.866000 129
2005.927400 -7.511782 2.895000 129
2005.930200 -3.722482 2.850000 129
2005.932900 -5.449856 2.817000 129
2005.935700 -4.345928 2.923000 129
2005.938400 -3.282798 2.801000 129
2005.941100 -5.806980 2.881000 129
2005.943900 -4.314884 2.847000 129
2005.946600 -4.124766 2.895000 129
2005.949300 0.677939 2.844000 129
2005.952100 -3.181117 2.863000 129
2005.954800 -1.741322 3.017000 129
2005.957600 -2.270323 2.865000 129
2005.960300 0.464417 2.807000 129
2005.963000 -6.163432 2.801000 129
2005.965800 -7.148140 2.888000 129
2005.968500 -9.561263 2.950000 129
2005.971300 -12.817294 2.930000 129
2005.974000 -2.322839 2.846000 129
2005.976700 -4.942155 2.990000 129
2005.979500 -7.236464 2.989000 129
2005.982200 -1.200425 2.927000 129
2005.984900 5.281734 2.896000 129
2005.987700 -3.642199 3.040000 129
2005.990400 -6.559908 2.916000 129
2005.993200 1.989218 2.972000 129
2005.995900 0.496491 2.884000 129
2005.998600 6.543702 2.936000 129
2006.001400 0.058630 2.963000 129
2006.004100 -2.042397 2.946000 129
2006.006800 -1.560595 2.987000 129
2006.009600 -6.589202 2.870000 129
2006.012300 -10.160854 2.800000 129
2006.015100 -10.330007 2.913000 129
2006.017800 -2.961256 2.974000 129
2006.020500 -2.907849 3.017000 129
2006.023300 -7.296086 2.945000 129
2006.026000 -6.401484 2.901000 129
2006.028700 0.509674 2.963000 129
2006.031500 -0.105962 2.945000 129
2006.034200 -2.642808 2.892000 129
2006.037000 0.679447 2.939000 129
2006.039700 3.574469 2.960000 129
2006.042400 4.035888 3.010000 129
2006.045200 -5.351753 2.964000 129
2006.047900 1.903349 2.899000 129
2006.050700 3.167282 2.990000 129
2006.053400 -1.376051 3.045000 129
2006.056100 -1.346130 2.981000 129
2006.058900 -3.322546 2.978000 129
2006.061600 -3.296225 2.911000 129
2006.064300 -4.139727 2.951000 129
2006.067100 -3.983738 2.776000 129
2006.069800 -1.998995 2.814000 129
2006.072600 -0.858874 2.809000 129
2006.075300 -1.430979 2.779000 129
2006.078000 -2.107025 2.751000 129
2006.080800 0.463134 2.782000 129
2006.083500 5.112109 2.828000 129
2006.086200 4.681083 2.831000 129
2006.089000 -0.819910 2.859000 129
2006.091700 -1.201031 2.808000 129
2006.094500 -3.488234 2.884000 129
2006.097200 -0.110521 2.828000 129
2006.099900 -3.313893 2.786000 129
2006.102700 -3.715516 2.846000 129
2006.105400 -4.915144 2.924000 129
2006.108100 -4.611900 2.988000 129
2006.110900 -3.755071 3.111000 129
2006.113600 -7.264158 2.832000 129
2006.116400 -7.344770 2.859000 129
2006.119100 -0.966230 2.853000 129
2006.121800 1.901131 2.844000 129
2006.124600 8.762809 2.834000 129
2006.127300 -1.501253 2.827000 129
2006.130000 -0.395513 2.867000 129
2006.132800 1.409389 2.784000 129
2006.135500 2.389672 2.926000 129
2006.138300 0.400018 2.854000 129
2006.141000 1.248828 2.882000 129
2006.143700 0.892422 2.829000 129
2006.146500 0.910937 2.831000 129
2006.149200 0.249050 2.776000 129
2006.152000 -2.464007 2.866000 129
2006.154700 -2.467373 2.856000 129
2006.157400 3.834047 2.816000 129
2006.160200 4.397167 2.970000 129
2006.162900 -3.242877 2.908000 129
2006.165600 -1.576125 2.761000 129
2006.168400 -2.158796 2.942000 129
2006.171100 -0.429480 2.769000 129
2006.173900 -0.728664 2.762000 129
2006.176600 -2.914758 2.808000 129
2006.179300 1.326976 2.841000 129
2006.182100 4.056101 2.762000 129
2006.184800 5.882474 2.759000 129
2006.187500 7.828701 2.767000 129
2006.190300 6.032220 2.804000 129
2006.193000 2.757145 2.857000 129
2006.195800 -1.815701 2.832000 129
2006.198500 0.340969 2.956000 129
2006.201200 -1.388451 2.859000 129
2006.204000 -2.173727 2.999000 129
2006.206700 -0.255328 2.949000 129
2006.209400 4.424022 2.913000 129
2006.212200 2.862439 2.849000 129
2006.214900 1.975693 2.860000 129
2006.217700 0.015966 2.918000 129
2006.220400 -2.183815 2.863000 129
2006.223100 -5.711573 2.922000 129
2006.225900 -4.172374 2.888000 129
2006.228600 0.199928 2.896000 129
2006.231300 1.014301 2.984000 129
2006.234100 -1.717423 2.909000 129
2006.236800 -0.571889 2.913000 129
2006.239600 -2.310486 2.819000 129
2006.242300 -1.992723 2.740000 129
2006.245000 -1.077804 2.773000 129
2006.247800 -1.635056 2.794000 129
2006.250500 -6.197802 2.887000 129
2006.253300 -2.512743 2.851000 129
2006.256000 1.098919 2.819000 129
2006.258700 2.726825 2.772000 129
2006.261500 3.349504 2.842000 129
2006.264200 -0.743074 2.863000 129
2006.266900 -0.533355 2.837000 129
2006.269700 -5.424888 2.750000 129
2006.272400 -2.058545 2.748000 129
2006.275200 0.825531 2.899000 129
2006.277900 0.043568 2.973000 129
2006.280600 -3.487009 2.816000 129
2006.283400 0.374131 2.797000 129
2006.286100 -0.263648 2.764000 129
2006.288800 -2.213990 2.797000 129
2006.291600 -4.833627 2.815000 129
2006.294300 -4.127068 2.772000 129
2006.297100 -5.783810 2.766000 129
2006.299800 -4.178283 2.838000 129
2006.302500 -2.741241 2.774000 129
2006.305300 -0.686505 2.732000 129
2006.308000 0.033599 2.756000 129
2006.310700 -3.384735 2.856000 129
2006.313500 -4.049381 2.838000 129
2006.316200 -1.471565 2.867000 129
2006.319000 -4.233062 2.834000 129
2006.321700 -0.757039 2.968000 129
2006.324400 -5.421386 2.820000 129
2006.327200 -1.910049 2.899000 129
2006.329900 -2.525111 2.837000 129
2006.332600 -0.167506 2.827000 129
2006.335400 -2.748219 2.727000 129
2006.338100 -0.326259 2.785000 129
2006.340900 -5.637617 2.940000 129
2006.343600 -2.340257 2.821000 129
2006.346300 -2.593178 2.767000 129
2006.349100 0.790581 2.795000 129
2006.351800 0.376117 2.920000 129
2006.354600 0.170332 2.767000 129
2006.357300 -2.337640 2.863000 129
2006.360000 -3.783850 2.826000 129
2006.362800 -3.472385 2.747000 129
2006.365500 -4.988058 2.797000 129
2006.368200 -5.228950 2.797000 129
2006.371000 -4.543172 2.911000 129
2006.373700 1.163510 3.080000 129
2006.376500 -0.249145 2.865000 129
2006.379200 1.188131 2.913000 129
2006.381900 -3.513788 2.842000 129
2006.384700 -2.030052 2.891000 129
2006.387400 1.944647 2.928000 129
2006.390100 0.025162 2.858000 129
2006.392900 -7.096681 2.919000 129
2006.395600 -3.168534 2.987000 129
2006.398400 1.338246 2.987000 129
2006.401100 5.200033 2.902000 129
2006.403800 -0.733356 2.838000 129
2006.406600 0.231871 2.880000 129
2006.409300 -3.840874 2.912000 129
2006.412000 -6.916794 2.959000 129
2006.414800 -5.062119 2.917000 129
2006.417500 -3.440397 3.034000 129
2006.420300 -2.341095 2.994000 129
2006.423000 -1.797735 3.208000 129
2006.425700 -3.312556 3.068000 129
2006.428500 -1.669822 3.059000 129
2006.431200 0.883985 2.998000 129
2006.433900 -5.198396 2.987000 129
2006.436700 -4.862249 3.120000 129
2006.439400 1.132983 3.051000 129
2006.442200 7.613722 2.955000 129
2006.444900 -1.528445 2.897000 129
2006.447600 0.916186 2.937000 129
2006.450400 -4.355708 2.914000 129
2006.453100 5.845504 2.989000 129
2006.455900 -0.658832 2.828000 129
2006.458600 0.220947 2.939000 129
2006.461300 -1.815493 2.990000 129
2006.464100 4.669483 3.021000 129
2006.466800 6.627588 3.051000 129
2006.469500 2.581463 2.992000 129
2006.472300 -0.019282 3.055000 129
2006.475000 -0.810885 3.193000 129
2006.477800 -6.096134 3.004000 129
2006.480500 -4.373229 3.071000 129
2006.483200 -1.703570 3.075000 129
2006.486000 -2.346596 3.055000 129
2006.488700 -0.256450 3.100000 129
2006.491400 -7.632560 3.151000 129
2006.494200 0.316609 3.151000 129
2006.496900 0.393969 3.255000 129
2006.499700 -4.135417 3.097000 129
2006.502400 0.941405 3.017000 129
2006.505100 -5.586041 3.043000 129
2006.507900 3.087730 3.168000 129
2006.510600 -8.869265 3.417000 129
2006.513300 -3.914533 3.011000 129
2006.516100 0.232384 3.096000 129
2006.518800 1.401562 3.067000 129
2006.521600 -0.596097 2.973000 129
2006.524300 -1.558474 3.217000 129
2006.527000 2.057877 3.092000 129
2006.529800 -2.489637 3.019000 129
2006.532500 0.260164 3.044000 129
2006.535200 1.122699 3.025000 129
2006.538000 -6.468656 3.131000 129
2006.540700 -1.454659 3.102000 129
2006.543500 5.419436 2.821000 129
2006.546200 -0.387090 2.967000 129
2006.548900 -4.033866 2.975000 129
2006.551700 -1.019562 2.944000 129
2006.554400 1.430165 2.920000 129
2006.557200 -1.748034 2.943000 129
2006.559900 -2.298780 2.858000 129
2006.562600 -0.883750 3.060000 129
2006.565400 3.210351 2.877000 129
2006.568100 7.092950 3.032000 129
2006.570800 -0.185650 2.939000 129
2006.573600 0.121823 2.865000 129
2006.576300 -9.488156 2.876000 129
2006.579100 1.825943 2.951000 129
2006.581800 -2.247374 2.916000 129
2006.584500 2.384158 2.869000 129
2006.587300 2.559785 3.161000 129
2006.590000 -4.369952 3.201000 129
2006.592700 1.285196 3.062000 129
2006.595500 -4.145534 2.948000 129
2006.598200 3.330423 2.967000 129
2006.601000 -6.298476 2.923000 129
2006.603700 -2.075652 2.926000 129
2006.606400 -6.908870 3.024000 129
2006.609200 4.221097 2.966000 129
2006.611900 5.753841 2.963000 129
2006.614600 1.696592 2.890000 129
2006.617400 0.906581 3.090000 129
2006.620100 1.616398 2.969000 129
2006.622900 2.257495 2.872000 129
2006.625600 0.170455 2.920000 129
2006.628300 -1.971486 2.929000 129
2006.631100 -5.712079 2.937000 129
2006.633800 -0.118759 2.997000 129
2006.636600 -3.027036 3.030000 129
2006.639300 -1.312370 2.979000 129
2006.642000 -8.773501 3.009000 129
2006.644800 2.479858 3.120000 129
2006.647500 3.981205 3.105000 129
2006.650200 3.686821 3.033000 129
2006.653000 -0.697973 2.975000 129
2006.655700 -2.161740 3.117000 129
2006.658500 -1.534843 3.112000 129
2006.661200 -0.343896 2.990000 129
2006.663900 0.354439 3.190000 129
2006.666700 1.305554 3.123000 129
2006.669400 2.046751 3.027000 129
2006.672100 -6.114592 3.128000 129
2006.674900 -6.010027 3.138000 129
2006.677600 -5.271355 3.070000 129
2006.680400 -3.187684 3.073000 129
2006.683100 -5.518893 3.050000 129
2006.685800 -3.994516 3.092000 129
2006.688600 1.260005 3.064000 129
2006.691300 -3.471343 2.987000 129
2006.694000 0.739973 2.888000 129
2006.696800 4.809586 2.949000 129
2006.699500 0.025333 2.919000 129
2006.702300 6.505485 3.056000 129
2006.705000 3.332769 2.986000 129
2006.707700 5.348845 2.827000 129
2006.710500 -0.701507 2.835000 129
2006.713200 -0.356739 2.800000 129
2006.715900 -2.440103 2.854000 129
2006.718700 0.186279 2.883000 129
2006.721400 2.871759 2.874000 129
2006.724200 4.920105 2.980000 129
2006.726900 -4.550470 2.921000 129
2006.729600 -3.039055 2.864000 129
2006.732400 -1.364590 2.787000 129
2006.735100 -4.980086 2.822000 129
2006.737900 -3.794407 2.812000 129
2006.740600 -2.826720 2.807000 129
2006.743300 -0.780929 2.906000 129
2006.746100 -1.138771 2.880000 129
2006.748800 2.393336 2.881000 129
2006.751500 -5.948390 2.986000 129
2006.754300 -8.879554 3.084000 129
2006.757000 4.858161 3.059000 129
2006.759800 0.169568 3.071000 129
2006.762500 5.270801 2.996000 129
2006.765200 -4.789702 2.943000 129
2006.768000 -1.782317 2.942000 129
2006.770700 -1.562195 2.875000 129
2006.773400 -4.557760 2.895000 129
2006.776200 -6.004239 2.913000 129
2006.778900 -3.786083 2.893000 129
2006.781700 1.910290 2.918000 129
2006.784400 1.188224 2.857000 129
2006.787100 0.511540 2.853000 129
2006.789900 6.301267 2.895000 129
2006.792600 5.221435 2.917000 129
2006.795300 -1.935982 2.819000 129
2006.798100 -7.143799 2.753000 129
2006.800800 -1.537306 2.946000 129
2006.803600 -0.374088 2.798000 129
2006.806300 -3.892654 2.929000 129
2006.809000 -4.338766 2.883000 129
2006.811800 0.936027 2.923000 129
2006.814500 -3.226111 3.033000 129
2006.817200 -6.437784 2.901000 129
2006.820000 -9.142376 2.883000 129
2006.822700 -9.097058 2.843000 129
2006.825500 -4.286546 2.924000 129
2006.828200 2.891765 2.923000 129
2006.830900 1.534544 2.897000 129
2006.833700 -5.291322 2.882000 129
2006.836400 -7.198561 2.887000 129
2006.839200 -5.994344 2.881000 129
2006.841900 -5.539618 2.917000 129
2006.844600 -6.605446 2.889000 129
2006.847400 -5.717673 2.893000 129
2006.850100 -3.599577 2.977000 129
2006.852800 -2.450057 2.973000 129
2006.855600 3.450196 2.976000 129
2006.858300 -4.675417 2.982000 129
2006.861100 -5.540214 2.935000 129
2006.863800 -6.086008 3.010000 129
2006.866500 -0.821438 2.976000 129
2006.869300 4.499061 3.050000 129
2006.872000 -4.285634 2.932000 129
2006.874700 -1.728012 2.873000 129
2006.877500 -2.402362 2.799000 129
2006.880200 -3.220107 2.857000 129
2006.883000 -3.771767 2.909000 129
2006.885700 -6.543957 2.889000 129
2006.888400 -1.388924 2.928000 129
2006.891200 -3.997730 2.860000 129
2006.893900 -1.352269 2.928000 129
2006.896600 -2.882652 2.956000 129
2006.899400 -2.769813 2.847000 129
2006.902100 -3.218911 2.955000 129
2006.904900 -1.213757 2.948000 129
2006.907600 1.913326 2.784000 129
2006.910300 -1.158560 2.823000 129
2006.913100 -6.255159 2.896000 129
2006.915800 -5.960029 2.890000 129
2006.918500 -5.329951 2.877000 129
2006.921300 -12.233568 2.901000 129
2006.924000 -10.008652 2.848000 129
2006.926800 -5.571426 2.818000 129
2006.929500 -7.785795 2.913000 129
2006.932200 -8.303370 2.921000 129
2006.935000 -5.177642 2.914000 129
2006.937700 -1.625696 2.918000 129
2006.940500 0.734539 2.840000 129
2006.943200 -5.195130 2.770000 129
2006.945900 -6.916170 2.968000 129
2006.948700 -6.288952 2.880000 129
2006.951400 -9.743814 2.859000 129
2006.954100 -3.767150 3.040000 129
2006.956900 1.909723 2.925000 129
2006.959600 -1.533649 2.839000 129
2006.962400 -5.975852 2.716000 129
2006.965100 -5.359406 2.836000 129
2006.967800 -4.693614 2.795000 129
2006.970600 -2.868722 2.885000 129
2006.973300 0.415668 2.831000 129
2006.976000 -3.461704 2.833000 129
2006.978800 -4.378062 2.870000 129
2006.981500 -6.598059 2.852000 129
2006.984300 -2.647106 2.918000 129
2006.987000 3.026120 2.929000 129
2006.989700 1.054402 2.946000 129
2006.992500 3.387530 2.939000 129
2006.995200 -4.307187 2.954000 129
2006.997900 -4.757956 3.031000 129
2007.000700 -6.609998 2.985000 129
2007.003400 -5.883987 2.944000 129
2007.006200 -1.415331 2.956000 129
2007.008900 4.705315 3.083000 129
2007.011600 -0.839271 2.950000 129
2007.014400 -5.385346 2.970000 129
2007.017100 -7.132512 2.995000 129
2007.019800 -9.553013 2.956000 129
2007.022600 -10.886145 2.850000 129
2007.025300 -4.243432 2.831000 129
2007.028100 3.213549 3.038000 129
2007.030800 -0.308661 2.837000 129
2007.033500 -6.728372 2.926000 129
2007.036300 -4.484968 2.822000 129
2007.039000 -4.933795 2.898000 129
2007.041800 -6.355615 2.932000 129
2007.044500 -6.602685 2.884000 129
2007.047200 -9.053408 2.966000 129
2007.050000 -7.272288 2.956000 129
2007.052700 -0.940432 3.005000 129
2007.055400 0.680686 2.805000 129
2007.058200 -1.101520 2.843000 129
2007.060900 -2.321989 2.821000 129
2007.063700 -8.465895 2.809000 129
2007.066400 -9.989056 2.911000 129
2007.069100 -2.721084 2.796000 129
2007.071900 -0.189720 2.727000 129
2007.074600 -3.061585 2.859000 129
2007.077300 -5.810385 2.788000 129
2007.080100 -6.896965 2.818000 129
2007.082800 1.219267 2.817000 129
2007.085600 -1.450398 2.829000 129
2007.088300 0.890785 2.805000 129
2007.091000 -6.027066 2.858000 129
2007.093800 -8.060984 2.826000 129
2007.096500 -7.556991 2.820000 129
2007.099200 -5.800081 2.792000 129
2007.102000 -2.458406 2.792000 129
2007.104700 -0.529744 3.001000 129
2007.107500 -0.129430 2.896000 129
2007.110200 1.404930 2.786000 129
2007.112900 2.944142 2.818000 129
2007.115700 -0.430157 2.909000 129
2007.118400 0.424687 2.856000 129
2007.121100 -1.234645 2.852000 129
2007.123900 -2.312648 2.894000 129
2007.126600 -6.442400 2.779000 129
2007.129400 -2.154926 2.864000 129
2007.132100 0.680878 2.741000 129
2007.134800 5.707474 2.766000 129
2007.137600 7.115146 2.778000 129
2007.140300 0.299271 2.816000 129
2007.143100 1.510377 2.786000 129
2007.145800 2.112023 2.817000 129
2007.148500 2.378452 2.813000 129
2007.151300 5.189722 2.847000 129
2007.154000 6.229672 2.784000 129
2007.156700 9.024406 2.827000 129
2007.159500 6.794851 2.698000 129
2007.162200 4.766120 2.942000 129
2007.165000 3.584015 2.964000 129
2007.167700 -0.481165 2.832000 129
2007.170400 -1.870540 2.833000 129
2007.173200 -3.805406 2.917000 129
2007.175900 -0.595195 2.824000 129
2007.178600 -0.395158 2.942000 129
2007.181400 1.749279 2.852000 129
2007.184100 -1.214050 2.792000 129
2007.186900 -2.221047 2.906000 129
2007.189600 -7.179704 2.912000 129
2007.192300 -3.278488 2.830000 129
2007.195100 1.795965 2.794000 129
2007.197800 2.014919 2.795000 129
2007.200500 -0.206220 2.833000 129
2007.203300 -5.551208 2.765000 129
2007.206000 -3.158534 2.765000 129
2007.208800 1.741238 2.822000 129
2007.211500 3.479781 2.720000 129
2007.214200 5.383298 2.855000 129
2007.217000 2.334841 2.823000 129
2007.219700 1.959315 2.848000 129
2007.222500 3.712771 2.851000 129
2007.225200 4.610264 2.783000 129
2007.227900 3.117809 2.839000 129
2007.230700 3.043279 2.770000 129
2007.233400 6.684942 2.999000 129
2007.236100 6.897705 2.808000 129
2007.238900 -0.055657 2.773000 129
2007.241600 -0.317673 2.806000 129
2007.244400 0.223156 2.750000 129
2007.247100 3.583432 2.841000 129
2007.249800 5.486894 2.865000 129
2007.252600 0.647163 2.864000 129
2007.255300 -3.877976 2.926000 129
2007.258000 -3.234876 2.843000 129
2007.260800 1.424000 2.803000 129
2007.263500 1.118607 2.852000 129
2007.266300 2.898971 2.848000 129
2007.269000 0.210156 2.859000 129
2007.271700 3.452670 2.854000 129
2007.274500 5.075919 2.831000 129
2007.277200 5.629118 2.806000 129
2007.279900 -5.562302 2.806000 129
2007.282700 -0.713003 2.879000 129
2007.285400 0.640368 2.775000 129
2007.288200 3.894449 2.782000 129
2007.290900 -0.364321 2.878000 129
2007.293600 2.360374 2.776000 129
2007.296400 -0.236231 2.768000 129
2007.299100 -0.129577 2.815000 129
2007.301800 0.745590 2.792000 129
2007.304600 0.829449 2.723000 129
2007.307300 -3.444330 2.841000 129
2007.310100 -3.074420 2.798000 129
2007.312800 -6.753085 2.859000 129
2007.315500 -1.002164 2.831000 129
2007.318300 -1.310557 2.838000 129
2007.321000 -2.270436 2.851000 129
2007.323800 -3.146630 2.886000 129
2007.326500 -3.382256 2.773000 129
2007.329200 -1.038230 2.775000 129
2007.332000 1.590480 2.876000 129
2007.334700 -4.169167 2.936000 129
2007.337400 -1.811127 2.840000 129
2007.340200 1.310595 2.754000 129
2007.342900 -1.449972 2.851000 129
2007.345700 -2.498857 2.796000 129
2007.348400 -5.368990 2.802000 129
2007.351100 -4.333386 2.712000 129
2007.353900 -4.075104 2.963000 129
2007.356600 -1.866013 2.978000 129
2007.359300 -0.904162 2.793000 129
2007.362100 -1.261636 2.782000 129
2007.364800 -1.178252 2.897000 129
2007.367600 -6.246196 2.761000 129
2007.370300 -9.282253 2.741000 129
2007.373000 -8.067518 2.877000 129
2007.375800 -7.113119 2.920000 129
2007.378500 -8.899793 2.795000 129
2007.381200 -3.485661 2.911000 129
2007.384000 -0.831874 2.760000 129
2007.386700 -1.136128 2.798000 129
2007.389500 -4.290734 2.884000 129
2007.392200 0.971640 2.893000 129
2007.394900 -3.179167 2.837000 129
2007.397700 1.778661 2.774000 129
2007.400400 -0.487507 2.774000 129
2007.403100 -0.598850 2.813000 129
2007.405900 -0.676576 2.830000 129
2007.408600 -3.019276 2.922000 129
2007.411400 -1.388371 2.788000 129
2007.414100 2.633572 2.846000 129
2007.416800 1.173340 2.785000 129
2007.419600 -1.186310 2.831000 129
2007.422300 -1.554904 2.818000 129
2007.425100 4.179068 2.944000 129
2007.427800 7.650105 2.905000 129
2007.430500 0.401960 2.825000 129
2007.433300 1.565353 2.861000 129
2007.436000 1.938826 2.810000 129
2007.438700 -4.067892 2.835000 129
2007.441500 -2.908100 2.827000 129
2007.444200 -0.908216 2.862000 129
2007.447000 -4.131844 2.856000 129
2007.449700 -1.856371 2.852000 129
2007.452400 -2.451105 2.801000 129
2007.455200 1.034616 2.880000 129
2007.457900 3.393451 2.973000 129
2007.460600 2.104068 2.807000 129
2007.463400 0.483104 2.833000 129
2007.466100 -2.949732 2.811000 129
2007.468900 -6.246175 2.949000 129
2007.471600 -0.939480 2.756000 129
2007.474300 1.090979 2.925000 129
2007.477100 0.997795 2.955000 129
2007.479800 -1.537236 2.827000 129
2007.482500 -3.131514 2.829000 129
2007.485300 -3.826472 2.846000 129
2007.488000 -2.526260 2.807000 129
2007.490800 0.294246 2.912000 129
2007.493500 1.442935 2.797000 129
2007.496200 -1.244636 2.770000 129
2007.499000 1.310049 2.824000 129
2007.501700 -5.194061 2.852000 129
2007.504400 3.080563 2.861000 129
2007.507200 1.650407 2.830000 129
2007.509900 1.480482 2.827000 129
2007.512700 -1.938246 2.845000 129
2007.515400 0.925275 2.804000 129
2007.518100 3.992523 2.797000 129
2007.520900 -1.809062 2.848000 129
2007.523600 -1.645369 2.869000 129
2007.526400 -1.767530 2.847000 129
2007.529100 -1.446389 2.911000 129
2007.531800 -3.400518 2.840000 129
2007.534600 1.280473 2.936000 129
2007.537300 -2.454199 2.903000 129
2007.540000 -6.421133 2.878000 129
2007.542800 -1.033969 2.794000 129
2007.545500 -5.409429 2.877000 129
2007.548300 2.048198 2.946000 129
2007.551000 4.614229 2.789000 129
2007.553700 3.560018 2.895000 129
2007.556500 -1.378118 2.911000 129
2007.559200 1.406194 2.969000 129
2007.561900 1.210282 2.937000 129
2007.564700 -0.817561 2.899000 129
2007.567400 -4.509908 3.085000 129
2007.570200 1.657815 3.120000 129
2007.572900 3.260066 3.042000 129
2007.575600 1.348133 2.926000 129
2007.578400 5.863277 3.007000 129
2007.581100 3.535000 2.916000 129
2007.583800 7.632570 2.937000 129
2007.586600 -5.057766 3.052000 129
2007.589300 3.524528 2.983000 129
2007.592100 6.011931 2.813000 129
2007.594800 6.914000 2.967000 129
2007.597500 2.421978 2.976000 129
2007.600300 3.399097 2.883000 129
2007.603000 5.941935 2.827000 129
2007.605700 4.005726 2.862000 129
2007.608500 0.446700 2.820000 129
2007.611200 -2.651555 2.944000 129
2007.614000 -7.301595 2.944000 129
2007.616700 4.484173 2.995000 129
2007.619400 3.007978 3.048000 129
2007.622200 2.375056 3.073000 129
2007.624900 -0.938006 3.079000 129
2007.627700 3.246250 3.136000 129
2007.630400 3.104399 3.106000 129
2007.633100 0.548681 2.960000 129
2007.635900 0.575358 2.967000 129
2007.638600 0.022976 2.921000 129
2007.641300 3.164790 2.914000 129
2007.644100 1.177087 2.986000 129
2007.646800 5.418368 2.975000 129
2007.649600 4.857196 3.169000 129
2007.652300 0.945037 3.099000 129
2007.655000 -8.094814 3.058000 129
2007.657800 -7.295011 3.075000 129
2007.660500 -3.077159 2.918000 129
2007.663200 0.997073 2.977000 129
2007.666000 -5.662926 3.013000 129
2007.668700 -5.108844 3.044000 129
2007.671500 -0.163909 3.107000 129
2007.674200 -3.339876 3.016000 129
2007.676900 9.902661 3.211000 129
2007.679700 1.981185 2.994000 129
2007.682400 1.346828 2.973000 129
2007.685100 -1.146949 3.077000 129
2007.687900 -4.007596 3.110000 129
2007.690600 -3.111112 3.028000 129
2007.693400 -1.403397 3.110000 129
2007.696100 -4.926546 2.929000 129
2007.698800 3.699013 2.969000 129
2007.704300 -5.054954 3.134000 129
2007.707000 1.358914 2.930000 129
2007.709800 -1.292661 2.956000 129
2007.712500 -3.083114 2.958000 129
2007.715300 -9.873895 2.846000 129
2007.718000 -2.960566 2.983000 129
2007.720700 1.024675 2.866000 129
2007.723500 13.912765 2.942000 129
2007.726200 5.448936 2.834000 129
2007.729000 -1.277919 2.895000 129
2007.731700 -3.082718 2.835000 129
2007.734400 -2.868485 2.833000 129
2007.737200 2.149907 2.921000 129
2007.739900 2.820311 2.932000 129
2007.742600 10.982814 2.918000 129
2007.745400 0.337667 2.818000 129
2007.748100 -3.413526 2.871000 129
2007.750900 3.392762 3.018000 129
2007.753600 3.887958 2.863000 129
2007.756300 9.463358 2.810000 129
2007.759100 -1.172566 2.903000 129
2007.761800 2.389342 2.828000 129
2007.764500 2.751509 2.861000 129
2007.767300 0.622549 3.079000 129
2007.770000 2.691333 3.089000 129
2007.772800 4.338121 2.998000 129
2007.775500 0.049588 2.863000 129
2007.778200 3.923395 2.740000 129
2007.781000 4.739401 2.865000 129
2007.783700 -1.202021 2.859000 129
2007.786400 0.470936 2.792000 129
2007.789200 4.854286 2.850000 129
2007.791900 6.044089 2.981000 129
2007.794700 7.657413 3.075000 129
2007.797400 6.854103 2.886000 129
2007.800100 4.603224 2.796000 129
2007.802900 -2.440946 2.851000 129
2007.805600 -10.005887 2.845000 129
2007.808400 -5.317997 2.849000 129
2007.811100 -6.595976 2.864000 129
2007.813800 -5.389494 2.823000 129
2007.816600 -5.536002 2.850000 129
2007.819300 -6.361534 2.894000 129
2007.822000 -8.086596 2.908000 129
2007.824800 -4.097480 2.913000 129
2007.827500 -2.215549 2.827000 129
2007.830300 -7.483330 2.898000 129
2007.833000 -4.126411 2.831000 129
2007.835700 -6.236029 2.784000 129
2007.838500 -7.245203 2.867000 129
2007.841200 -4.029853 2.884000 129
2007.843900 -3.066056 2.881000 129
2007.846700 -5.798669 2.837000 129
2007.849400 -6.666943 2.822000 129
2007.852200 -4.060536 2.908000 129
2007.854900 -1.004917 2.858000 129
2007.857600 2.431107 2.749000 129
2007.860400 4.657938 2.778000 129
2007.863100 -4.367212 2.777000 129
2007.865800 -1.941994 2.859000 129
2007.868600 -4.251857 2.791000 129
2007.871300 -7.339897 2.858000 129
2007.874100 -3.774949 2.770000 129
2007.876800 -6.404312 2.897000 129
2007.879500 -0.247388 2.820000 129
2007.882300 -1.035386 2.864000 129
2007.885000 -3.754897 2.789000 129
2007.887700 -4.309179 3.011000 129
2007.890500 -7.921306 2.884000 129
2007.893200 -2.616149 2.905000 129
2007.896000 -0.435795 2.957000 129
2007.898700 -3.402294 2.935000 129
2007.901400 -5.673676 2.969000 129
2007.904200 -9.053811 2.946000 129
2007.906900 -6.973999 2.830000 129
2007.909700 -3.245914 2.927000 129
2007.912400 -1.200016 2.850000 129
2007.915100 -4.125136 2.801000 129
2007.917900 -1.713957 2.844000 129
2007.920600 -10.198163 2.998000 129
2007.923300 -7.248473 2.796000 129
2007.926100 -4.370475 2.839000 129
2007.928800 3.935945 2.921000 129
2007.931600 -2.124328 2.904000 129
2007.934300 0.005694 2.794000 129
2007.937000 -2.814547 2.959000 129
2007.939800 -5.224496 3.035000 129
2007.942500 -6.890333 2.970000 129
2007.945200 -6.154533 2.976000 129
2007.948000 -5.674472 2.903000 129
2007.950700 -3.921476 2.895000 129
2007.953500 -2.355249 2.981000 129
2007.956200 -1.450200 2.913000 129
2007.958900 -2.044687 2.939000 129
2007.961700 -4.326999 3.004000 129
2007.964400 -1.131649 2.856000 129
2007.967100 -6.425943 2.974000 129
2007.969900 4.223868 3.009000 129
2007.972600 -4.162810 3.021000 129
2007.975400 -9.817437 2.867000 129
2007.978100 -3.498648 2.817000 129
2007.980800 -1.463685 3.095000 129
2007.983600 -3.604763 2.946000 129
2007.986300 3.318443 2.956000 129
2007.989000 -2.587285 2.954000 129
2007.991800 1.541840 2.922000 129
2007.994500 0.333132 2.999000 129
2007.997300 -4.205798 2.999000 129
2008.000000 -11.725634 2.878000 129
2008.002700 -6.732587 2.927000 129
2008.005500 -2.568884 2.897000 129
2008.008200 -0.865184 2.859000 129
2008.011000 2.407084 2.845000 129
2008.013700 2.997294 2.873000 129
2008.016400 -0.261790 2.878000 129
2008.019200 0.220555 3.002000 129
2008.021900 -1.385230 2.962000 129
2008.024600 -4.329410 2.866000 129
2008.027400 -4.622308 2.846000 129
2008.030100 -0.161393 2.890000 129
2008.032900 -3.260299 2.971000 129
2008.035600 -6.250421 2.793000 129
2008.038300 -1.552099 2.861000 129
2008.041100 -3.218756 3.018000 129
2008.043800 -1.868661 3.068000 129
2008.046500 3.278788 3.011000 129
2008.049300 -1.579905 2.856000 129
2008.052000 0.103138 2.846000 129
2008.054800 -0.132072 2.852000 129
2008.057500 -4.332547 2.863000 129
2008.060200 -1.936809 2.858000 129
2008.063000 1.276507 2.812000 129
2008.065700 -0.082432 2.864000 129
2008.068400 -3.031233 2.860000 129
2008.071200 1.787372 2.942000 129
2008.073900 6.270747 2.899000 129
2008.076700 0.766412 3.083000 129
2008.079400 2.188870 2.904000 129
2008.082100 -2.958643 2.903000 129
2008.084900 -0.887038 2.816000 129
2008.087600 1.176410 2.864000 129
2008.090300 6.521828 2.919000 129
2008.093100 4.640195 2.780000 129
2008.095800 3.705466 2.904000 129
2008.098600 1.228570 2.869000 129
2008.101300 -1.526371 2.900000 129
2008.104000 -0.081420 2.840000 129
2008.106800 -0.340802 2.876000 129
2008.109500 -0.157147 2.818000 129
2008.112300 1.557065 2.815000 129
2008.115000 0.375377 2.951000 129
2008.117700 1.051525 2.950000 129
2008.120500 2.438067 2.814000 129
2008.123200 -3.457185 2.960000 129
2008.125900 1.751373 2.901000 129
2008.128700 -0.420831 2.957000 129
2008.131400 0.005285 2.828000 129
2008.134200 2.143538 2.818000 129
2008.136900 0.395192 2.870000 129
2008.139600 2.494633 2.843000 129
2008.142400 0.059065 2.827000 129
2008.145100 0.328028 2.825000 129
2008.147800 1.616773 2.851000 129
2008.150600 -4.005630 2.857000 129
2008.153300 -8.326365 2.863000 129
2008.156100 -2.824337 2.910000 129
2008.158800 -1.053546 2.997000 129
2008.161500 -3.269964 2.832000 129
2008.164300 -2.440745 2.849000 129
2008.167000 -0.028615 2.848000 129
2008.169700 -3.933681 2.919000 129
2008.172500 -4.487228 2.870000 129
2008.175200 -4.138711 2.938000 129
2008.178000 -2.496750 2.814000 129
2008.180700 -2.275621 2.859000 129
2008.183400 -0.253650 2.906000 129
2008.186200 -6.394340 2.877000 129
2008.188900 -6.336703 2.865000 129
2008.191600 -6.154196 2.812000 129
2008.194400 -0.481444 2.799000 129
2008.197100 -0.162205 2.903000 129
2008.199900 0.305219 2.890000 129
2008.202600 2.592239 2.906000 129
2008.205300 6.405189 2.906000 129
2008.208100 2.344243 2.943000 129
2008.210800 -1.655947 2.966000 129
2008.213600 -3.596081 2.958000 129
2008.216300 -3.381352 3.015000 129
2008.219000 1.101379 2.943000 129
2008.221800 -10.694903 2.938000 129
2008.224500 -7.630161 2.863000 129
2008.227200 -2.568372 2.903000 129
2008.230000 0.662347 2.864000 129
2008.232700 1.818245 3.059000 129
2008.235500 -1.525962 2.913000 129
2008.238200 -0.389886 2.844000 129
2008.240900 5.284321 2.914000 129
2008.243700 -0.802624 2.852000 129
2008.246400 -3.778135 2.884000 129
2008.249100 -4.068464 2.886000 129
2008.251900 -0.619983 2.935000 129
2008.254600 0.969078 2.827000 129
2008.257400 2.103926 2.886000 129
2008.260100 3.710447 2.886000 129
2008.262800 -1.762760 2.796000 129
2008.265600 0.516792 2.874000 129
2008.268300 -1.401846 2.872000 129
2008.271000 5.434840 2.909000 129
2008.273800 2.257264 2.828000 129
2008.276500 -5.261374 2.848000 129
2008.279300 -7.241286 2.799000 129
2008.282000 -5.744176 2.852000 129
2008.284700 -2.423655 2.907000 129
2008.287500 3.129577 2.927000 129
2008.290200 -0.694051 2.961000 129
2008.293000 -6.823976 2.839000 129
2008.295700 -8.422686 2.851000 129
2008.298400 -1.364903 2.775000 129
2008.301200 4.515575 2.832000 129
2008.303900 -1.531626 2.806000 129
2008.306600 -1.062289 2.886000 129
2008.309400 1.223738 2.870000 129
2008.312100 1.130183 2.823000 129
2008.314900 -5.327686 2.836000 129
2008.317600 -5.401077 2.880000 129
2008.320300 -7.983857 2.854000 129
2008.323100 -4.172952 2.944000 129
2008.325800 -0.578486 2.969000 129
2008.328500 4.259629 2.910000 129
2008.331300 2.257428 2.852000 129
2008.334000 1.042864 2.931000 129
2008.336800 -2.626017 2.850000 129
2008.339500 -1.110214 2.850000 129
2008.342200 1.290295 2.860000 129
2008.345000 -0.949516 2.854000 129
2008.347700 -1.057578 2.850000 129
2008.350400 -4.978907 2.884000 129
2008.353200 -0.897557 2.853000 129
2008.355900 -0.171403 2.842000 129
2008.358700 3.067428 2.833000 129
2008.361400 -1.422902 2.886000 129
2008.364100 -0.633460 2.937000 129
2008.366900 -0.823346 2.810000 129
2008.369600 -6.665348 2.902000 129
2008.372300 -4.887560 2.871000 129
2008.375100 -7.287106 2.846000 129
2008.377800 -4.174729 2.862000 129
2008.380600 -3.259693 2.864000 129
2008.383300 0.549290 2.844000 129
2008.386000 1.433085 2.819000 129
2008.388800 6.474529 2.834000 129
2008.391500 8.426949 2.820000 129
2008.394300 0.259009 2.843000 129
2008.397000 3.778064 2.870000 129
2008.399700 4.698942 2.970000 129
2008.402500 2.236445 2.842000 129
2008.405200 0.260965 2.836000 129
2008.407900 1.416311 2.832000 129
2008.410700 1.083262 2.875000 129
2008.413400 -1.444748 2.804000 129
2008.416200 3.023832 2.887000 129
2008.418900 0.525463 2.852000 129
2008.421600 2.175915 2.972000 129
2008.424400 6.410935 2.969000 129
2008.427100 -1.149980 2.929000 129
2008.429800 5.650922 2.930000 129
2008.432600 1.899366 3.013000 129
2008.435300 -1.305112 2.966000 129
2008.438100 2.923932 2.911000 129
2008.440800 2.741064 2.897000 129
2008.443500 0.114999 2.956000 129
2008.446300 3.896425 2.837000 129
2008.449000 4.009952 2.852000 129
2008.451700 4.957272 2.943000 129
2008.454500 0.259050 2.935000 129
2008.457200 1.061940 2.818000 129
2008.460000 1.314264 2.898000 129
2008.462700 2.568710 2.751000 129
2008.465400 5.179932 2.804000 129
2008.468200 2.886552 2.892000 129
2008.470900 2.024307 2.891000 129
2008.473600 1.295827 2.943000 129
2008.476400 3.079708 2.892000 129
2008.479100 3.152739 2.884000 129
2008.481900 4.328106 2.911000 129
2008.484600 7.656635 2.954000 129
2008.487300 2.191913 2.822000 129
2008.490100 -1.161512 2.930000 129
2008.492800 -0.658756 2.928000 129
2008.495600 -2.282728 2.885000 129
2008.498300 1.978496 2.863000 129
2008.501000 2.407456 2.932000 129
2008.503800 3.239651 2.846000 129
2008.506500 5.964065 2.844000 129
2008.509200 12.199210 2.956000 129
2008.512000 5.952555 2.988000 129
2008.514700 0.488147 3.004000 129
2008.517500 6.962917 3.119000 129
2008.520200 5.126954 2.955000 129
2008.522900 0.533718 3.028000 129
2008.525700 3.894630 3.066000 129
2008.528400 -3.080159 2.951000 129
2008.531100 -4.310218 2.921000 129
2008.533900 3.874845 2.983000 129
2008.536600 1.993241 2.965000 129
2008.539400 -4.061255 2.904000 129
2008.542100 -2.874392 2.889000 129
2008.544800 -4.993786 3.065000 129
2008.547600 2.230908 2.932000 129
2008.550300 0.584003 2.960000 129
2008.553000 -2.028146 2.915000 129
2008.555800 4.063782 2.917000 129
2008.558500 -2.516847 3.093000 129
2008.561300 -3.178404 2.939000 129
2008.564000 -1.295486 2.917000 129
2008.566700 0.971220 2.876000 129
2008.569500 4.845996 2.895000 129
2008.572200 3.775296 3.027000 129
2008.574900 4.922410 3.028000 129
2008.577700 3.160600 2.990000 129
2008.580400 2.071365 2.866000 129
2008.583200 8.229215 2.872000 129
2008.585900 4.532674 2.880000 129
2008.588600 2.480000 3.065000 129
2008.591400 3.547434 3.010000 129
2008.594100 -1.580472 2.923000 129
2008.596900 0.976749 2.989000 129
2008.599600 -0.891333 2.938000 129
2008.602300 -1.055481 3.027000 129
2008.605100 -1.921465 3.025000 129
2008.607800 -1.186699 2.968000 129
2008.610500 -3.732952 2.943000 129
2008.613300 2.933006 2.933000 129
2008.616000 -1.454233 2.981000 129
2008.618800 1.819776 3.013000 129
2008.621500 0.140622 2.858000 129
2008.624200 0.232538 2.996000 129
2008.627000 4.863768 3.065000 129
2008.629700 -3.634115 3.064000 129
2008.632400 0.023130 2.931000 129
2008.635200 2.872765 2.888000 129
2008.637900 2.467335 2.921000 129
2008.640700 -0.719650 2.842000 129
2008.643400 4.527331 2.989000 129
2008.646100 0.821548 2.938000 129
2008.648900 3.136304 2.879000 129
2008.651600 8.709068 2.897000 129
2008.654300 2.349135 2.997000 129
2008.657100 3.734846 3.107000 129
2008.659800 1.299603 2.940000 129
2008.662600 5.175079 3.038000 129
2008.665300 6.599624 2.984000 129
2008.668000 6.575592 3.056000 129
2008.670800 -0.423598 2.960000 129
2008.673500 3.324308 2.920000 129
2008.676200 1.333712 3.119000 129
2008.679000 2.199092 2.966000 129
2008.681700 -0.097412 2.881000 129
2008.684500 -0.891847 2.980000 129
2008.687200 0.171845 2.995000 129
2008.689900 3.081163 3.026000 129
2008.692700 -1.330301 2.970000 129
2008.695400 1.530370 2.951000 129
2008.698200 0.997363 3.031000 129
2008.700900 1.377492 2.917000 129
2008.703600 4.081375 2.924000 129
2008.706400 4.003744 2.886000 129
2008.709100 2.890242 3.003000 129
2008.711800 -1.290430 3.058000 129
2008.714600 0.918555 2.904000 129
2008.717300 1.014651 2.882000 129
2008.720100 4.102522 2.946000 129
2008.722800 2.618489 2.808000 129
2008.725500 5.151409 2.959000 129
2008.728300 1.805286 2.969000 129
2008.731000 -0.082776 2.898000 129
2008.733700 5.834188 2.887000 129
2008.736500 0.959294 2.854000 129
2008.739200 0.716416 3.010000 129
2008.742000 -3.129191 2.874000 129
2008.744700 -5.354818 2.892000 129
2008.747400 -0.044309 2.926000 129
2008.750200 -1.173336 2.876000 129
2008.752900 -2.304448 2.928000 129
2008.755600 4.851638 2.896000 129
2008.758400 6.435383 3.005000 129
2008.761100 -1.045032 2.842000 129
2008.763900 -0.800656 2.927000 129
2008.766600 -4.850498 2.891000 129
2008.769300 -0.523051 2.951000 129
2008.772100 3.848384 2.812000 129
2008.774800 2.712506 2.804000 129
2008.777500 3.161963 2.840000 129
2008.780300 -4.000395 2.821000 129
2008.783000 -3.870174 2.821000 129
2008.785800 -3.115638 2.849000 129
2008.788500 -5.724600 2.898000 129
2008.791200 -4.200162 2.873000 129
2008.794000 -6.889219 2.798000 129
2008.796700 -5.687898 2.817000 129
2008.799500 -0.384946 2.837000 129
2008.802200 -2.464707 2.828000 129
2008.804900 -2.505023 2.818000 129
2008.807700 -9.958524 2.849000 129
2008.810400 -5.050881 2.882000 129
2008.813100 -0.910778 2.825000 129
2008.815900 -3.252680 2.754000 129
2008.818600 -6.526593 2.803000 129
2008.821400 -9.136395 2.878000 129
2008.824100 -8.989315 2.924000 129
2008.826800 -9.651765 2.890000 129
2008.829600 -2.486940 2.841000 129
2008.832300 -3.777401 2.790000 129
2008.835000 -5.768398 2.851000 129
2008.837800 -0.646964 2.907000 129
2008.840500 1.809009 2.854000 129
2008.843300 4.901512 2.958000 129
2008.846000 -0.660568 2.872000 129
2008.848700 1.255787 2.819000 129
2008.851500 -0.864189 2.854000 129
2008.854200 0.181065 2.917000 129
2008.856900 5.601726 2.966000 129
2008.859700 -0.760817 2.797000 129
2008.862400 -1.890324 2.830000 129
2008.865200 -7.123956 2.907000 129
2008.867900 -2.316684 2.913000 129
2008.870600 2.729930 3.021000 129
2008.873400 -5.041476 2.929000 129
2008.876100 -6.619176 2.961000 129
2008.878900 -8.257834 2.916000 129
2008.881600 -6.949921 2.825000 129
2008.884300 -6.437754 2.873000 129
2008.887100 -4.735462 2.999000 129
2008.889800 -6.219802 2.984000 129
2008.892500 -4.467951 2.869000 129
2008.895300 -4.688908 2.917000 129
2008.898000 -3.222699 3.056000 129
2008.900800 -4.385261 2.938000 129
2008.903500 1.596207 2.874000 129
2008.906200 -3.211255 2.972000 129
2008.909000 -3.459446 2.825000 129
2008.911700 -1.536808 2.926000 129
2008.914400 -3.860180 2.956000 129
2008.917200 -1.243254 2.916000 129
2008.919900 4.135303 2.934000 129
2008.922700 -2.495832 2.892000 129
2008.925400 -3.301467 2.973000 129
2008.928100 -7.554261 3.014000 129
2008.930900 -6.386746 2.983000 129
2008.933600 -3.146921 3.055000 129
2008.936300 -0.568350 2.957000 129
2008.939100 -2.117485 2.932000 129
2008.941800 -7.978494 2.958000 129
2008.944600 -5.530228 3.003000 129
2008.947300 -1.116954 3.054000 129
2008.950000 11.911898 2.855000 129
2008.952800 3.001984 2.930000 129
2008.955500 0.499907 2.817000 129
2008.958200 0.718304 2.748000 129
2008.961000 2.145880 2.853000 129
2008.963700 1.532131 2.730000 129
2008.966500 1.960519 2.876000 129
2008.969200 0.223477 2.741000 129
2008.971900 -3.788271 2.773000 129
2008.974700 1.205039 2.790000 129
2008.977400 5.882777 2.812000 129
2008.980200 2.690513 2.760000 129
2008.982900 5.639587 2.809000 129
2008.985600 5.896771 2.809000 129
2008.988400 1.068854 2.837000 129
2008.991100 -2.105849 2.880000 129
2008.993800 -0.653552 2.905000 129
2008.996600 -2.615466 2.897000 129
2008.999300 -1.242278 2.901000 129
2009.002100 -1.727382 2.885000 129
2009.004800 3.837550 2.918000 129
2009.007500 2.656303 2.852000 129
2009.010300 -0.033366 2.887000 129
2009.013000 1.465914 2.967000 129
2009.015700 6.114909 2.928000 129
2009.018500 1.435346 2.832000 129
2009.021200 1.462658 2.894000 129
2009.024000 -0.127686 2.936000 129
2009.026700 -6.639196 2.843000 129
2009.029400 -5.947159 2.927000 129
2009.032200 -6.307928 2.970000 129
2009.034900 -5.078911 2.826000 129
2009.037600 -3.668443 2.899000 129
2009.040400 -4.638939 2.890000 129
2009.043100 -6.667680 2.779000 129
2009.045900 -5.565496 2.863000 129
2009.048600 -4.258570 2.850000 129
2009.051300 -4.980341 2.981000 129
2009.054100 -4.234352 2.892000 129
2009.056800 -1.800628 2.895000 129
2009.059500 3.418317 2.840000 129
2009.062300 -0.853146 2.894000 129
2009.065000 -0.497867 2.832000 129
2009.067800 3.629890 2.851000 129
2009.070500 2.350404 2.850000 129
2009.073200 0.194015 2.912000 129
2009.076000 -0.216067 2.813000 129
2009.078700 -1.285360 2.826000 129
2009.081500 -5.113463 2.877000 129
2009.084200 -1.845746 2.820000 129
2009.086900 0.873966 2.901000 129
2009.089700 -3.952305 2.874000 129
2009.092400 -6.182698 2.845000 129
2009.095100 -4.396150 2.840000 129
2009.097900 -2.301754 2.906000 129
2009.100600 4.752590 2.849000 129
2009.103400 5.705669 2.805000 129
2009.106100 1.753749 2.674000 129
2009.108800 7.455700 2.807000 129
2009.111600 3.087220 2.823000 129
2009.114300 -1.672167 2.950000 129
2009.117000 -2.026716 2.867000 129
2009.119800 2.144143 2.756000 129
2009.122500 2.837198 2.760000 129
2009.125300 0.033555 2.802000 129
2009.128000 1.328183 2.969000 129
2009.130700 4.607611 2.841000 129
2009.133500 1.176189 2.808000 129
2009.136200 -1.963843 2.818000 129
2009.138900 -4.521087 2.848000 129
2009.141700 -1.890328 2.850000 129
2009.144400 2.039951 2.816000 129
2009.147200 -1.207862 2.809000 129
2009.149900 -3.393064 2.843000 129
2009.152600 1.644516 2.810000 129
2009.155400 3.411870 2.850000 129
2009.158100 -1.806024 2.861000 129
2009.160800 -5.620129 2.834000 129
2009.163600 -1.863586 2.895000 129
2009.166300 -1.159145 2.808000 129
2009.169100 -5.053137 2.912000 129
2009.171800 4.709871 2.833000 129
2009.174500 1.450694 2.767000 129
2009.177300 -0.377030 2.971000 129
2009.180000 -3.945598 2.862000 129
2009.182800 5.239215 2.885000 129
2009.185500 1.583290 2.885000 129
2009.188200 -1.916778 2.914000 129
2009.191000 -1.286563 2.828000 129
2009.193700 -0.790928 2.869000 129
2009.196400 -3.846402 2.864000 129
2009.199200 -1.091685 2.816000 129
2009.201900 4.963615 2.870000 129
2009.204700 -1.849949 2.867000 129
2009.207400 -3.026823 2.855000 129
2009.210100 -4.361743 2.805000 129
2009.212900 -1.820602 2.832000 129
2009.215600 -0.969611 2.836000 129
2009.218300 0.142377 2.868000 129
2009.221100 -2.602642 2.896000 129
2009.223800 0.133350 2.878000 129
2009.226600 -4.774707 2.812000 129
2009.229300 -0.889647 2.821000 129
2009.232000 -0.369512 2.915000 129
2009.234800 -3.473478 2.971000 129
2009.237500 -3.267174 2.842000 129
2009.240200 4.803257 2.937000 129
2009.243000 -0.506461 2.955000 129
2009.245700 -1.528757 2.969000 129
2009.248500 2.499771 2.927000 129
2009.251200 -0.026181 2.972000 129
2009.253900 3.247080 2.910000 129
2009.256700 1.021132 2.896000 129
2009.259400 -9.136155 2.897000 129
2009.262100 -6.441175 2.888000 129
2009.264900 -3.871433 2.954000 129
2009.267600 4.303107 2.907000 129
2009.270400 3.010393 2.907000 129
2009.273100 -0.667434 2.891000 129
2009.275800 -6.340907 2.946000 129
2009.278600 -6.515653 2.909000 129
2009.281300 -6.392388 2.919000 129
2009.284100 2.186594 2.892000 129
2009.286800 1.643668 2.929000 129
2009.289500 -5.462818 2.899000 129
2009.292300 -7.591599 3.014000 129
2009.295000 -5.949175 2.901000 129
2009.297700 -7.828262 2.906000 129
2009.300500 -5.896653 3.037000 129
2009.303200 -3.374733 2.906000 129
2009.306000 -3.431121 2.949000 129
2009.308700 -1.136132 2.933000 129
2009.311400 0.900423 2.896000 129
2009.314200 0.569665 2.904000 129
2009.316900 -4.731623 2.939000 129
2009.319600 -1.998303 2.837000 129
2009.322400 -2.410299 2.989000 129
2009.325100 -1.857740 2.962000 129
2009.327900 -2.073496 3.002000 129
2009.330600 -0.364646 2.860000 129
2009.333300 2.422874 2.836000 129
2009.336100 0.838077 2.904000 129
2009.338800 2.080958 2.927000 129
2009.341500 4.414542 2.937000 129
2009.344300 2.153807 3.011000 129
2009.347000 -3.908184 2.843000 129
2009.349800 -1.271497 2.883000 129
2009.352500 0.862973 2.935000 129
2009.355200 -0.773808 2.881000 129
2009.358000 -0.854913 2.906000 129
2009.360700 0.112816 2.934000 129
2009.363400 3.058317 2.828000 129
2009.366200 -0.051510 2.958000 129
2009.368900 6.178543 2.927000 129
2009.371700 -1.263736 2.977000 129
2009.374400 -3.156107 2.932000 129
2009.377100 -5.869678 2.836000 129
2009.379900 -1.287590 3.025000 129
2009.382600 1.274442 2.931000 129
2009.385400 -2.316872 3.098000 129
2009.388100 -1.097222 3.029000 129
2009.390800 -3.890754 2.955000 129
2009.393600 -4.586645 2.907000 129
2009.396300 1.534456 2.994000 129
2009.399000 -5.324620 3.132000 129
2009.401800 -2.529071 3.028000 129
2009.404500 0.692495 3.117000 129
2009.407300 5.767675 3.296000 129
2009.410000 -2.907116 2.898000 129
2009.412700 2.497919 2.952000 129
2009.415500 0.207547 2.953000 129
2009.418200 -1.403777 2.976000 129
2009.420900 -2.118278 2.890000 129
2009.423700 2.576791 2.839000 129
2009.426400 2.901923 3.410000 129
2009.429200 5.057608 3.111000 129
2009.431900 1.744366 2.838000 129
2009.434600 4.291937 2.915000 129
2009.437400 2.385033 2.894000 129
2009.440100 -0.226785 2.880000 129
2009.442800 1.760201 2.874000 129
2009.445600 6.362681 2.941000 129
2009.448300 4.098260 2.890000 129
2009.451100 7.116311 2.998000 129
2009.453800 4.555469 2.795000 129
2009.456500 5.122415 2.867000 129
2009.459300 2.732798 2.919000 129
2009.462000 3.912301 3.046000 129
2009.464800 5.746217 3.021000 129
2009.467500 5.591262 3.016000 129
2009.470200 4.715077 2.869000 129
2009.473000 2.804269 2.985000 129
2009.475700 8.183604 2.979000 129
2009.478400 2.551699 3.174000 129
2009.481200 2.427132 3.072000 129
2009.483900 1.050725 2.951000 129
2009.486700 1.711632 3.058000 129
2009.489400 3.451712 3.011000 129
2009.492100 0.823535 2.899000 129
2009.494900 6.106634 3.169000 129
2009.497600 -0.961074 2.996000 129
2009.500300 2.229955 2.995000 129
2009.503100 6.089221 3.047000 129
2009.505800 3.206706 3.112000 129
2009.508600 1.505405 2.931000 129
2009.511300 4.103339 2.941000 129
2009.514000 2.919001 2.868000 129
2009.516800 3.216845 2.975000 129
2009.519500 2.703952 2.902000 129
2009.522200 3.527786 3.050000 129
2009.525000 1.917772 3.032000 129
2009.527700 -1.771947 2.977000 129
2009.530500 1.081466 2.890000 129
2009.533200 -1.421802 2.928000 129
2009.535900 -1.346336 2.950000 129
2009.538700 -1.459762 2.886000 129
2009.541400 -3.285832 2.920000 129
2009.544100 -2.411160 2.998000 129
2009.546900 2.368602 3.000000 129
2009.549600 -0.000239 2.956000 129
2009.552400 2.944001 2.985000 129
2009.555100 8.311666 2.997000 129
2009.557800 5.845097 3.071000 129
2009.560600 -1.658400 3.104000 129
2009.563300 4.608574 2.980000 129
2009.566100 -2.004383 2.921000 129
2009.568800 -5.797836 2.842000 129
2009.571500 -5.526486 2.971000 129
2009.574300 7.612937 3.139000 129
2009.577000 3.700912 2.996000 129
2009.579700 -2.331281 3.065000 129
2009.582500 1.365610 2.938000 129
2009.585200 -5.993895 2.967000 129
2009.588000 -1.771302 2.920000 129
2009.590700 -1.710071 2.966000 129
2009.593400 -4.353950 2.978000 129
2009.596200 -2.286705 3.021000 129
2009.598900 -1.445768 2.988000 129
2009.601600 0.505099 2.949000 129
2009.604400 -3.492873 2.993000 129
2009.607100 -8.812099 2.919000 129
2009.609900 -5.560136 2.931000 129
2009.612600 -3.633392 3.125000 129
2009.615300 -8.157637 3.691000 129
2009.618100 -0.516639 3.710000 129
2009.620800 7.923193 3.545000 129
2009.623500 1.823089 2.906000 129
2009.626300 -0.302707 2.990000 129
2009.629000 1.277380 2.872000 129
2009.631800 3.591823 2.975000 129
2009.634500 0.319182 3.018000 129
2009.637200 1.634706 3.450000 129
2009.640000 0.286668 3.008000 129
2009.642700 -0.482408 3.204000 129
2009.645400 1.096746 3.182000 129
2009.648200 -5.563570 4.014000 129
2009.653700 -6.019593 3.412000 129
2009.656400 -0.713274 3.024000 129
2009.659100 -2.328610 2.914000 129
2009.661900 5.888763 3.480000 129
2009.664600 3.239202 3.018000 129
2009.667400 -0.519569 3.275000 129
2009.670100 -3.853255 2.963000 129
2009.672800 0.288526 2.946000 129
2009.675600 -4.234774 3.009000 129
2009.678300 2.640035 3.094000 129
2009.683800 -1.687205 3.599000 129
2009.686500 6.781329 3.989000 129
2009.689300 2.387018 4.564000 129
2009.692000 3.445840 3.574000 129
2009.694700 1.284333 3.163000 129
2009.697500 3.661135 2.912000 129
2009.700200 2.682072 2.924000 129
2009.702900 2.908757 3.074000 129
2009.705700 1.029914 3.041000 129
2009.708400 0.154201 3.021000 129
2009.711200 -1.025928 2.906000 129
2009.713900 -3.106937 3.026000 129
2009.716600 -1.256071 2.889000 129
2009.719400 1.867554 3.101000 129
2009.722100 -2.285723 2.956000 129
2009.724800 -3.221052 2.977000 129
2009.727600 -1.952441 3.016000 129
2009.730300 -5.536765 2.944000 129
2009.733100 -2.721024 2.947000 129
2009.735800 -3.101247 2.874000 129
2009.738500 0.204595 2.922000 129
2009.741300 -1.842308 2.912000 129
2009.744000 3.328773 2.955000 129
2009.746700 1.767985 2.974000 129
2009.749500 -2.373355 2.872000 129
2009.752200 1.755225 2.939000 129
2009.755000 2.371384 2.864000 129
2009.757700 3.543415 2.866000 129
2009.760400 1.239678 2.857000 129
2009.763200 -2.538285 2.887000 129
2009.765900 4.302541 2.911000 129
2009.768700 -1.926726 3.185000 129
2009.771400 0.080735 2.871000 129
2009.774100 1.776513 2.868000 129
2009.776900 1.037393 2.887000 129
2009.779600 3.772900 2.934000 129
2009.782300 6.717767 2.984000 129
2009.785100 -2.601069 2.960000 129
2009.787800 -1.004392 2.996000 129
2009.790600 -4.207289 2.985000 129
2009.793300 -5.968755 3.025000 129
2009.796000 0.992196 2.980000 129
2009.798800 2.343764 3.018000 129
2009.801500 3.267630 3.083000 129
2009.804200 -6.325062 3.019000 129
2009.807000 3.678047 2.946000 129
2009.809700 2.979312 2.993000 129
2009.812500 1.111498 3.002000 129
2009.815200 2.546740 3.091000 129
2009.817900 -0.401553 3.022000 129
2009.820700 7.984250 3.004000 129
2009.823400 10.030949 3.008000 129
2009.826100 9.457118 2.937000 129
2009.828900 2.794548 3.010000 129
2009.831600 0.105707 2.944000 129
2009.834400 -1.091766 2.992000 129
2009.837100 -2.751627 2.972000 129
2009.839800 -1.382031 2.998000 129
2009.842600 -1.547917 3.035000 129
2009.845300 0.983629 3.091000 129
2009.848000 -0.014387 3.133000 129
2009.850800 4.662254 3.093000 129
2009.853500 4.532141 2.947000 129
2009.856300 0.532772 2.971000 129
2009.859000 -3.702479 3.099000 129
2009.861700 -0.429344 2.984000 129
2009.864500 4.646657 3.130000 129
2009.867200 4.709578 2.989000 129
2009.870000 1.997438 3.032000 129
2009.872700 -1.116915 3.063000 129
2009.875400 -2.699953 3.032000 129
2009.878200 -5.407956 3.129000 129
2009.880900 1.255628 3.153000 129
2009.883600 -5.557528 3.109000 129
2009.886400 -3.836566 3.077000 129
2009.889100 -0.518219 2.941000 129
2009.891900 0.997295 2.986000 129
2009.894600 -4.588943 2.973000 129
2009.897300 -4.483028 2.908000 129
2009.900100 -4.660890 2.941000 129
2009.902800 -1.303704 2.964000 129
2009.905500 0.062559 3.000000 129
2009.908300 4.244090 3.027000 129
2009.911000 2.401468 2.951000 129
2009.913800 0.375133 2.983000 129
2009.916500 -1.234488 2.941000 129
2009.919200 3.412830 2.918000 129
2009.922000 0.548455 2.903000 129
2009.924700 1.497596 3.017000 129
2009.927400 3.271588 2.953000 129
2009.930200 4.982887 2.977000 129
2009.932900 7.123514 2.938000 129
2009.935700 8.791441 2.865000 129
2009.938400 3.828571 3.056000 129
2009.941100 6.078389 3.084000 129
2009.943900 5.126485 2.982000 129
2009.946600 5.024603 3.024000 129
2009.949300 7.020308 2.908000 129
2009.952100 4.362252 2.935000 129
2009.954800 0.130047 2.961000 129
2009.957600 -0.152954 2.874000 129
2009.960300 -0.270214 2.963000 129
2009.963000 -0.930063 2.966000 129
2009.965800 -1.561771 2.944000 129
2009.968500 -1.524894 3.021000 129
2009.971300 3.512075 2.976000 129
2009.974000 8.291530 2.911000 129
2009.976700 7.048215 2.858000 129
2009.979500 -1.579095 2.881000 129
2009.982200 0.685944 2.944000 129
2009.984900 0.428103 2.986000 129
2009.987700 -1.205830 2.967000 129
2009.990400 0.500461 2.874000 129
2009.993200 2.374587 2.874000 129
2009.995900 4.396860 2.994000 129
2009.998600 1.048071 2.996000 129
2010.001400 -2.444001 2.951000 129
2010.004100 1.250972 2.972000 129
2010.006800 -1.801226 3.025000 129
2010.009600 -0.248833 2.946000 129
2010.012300 1.192515 2.909000 129
2010.015100 1.228362 2.905000 129
2010.017800 2.837113 2.951000 129
2010.020500 0.281520 2.930000 129
2010.023300 0.128283 2.873000 129
2010.026000 -1.143115 2.961000 129
2010.028700 -0.612957 3.054000 129
2010.031500 -1.703593 2.974000 129
2010.034200 0.185561 2.987000 129
2010.037000 1.666817 3.158000 129
2010.039700 -1.437162 3.062000 129
2010.042400 0.692257 2.952000 129
2010.045200 4.786617 2.929000 129
2010.047900 4.911719 3.003000 129
2010.050700 8.406651 3.041000 129
2010.053400 10.659318 2.955000 129
2010.056100 13.416240 2.917000 129
2010.058900 12.654824 2.866000 129
2010.061600 6.939145 2.885000 129
2010.064300 2.424642 2.885000 129
2010.067100 -1.544369 2.874000 129
2010.069800 -0.509625 3.039000 129
2010.072600 -2.523505 2.902000 129
2010.075300 -4.813610 2.963000 129
2010.078000 -7.258655 2.924000 129
2010.080800 -4.846496 2.900000 129
2010.083500 -2.788521 2.913000 129
2010.086200 -1.574547 2.874000 129
2010.089000 -0.031540 2.970000 129
2010.091700 0.652338 2.858000 129
2010.094500 1.213135 3.047000 129
2010.097200 0.373849 2.998000 129
2010.099900 -3.601524 2.809000 129
2010.102700 -4.232147 2.872000 129
2010.105400 -0.703775 2.945000 129
2010.108100 1.604470 2.973000 129
2010.110900 -0.765702 3.062000 129
2010.113600 2.510211 2.971000 129
2010.116400 -1.872401 2.945000 129
2010.119100 0.442139 3.030000 129
2010.121800 -1.930499 3.060000 129
2010.124600 -0.580822 3.029000 129
2010.127300 -4.046883 3.083000 129
2010.130000 -1.290144 2.966000 129
2010.132800 0.809759 2.990000 129
2010.135500 3.550041 2.954000 129
2010.138300 1.384387 2.848000 129
2010.141000 1.328197 2.868000 129
2010.143700 1.551791 3.032000 129
2010.146500 -4.206694 3.142000 129
2010.149200 -0.649580 2.929000 129
2010.152000 -2.647638 2.927000 129
2010.154700 -3.261004 2.891000 129
2010.157400 2.230417 2.925000 129
2010.160200 0.589536 2.960000 129
2010.162900 -0.894508 2.940000 129
2010.165600 -1.558756 2.989000 129
2010.168400 2.880573 2.994000 129
2010.171100 0.223890 2.859000 129
2010.173900 1.598705 3.240000 129
2010.176600 -1.645389 2.985000 129
2010.179300 0.398346 2.876000 129
2010.182100 -4.104529 2.866000 129
2010.184800 -1.079157 2.865000 129
2010.187500 1.782071 2.962000 129
2010.190300 -1.791411 3.257000 129
2010.193000 -3.747486 3.159000 129
2010.195800 -0.577331 2.962000 129
2010.198500 -2.554662 2.994000 129
2010.201200 -9.869082 3.151000 129
2010.204000 -14.895358 3.138000 129
2010.206700 -8.307958 2.964000 129
2010.209400 -4.484608 2.921000 129
2010.212200 -8.441192 2.842000 129
2010.214900 -8.462938 2.935000 129
2010.217700 -12.093664 2.881000 129
2010.220400 -7.649446 2.975000 129
2010.223100 0.338796 3.263000 129
2010.225900 -8.585005 3.102000 129
2010.228600 -5.002703 2.919000 129
2010.231300 -0.073330 2.961000 129
2010.234100 -8.945053 2.964000 129
2010.236800 -8.967520 3.011000 129
2010.239600 -3.040116 3.024000 129
2010.242300 1.474646 3.086000 129
2010.245000 4.399566 2.990000 129
2010.247800 -3.693687 2.914000 129
2010.250500 -0.938432 3.147000 129
2010.253300 0.577626 3.346000 129
2010.261500 -4.780127 3.877000 129
2010.264200 -4.192705 3.069000 129
2010.266900 -5.768986 3.020000 129
2010.269700 -0.459518 3.195000 129
2010.272400 -0.108176 3.018000 129
2010.275200 -2.019099 3.020000 129
2010.277900 1.794938 3.023000 129
2010.280600 -3.163640 2.886000 129
2010.283400 -3.273500 3.093000 129
2010.286100 -5.824278 3.092000 129
2010.288800 -4.274621 3.063000 129
2010.291600 -8.422258 2.953000 129
2010.294300 -10.348699 2.967000 129
2010.297100 -3.147440 3.034000 129
2010.299800 0.673086 3.111000 129
2010.302500 1.992129 2.973000 129
2010.305300 2.157864 3.033000 129
2010.308000 1.309968 3.025000 129
2010.310700 -3.226366 2.901000 129
2010.313500 -4.585012 2.990000 129
2010.316200 -5.338196 2.891000 129
2010.319000 -2.807693 3.047000 129
2010.321700 2.955330 2.965000 129
2010.324400 0.184983 3.005000 129
2010.327200 3.351320 2.979000 129
2010.329900 2.999258 2.948000 129
2010.332600 1.973863 2.942000 129
2010.335400 -0.253850 2.976000 129
2010.338100 0.033110 3.003000 129
2010.340900 -1.756248 3.005000 129
2010.343600 1.878112 2.884000 129
2010.346300 -2.820809 2.934000 129
2010.349100 0.178950 2.938000 129
2010.351800 2.854487 2.926000 129
2010.354600 2.646701 3.035000 129
2010.357300 2.081729 2.999000 129
2010.360000 -0.005480 3.084000 129
2010.362800 -2.419016 2.976000 129
2010.365500 -4.380689 2.953000 129
2010.368200 -2.559580 2.970000 129
2010.371000 -1.709803 2.921000 129
2010.373700 3.839879 2.857000 129
2010.376500 -0.879775 2.878000 129
2010.379200 0.634500 3.129000 129
2010.381900 4.166581 3.121000 129
2010.384700 0.067318 2.879000 129
2010.387400 6.375016 2.964000 129
2010.390100 6.045531 2.958000 129
2010.392900 1.576688 2.878000 129
2010.395600 1.427835 2.905000 129
2010.398400 0.575615 3.050000 129
2010.401100 -6.233598 2.930000 129
2010.403800 -3.157987 2.928000 129
2010.406600 -1.306760 3.104000 129
2010.409300 0.852495 2.961000 129
2010.412000 -0.801425 2.852000 129
2010.414800 1.569250 2.893000 129
2010.417500 3.298972 2.888000 129
2010.420300 2.536274 2.990000 129
2010.423000 9.166634 3.121000 129
2010.425700 5.715813 2.980000 129
2010.428500 3.204548 2.859000 129
2010.431200 0.924354 2.917000 129
2010.433900 2.974974 2.841000 129
2010.436700 -1.221879 2.939000 129
2010.439400 9.517353 3.056000 129
2010.442200 -0.462909 3.483000 129
2010.444900 3.079924 2.803000 129
2010.447600 -3.210445 3.040000 129
2010.450400 -1.554339 2.989000 129
2010.458600 2.716316 3.871000 129
2010.461300 3.624876 3.428000 129
2010.464100 1.341853 2.887000 129
2010.466800 3.003957 3.225000 129
2010.469500 3.032832 3.007000 129
2010.472300 -4.378913 2.922000 129
2010.475000 -3.053516 2.922000 129
2010.477800 2.481235 2.975000 129
2010.480500 -2.772859 3.262000 129
2010.483200 -0.565201 2.928000 129
2010.486000 4.169773 2.868000 129
2010.488700 1.380919 2.932000 129
2010.491400 4.740809 3.473000 129
2010.494200 -0.158022 2.891000 129
2010.499700 5.058952 2.903000 129
2010.502400 2.422774 2.813000 129
2010.505100 0.787328 3.636000 129
2010.507900 -2.737900 4.199000 129
2010.513300 -3.947163 3.482000 129
2010.516100 -4.017246 3.630000 129
2010.535200 -4.962932 3.791000 129
2010.538000 2.896713 2.783000 129
2010.551700 3.290808 2.933000 129
2010.570800 -4.466281 3.290000 129
2010.603700 -0.218283 3.717000 129
2010.606400 -0.142501 3.984000 129
2010.611900 -1.775789 3.933000 129
2010.617400 1.220950 3.430000 129
2010.620100 -1.486232 2.772000 129
2010.631100 -8.011709 3.942000 129
2010.633800 -1.318389 3.925000 129
2010.644800 -2.989773 3.520000 129
2010.647500 -10.030426 4.055000 129
2010.650200 -5.471810 3.656000 129
2010.661200 4.439474 3.001000 129
2010.663900 -3.254192 2.865000 129
2010.666700 -2.164077 2.694000 129
2010.669400 0.200120 2.742000 129
2010.672100 -4.937223 3.369000 129
2010.674900 0.092342 2.948000 129
2010.677600 2.254015 2.739000 129
2010.680400 3.972686 2.732000 129
2010.683100 4.390476 3.318000 129
2010.685800 6.508854 3.790000 129
2010.691300 1.626026 3.334000 129
2010.694000 -3.862657 3.463000 129
2010.699500 1.223703 3.713000 129
2010.702300 -0.425146 3.511000 129
2010.705000 -3.850862 2.987000 129
2010.707700 -3.345785 2.753000 129
2010.710500 -0.134138 3.317000 129
2010.713200 -0.740370 3.702000 129
2010.715900 0.994267 2.864000 129
2010.718700 3.051648 3.079000 129
2010.721400 4.305129 3.055000 129
2010.726900 -2.345101 2.936000 129
2010.729600 -3.907686 2.721000 129
2010.732400 -1.672221 2.926000 129
2010.735100 -3.945717 2.771000 129
2010.737900 -2.180038 3.191000 129
2010.740600 -4.524351 3.186000 129
2010.743300 -0.146560 3.332000 129
2010.746100 1.553598 3.352000 129
2010.748800 -1.344295 2.698000 129
2010.751500 -2.933021 3.321000 129
2010.754300 0.147815 4.067000 129
2010.757000 -1.267470 3.063000 129
2010.759800 -4.156062 2.896000 129
2010.762500 -0.070829 2.807000 129
2010.765200 -1.848333 2.736000 129
2010.768000 -0.952947 2.801000 129
2010.770700 -4.351826 2.920000 129
2010.773400 -3.480391 2.807000 129
2010.776200 -3.657870 2.703000 129
2010.778900 -4.692714 2.815000 129
2010.781700 -5.981341 2.748000 129
2010.784400 -3.455407 2.960000 129
2010.787100 -0.665091 3.257000 129
2010.798100 -0.067430 4.136000 129
2010.800800 2.378063 3.079000 129
2010.814500 13.378258 2.749000 129
2010.817200 2.131585 2.738000 129
2010.820000 0.772993 2.714000 129
2010.822700 -5.892688 2.676000 129
2010.825500 -7.004177 2.813000 129
2010.828200 1.091135 2.793000 129
2010.830900 -6.543086 3.207000 129
2010.833700 -5.559953 3.518000 129
2010.836400 -12.085192 2.822000 129
2010.839200 -11.765974 2.757000 129
2010.841900 -7.192249 2.739000 129
2010.844600 -4.194077 2.674000 129
2010.847400 -6.696304 2.679000 129
2010.855600 -1.621435 4.276000 129
2010.861100 -3.768845 2.826000 129
2010.863800 -12.101639 3.409000 129
2010.877500 -6.093993 3.167000 129
2010.880200 -6.379738 3.357000 129
2010.883000 -3.570398 4.215000 129
2010.888400 -3.966555 14.919000 129
2010.896600 0.365718 2.800000 129
2010.899400 2.026556 2.751000 129
2010.902100 -5.733542 2.857000 129
2010.904900 -3.045388 2.659000 129
2010.907600 2.750695 2.727000 129
2010.910300 -1.411190 2.729000 129
2010.913100 -6.180790 2.813000 129
2010.915800 -5.129659 2.741000 129
2010.918500 -2.758582 2.805000 129
2010.921300 -1.873199 2.835000 129
2010.924000 -3.927283 2.700000 129
2010.926800 0.687943 2.764000 129
2010.929500 -4.607426 2.751000 129
2010.935000 -3.495272 3.218000 129
2010.943200 -1.866761 3.554000 129
2010.948700 -2.149583 2.748000 129
2010.951400 3.683555 2.853000 129
2010.954100 9.811219 2.774000 129
2010.956900 5.932092 2.741000 129
2010.959600 1.734720 2.789000 129
2010.962400 5.117518 2.660000 129
2010.965100 -0.900037 2.632000 129
2010.967800 -1.394244 2.674000 129
2010.970600 -6.865353 2.681000 129
2010.973300 -4.415963 2.768000 129
2010.976000 -5.297335 2.755000 129
2010.978800 -8.543692 2.721000 129
2010.981500 -8.759690 2.713000 129
2010.984300 -4.187737 2.743000 129
2010.987000 -6.806510 2.664000 129
2010.989700 -2.734228 2.956000 129
2010.995200 3.682183 3.677000 129
2010.997900 3.762413 2.665000 129
2011.000700 -2.077628 2.638000 129
2011.003400 -5.864617 2.663000 129
2011.006200 -5.545962 2.758000 129
2011.008900 -6.326316 3.077000 129
2011.011600 -10.746902 3.140000 129
2011.014400 -5.697977 2.839000 129
2011.017100 -3.211142 2.765000 129
2011.019800 -1.739643 2.718000 129
2011.022600 -2.381775 2.710000 129
2011.025300 -6.977063 2.773000 129
2011.028100 -11.828082 2.826000 129
2011.030800 -11.983292 2.740000 129
2011.033500 -9.604002 2.707000 129
2011.036300 -9.228599 2.731000 129
2011.039000 -11.671426 2.797000 129
2011.041800 -9.689246 2.731000 129
2011.044500 -4.283315 2.821000 129
2011.047200 -4.047039 2.915000 129
2011.050000 -0.920919 2.882000 129
2011.052700 -7.789062 3.134000 129
2011.055400 -1.458945 3.080000 129
2011.058200 -0.650151 3.131000 129
2011.063700 -3.975526 2.764000 129
2011.066400 -3.525687 2.663000 129
2011.069100 -3.523715 2.897000 129
2011.071900 -5.411351 2.754000 129
2011.074600 -6.294216 2.759000 129
2011.077300 -5.902015 3.135000 129
2011.080100 -4.160596 2.876000 129
2011.082800 -8.252364 2.750000 129
2011.085600 -4.084029 2.768000 129
2011.088300 -9.517846 2.756000 129
2011.091000 -13.777697 3.218000 129
2011.093800 -11.140615 3.454000 129
2011.104700 -1.624375 3.526000 129
2011.107500 -7.250061 3.155000 129
2011.110200 -4.120701 4.006000 129
2011.115700 -7.266788 2.836000 129
2011.118400 -6.042944 2.788000 129
2011.121100 -6.191276 3.273000 129
2011.123900 -5.684279 3.836000 129
2011.126600 -5.431031 3.024000 129
2011.129400 -1.447556 2.803000 129
2011.132100 -3.344753 2.731000 129
2011.134800 -1.987157 2.751000 129
2011.137600 1.101515 2.720000 129
2011.140300 -2.033359 2.751000 129
2011.143100 -5.223254 2.931000 129
2011.145800 -5.615607 2.863000 129
2011.162200 -9.274511 4.734000 129
2011.181400 0.647648 7.931000 129
2011.186900 -10.414678 3.595000 129
2011.195100 -9.796666 2.693000 129
2011.197800 -6.859712 2.771000 129
2011.200500 -9.449851 2.721000 129
2011.203300 -3.482839 3.250000 129
2011.206000 -11.996165 2.946000 129
2011.208800 -10.501393 3.202000 129
2011.217000 -2.262790 3.963000 129
2011.219700 -5.932316 3.391000 129
2011.227900 -7.964821 5.966000 129
2011.233400 -3.563689 2.919000 129
2011.255300 -8.585607 2.748000 129
2011.258000 -5.853507 2.903000 129
2011.260800 -5.448631 3.013000 129
2011.263500 -2.466024 2.791000 129
2011.266300 1.341340 2.706000 129
2011.269000 -3.708475 2.793000 129
2011.271700 -5.128961 2.754000 129
2011.274500 -10.646712 2.827000 129
2011.277200 -6.173513 2.847000 129
2011.279900 -5.139932 2.759000 129
2011.282700 -3.187634 2.770000 129
2011.285400 -7.516263 2.695000 129
2011.288200 -6.201182 2.718000 129
2011.290900 -2.156952 2.690000 129
2011.293600 -2.331257 3.121000 129
2011.296400 -1.196862 2.978000 129
2011.299100 -3.218208 2.833000 129
2011.301800 -5.913041 3.653000 129
2011.304600 -4.988181 3.559000 129
2011.307300 -1.675961 2.754000 129
2011.310100 -2.828051 2.722000 129
2011.312800 -4.757716 2.971000 129
2011.315500 -2.398795 3.127000 129
2011.318300 -4.378187 3.934000 129
2011.321000 -4.384066 2.837000 129
2011.323800 -4.578261 2.737000 129
2011.326500 -4.310887 2.884000 129
2011.329200 -5.930860 2.958000 129
2011.332000 -7.164151 3.575000 129
2011.334700 -3.650798 2.697000 129
2011.337400 -9.125758 2.806000 129
2011.340200 -6.035036 2.751000 129
2011.342900 -3.364602 3.019000 129
2011.345700 4.281512 3.100000 129
2011.348400 0.216380 3.053000 129
2011.351100 0.013983 2.734000 129
2011.353900 -1.710735 2.740000 129
2011.356600 -5.072644 3.276000 129
2011.359300 -6.101793 3.043000 129
2011.362100 -10.542267 3.296000 129
2011.370300 -0.452884 2.991000 129
2011.378500 -2.895423 3.403000 129
2011.397700 -3.084970 2.753000 129
2011.400400 -0.944137 2.885000 129
2011.403100 5.201519 4.036000 129
2011.419600 -6.483941 3.963000 129
2011.425100 -4.848563 2.958000 129
2011.427800 -3.427525 2.767000 129
2011.430500 -3.477671 2.795000 129
2011.433300 -6.277278 2.812000 129
2011.438700 -3.162523 3.079000 129
2011.441500 -1.462731 3.243000 129
2011.447000 -3.376475 3.832000 129
2011.449700 -3.654002 3.520000 129
2011.452400 -1.454736 2.774000 129
2011.455200 2.935985 3.064000 129
2011.457900 -0.949180 3.444000 129
2011.466100 -2.956363 3.787000 129
2011.468900 -8.685805 3.355000 129
2011.471600 -1.800111 3.038000 129
2011.474300 -4.928652 2.838000 129
2011.477100 -6.500836 2.791000 129
2011.479800 -2.289867 2.693000 129
2011.482500 1.184855 2.871000 129
2011.485300 3.673897 2.846000 129
2011.488000 4.253109 2.991000 129
2011.490800 0.204615 2.800000 129
2011.493500 -5.855696 3.479000 129
2011.499000 0.492418 2.871000 129
2011.501700 -4.838691 3.565000 129
2011.507200 -6.811224 3.853000 129
2011.531800 1.975851 3.048000 129
2011.534600 -1.725158 2.827000 129
2011.537300 2.003171 3.441000 129
2011.540000 -5.438764 3.611000 129
2011.553700 -5.224613 3.670000 129
2011.556500 -3.843749 3.648000 129
2011.561900 -3.353349 2.768000 129
2011.589300 -1.037103 3.748000 129
2011.594800 -5.191631 3.339000 129
2011.597500 -1.717653 3.442000 129
2011.600300 -1.722533 3.505000 129
2011.603000 -1.937696 2.979000 129
2011.611200 -1.652186 4.691000 129
2011.614000 -3.725226 3.365000 129
2011.627700 -2.563381 3.857000 129
2011.635900 1.431728 3.769000 129
2011.638600 1.418345 3.618000 129
2011.644100 5.923456 2.817000 129
2011.646800 -1.031263 2.884000 129
2011.655000 -10.330444 2.888000 129
2011.657800 -5.687642 3.755000 129
2011.666000 -1.485556 3.812000 129
2011.668700 -1.330475 4.617000 129
2011.676900 -2.164970 3.898000 129
2011.679700 -0.830445 4.823000 129
2011.693400 -6.335027 3.601000 129
2011.696100 -5.766177 3.765000 129
2011.704300 0.418415 3.772000 129
2011.720700 -8.221956 2.762000 129
2011.723500 -8.316866 2.740000 129
2011.726200 -3.657694 2.730000 129
2011.729000 -1.656550 2.755000 129
2011.731700 -0.949349 2.802000 129
2011.734400 -3.480116 2.849000 129
2011.737200 -1.523723 2.805000 129
2011.739900 -5.580320 2.820000 129
2011.742600 -2.159817 2.800000 129
2011.745400 -5.966964 2.872000 129
2011.748100 -4.228157 2.852000 129
2011.750900 -6.425869 2.817000 129
2011.753600 -2.629672 2.787000 129
2011.756300 -7.576273 3.016000 129
2011.759100 -6.657197 2.768000 129
2011.761800 -6.005288 2.901000 129
2011.764500 -9.583121 2.885000 129
2011.767300 -12.946082 2.788000 129
2011.770000 -8.522298 2.806000 129
2011.772800 -5.995509 2.864000 129
2011.775500 -2.709043 2.872000 129
2011.778200 -7.100236 2.832000 129
2011.781000 -7.706229 2.830000 129
2011.783700 -5.308652 2.801000 129
2011.786400 -4.313695 2.702000 129
2011.789200 -4.329344 2.766000 129
2011.791900 -5.027542 2.824000 129
2011.794700 -6.594218 2.758000 129
2011.797400 -5.094528 2.792000 129
2011.800100 -6.820407 2.758000 129
2011.802900 -7.008577 2.821000 129
2011.805600 -8.428518 2.722000 129
2011.808400 -5.271628 2.818000 129
2011.811100 -3.481607 2.824000 129
2011.813800 -4.957124 2.967000 129
2011.816600 -3.968633 2.767000 129
2011.819300 -7.388164 2.826000 129
2011.822000 -6.472227 2.742000 129
2011.824800 -4.602110 2.809000 129
2011.827500 -6.948180 2.735000 129
2011.830300 -3.048961 2.791000 129
2011.833000 -3.516042 2.775000 129
2011.835700 -9.545659 2.952000 129
2011.838500 -5.554833 2.809000 129
2011.841200 -1.633484 2.789000 129
2011.843900 -2.206687 2.705000 129
2011.846700 -5.795300 2.743000 129
2011.849400 -5.234574 2.724000 129
2011.852200 -9.881167 3.005000 129
2011.854900 -14.618548 2.800000 129
2011.857600 -9.346523 2.860000 129
2011.860400 -2.526693 2.820000 129
2011.863100 3.712157 2.752000 129
2011.865800 0.324375 2.832000 129
2011.868600 1.712513 2.823000 129
2011.871300 -2.497527 2.760000 129
2011.874100 -2.596579 2.777000 129
2011.876800 -2.931943 2.882000 129
2011.879500 4.329981 2.845000 129
2011.882300 5.226983 2.833000 129
2011.885000 5.250472 2.833000 129
2011.887700 -1.287810 2.833000 129
2011.890500 -6.786937 2.797000 129
2011.893200 -3.715780 2.804000 129
2011.896000 -2.286426 2.852000 129
2011.898700 -1.416924 2.791000 129
2011.901400 -5.373307 2.779000 129
2011.904200 -6.749442 2.873000 129
2011.906900 -7.391630 2.830000 129
2011.909700 -5.314544 2.831000 129
2011.912400 -1.708647 2.791000 129
2011.915100 -5.464767 2.826000 129
2011.917900 0.742413 2.884000 129
2011.920600 0.634207 2.834000 129
2011.923300 -5.782104 2.861000 129
2011.926100 -8.372105 2.878000 129
2011.928800 -5.461686 3.050000 129
2011.931600 -2.865959 2.876000 129
2011.934300 -1.156937 2.830000 129
2011.937000 -2.849177 2.899000 129
2011.939800 -3.711126 2.975000 129
2011.942500 -2.281964 2.939000 129
2011.945200 3.726836 2.835000 129
2011.948000 -1.728103 2.814000 129
2011.950700 -1.155107 2.727000 129
2011.953500 -1.365880 2.908000 129
2011.956200 -2.989831 2.906000 129
2011.958900 -4.467318 2.757000 129
2011.961700 0.611370 2.732000 129
2011.964400 0.973720 2.796000 129
2011.967100 1.237426 2.768000 129
2011.969900 4.232237 2.702000 129
2011.972600 -1.885441 2.717000 129
2011.975400 -1.982068 2.807000 129
2011.978100 -7.945279 2.736000 129
2011.980800 -7.974316 2.727000 129
2011.983600 -1.787394 2.772000 129
2011.986300 1.800813 2.752000 129
2011.989000 -0.460916 2.729000 129
2011.991800 0.579210 2.665000 129
2011.994500 0.279501 2.726000 129
2011.997300 0.932572 2.738000 129
2012.000000 -4.833265 2.769000 129
2012.002700 -8.480218 2.770000 129
2012.005500 -6.224515 2.713000 129
2012.008200 -6.924815 2.678000 129
2012.011000 -2.859547 2.711000 129
2012.013700 1.845663 2.763000 129
2012.016400 -0.814421 2.709000 129
2012.019200 -0.734076 2.669000 129
2012.021900 0.058139 2.638000 129
2012.024600 -1.197041 2.682000 129
2012.027400 -2.298939 2.692000 129
2012.030100 -0.904024 2.730000 129
2012.032900 -2.769929 2.721000 129
2012.035600 -4.286052 2.717000 129
2012.038300 -1.242730 2.682000 129
2012.041100 4.082613 2.721000 129
2012.043800 1.692708 2.757000 129
2012.046500 3.274157 2.736000 129
2012.049300 7.708464 2.766000 129
2012.052000 7.997507 2.774000 129
2012.054800 7.454298 2.670000 129
2012.057500 4.800822 2.695000 129
2012.060200 1.843560 2.833000 129
2012.063000 2.726877 2.691000 129
2012.065700 -1.240063 2.738000 129
2012.068400 -3.780864 2.632000 129
2012.071200 -2.325258 2.705000 129
2012.073900 -4.938884 2.712000 129
2012.076700 -2.143219 2.771000 129
2012.079400 1.903239 2.732000 129
2012.082100 -1.611274 2.752000 129
2012.084900 1.449331 2.707000 129
2012.087600 -1.063221 2.707000 129
2012.090300 -1.894802 2.768000 129
2012.093100 -2.236436 2.748000 129
2012.095800 -2.794165 2.786000 129
2012.098600 -1.463060 2.726000 129
2012.101300 -2.805002 2.804000 129
2012.104000 -2.129051 2.739000 129
2012.106800 -1.138433 2.785000 129
2012.109500 -3.710778 2.782000 129
2012.112300 -0.193566 2.822000 129
2012.115000 -0.276253 2.787000 129
2012.117700 3.980894 2.792000 129
2012.120500 -0.803563 2.717000 129
2012.123200 -2.690816 2.758000 129
2012.125900 -3.144258 2.769000 129
2012.128700 -9.649462 2.768000 129
2012.131400 -5.396346 2.796000 129
2012.134200 -2.927093 2.880000 129
2012.136900 -1.784438 2.796000 129
2012.139600 -3.410998 2.885000 129
2012.142400 -9.360565 2.771000 129
2012.145100 -2.087603 2.907000 129
2012.147800 -7.635858 2.754000 129
2012.150600 -3.768261 2.716000 129
2012.153300 -5.483996 2.703000 129
2012.156100 -1.975968 2.850000 129
2012.158800 -1.663177 2.821000 129
2012.161500 -3.404595 2.711000 129
2012.164300 -3.464376 2.804000 129
2012.167000 -2.074246 2.860000 129
2012.169700 -6.939312 2.760000 129
2012.172500 -10.294859 2.715000 129
2012.175200 -5.726342 2.776000 129
2012.178000 -3.978381 2.698000 129
2012.180700 -0.185251 2.802000 129
2012.183400 -11.177281 2.777000 129
2012.186200 -9.480971 2.957000 129
2012.188900 -2.725334 2.737000 129
2012.191600 0.766174 2.842000 129
2012.194400 0.841925 2.785000 129
2012.197100 -1.507836 2.766000 129
2012.199900 -4.577412 2.774000 129
2012.202600 -5.507391 2.726000 129
2012.205300 -1.721442 2.759000 129
2012.208100 2.508612 2.776000 129
2012.210800 5.903423 2.821000 129
2012.213600 -0.378712 2.675000 129
2012.216300 1.259018 2.741000 129
2012.219000 -4.920252 2.734000 129
2012.221800 -3.604534 2.774000 129
2012.224500 0.093208 2.755000 129
2012.227200 -5.696002 2.814000 129
2012.230000 2.616716 2.719000 129
2012.232700 1.442615 2.765000 129
2012.235500 -3.031593 2.697000 129
2012.238200 -1.066517 2.769000 129
2012.240900 -0.172310 2.775000 129
2012.243700 -1.969255 2.800000 129
2012.246400 -2.264766 2.734000 129
2012.249100 -0.799095 2.751000 129
2012.251900 1.921387 2.706000 129
2012.254600 -3.275553 2.733000 129
2012.257400 -2.715705 2.737000 129
2012.260100 -4.122184 2.700000 129
2012.262800 -2.498391 2.721000 129
2012.265600 -7.017839 2.720000 129
2012.268300 -4.420477 2.700000 129
2012.271000 -3.518790 2.780000 129
2012.273800 -0.734367 2.708000 129
2012.276500 -3.777004 2.721000 129
2012.279300 -4.823916 2.757000 129
2012.282000 0.672194 2.722000 129
2012.284700 2.674715 2.721000 129
2012.287500 -1.408054 2.703000 129
2012.290200 -3.348682 2.778000 129
2012.293000 -3.887607 2.729000 129
2012.295700 -1.854317 2.722000 129
2012.298400 -0.011534 2.703000 129
2012.301200 -3.370055 2.718000 129
2012.303900 -2.158257 2.675000 129
2012.306600 -0.258920 2.713000 129
2012.309400 -2.099892 2.740000 129
2012.312100 0.944552 2.751000 129
2012.314900 3.609683 2.760000 129
2012.317600 4.753293 2.768000 129
2012.320300 -1.716488 2.769000 129
2012.323100 -1.445583 2.679000 129
2012.325800 0.961883 2.633000 129
2012.328500 2.430999 2.693000 129
2012.331300 4.655797 2.803000 129
2012.334000 5.941234 2.801000 129
2012.336800 -0.229648 2.697000 129
2012.339500 1.838156 2.721000 129
2012.342200 -2.418336 2.693000 129
2012.345000 -3.093147 2.713000 129
2012.347700 -3.347209 2.808000 129
2012.350400 -1.009538 2.694000 129
2012.353200 -4.005188 2.770000 129
2012.355900 0.631967 2.690000 129
2012.358700 -2.603202 2.707000 129
2012.361400 0.596467 2.700000 129
2012.364100 -3.742091 2.685000 129
2012.366900 -4.184977 2.698000 129
2012.369600 -1.957979 2.711000 129
2012.372300 -3.716190 2.762000 129
2012.375100 2.551263 2.684000 129
2012.377800 3.226640 2.777000 129
2012.380600 -0.747323 2.772000 129
2012.383300 0.486659 2.746000 129
2012.386000 -1.598546 2.842000 129
2012.388800 1.416898 2.796000 129
2012.391500 11.680318 2.802000 129
2012.394300 6.900378 2.746000 129
2012.397000 2.381434 2.855000 129
2012.399700 6.964312 2.718000 129
2012.402500 2.627814 2.701000 129
2012.405200 -0.127665 2.712000 129
2012.407900 1.509680 2.683000 129
2012.410700 3.604632 2.673000 129
2012.413400 1.408621 2.771000 129
2012.416200 4.283202 2.786000 129
2012.418900 7.733832 2.870000 129
2012.421600 1.874284 2.810000 129
2012.424400 0.724304 2.757000 129
2012.427100 2.165390 2.753000 129
2012.429800 2.829292 2.770000 129
2012.432600 1.409735 2.724000 129
2012.435300 2.705257 2.676000 129
2012.438100 2.435301 2.728000 129
2012.440800 -1.068567 2.750000 129
2012.443500 0.335368 2.724000 129
2012.446300 -0.167205 2.694000 129
2012.449000 2.182321 2.730000 129
2012.451700 5.544641 2.759000 129
2012.454500 7.722419 2.754000 129
2012.457200 3.826309 2.818000 129
2012.460000 1.913633 2.740000 129
2012.462700 4.003079 2.673000 129
2012.465400 5.314301 2.805000 129
2012.468200 4.350921 2.696000 129
2012.470900 3.346676 2.734000 129
2012.473600 3.052196 2.691000 129
2012.476400 5.227077 2.703000 129
2012.479100 0.481109 2.751000 129
2012.481900 7.825475 2.743000 129
2012.484600 2.623004 2.691000 129
2012.487300 3.235282 2.766000 129
2012.490100 0.159857 2.808000 129
2012.492800 1.148613 2.737000 129
2012.495600 1.633641 2.763000 129
2012.498300 4.811866 2.769000 129
2012.501000 2.531825 2.731000 129
2012.503800 2.121020 2.809000 129
2012.506500 2.638435 2.735000 129
2012.509200 2.881579 2.892000 129
2012.512000 0.779925 2.857000 129
2012.514700 4.898516 2.904000 129
2012.517500 6.230287 2.726000 129
2012.520200 3.285323 2.789000 129
2012.522900 -1.558913 2.718000 129
2012.525700 2.505999 2.745000 129
2012.528400 5.188210 2.809000 129
2012.531100 -0.497849 2.724000 129
2012.533900 -0.165786 2.779000 129
2012.536600 0.007611 3.032000 129
2012.539400 -0.202886 2.920000 129
2012.542100 5.876977 2.755000 129
2012.544800 -0.002417 2.716000 129
2012.547600 -0.120722 2.865000 129
2012.550300 1.031373 2.855000 129
2012.553000 -3.677776 2.769000 129
2012.555800 -1.073849 2.767000 129
2012.558500 -3.388478 2.849000 129
2012.561300 -5.896035 2.922000 129
2012.564000 0.076883 2.862000 129
2012.566700 -0.213411 2.688000 129
2012.569500 -4.734635 2.764000 129
2012.572200 -0.198335 2.779000 129
2012.574900 -3.829221 2.786000 129
2012.577700 -0.278030 2.796000 129
2012.580400 0.295734 2.761000 129
2012.583200 -3.436415 2.854000 129
2012.585900 3.583043 2.841000 129
2012.588600 -1.445630 2.832000 129
2012.591400 2.392803 2.774000 129
2012.594100 2.452897 2.772000 129
2012.596900 -4.120882 2.800000 129
2012.599600 -3.026964 2.771000 129
2012.602300 1.286888 2.901000 129
2012.605100 -3.455096 2.802000 129
2012.607800 -1.290330 2.859000 129
2012.610500 -0.127583 2.813000 129
2012.613300 -1.632625 2.722000 129
2012.616000 -2.717864 2.769000 129
2012.618800 0.396145 2.789000 129
2012.621500 0.198991 2.806000 129
2012.624200 -1.656092 2.855000 129
2012.627000 -3.131863 2.798000 129
2012.629700 -3.042746 2.816000 129
2012.632400 -4.705500 2.788000 129
2012.635200 -3.078866 2.830000 129
2012.637900 -4.990296 2.802000 129
2012.640700 1.683719 2.798000 129
2012.643400 -4.156299 2.708000 129
2012.646100 -4.801083 2.768000 129
2012.648900 -1.565327 2.801000 129
2012.651600 -2.969563 2.797000 129
2012.654300 1.550504 2.796000 129
2012.657100 -1.314785 2.799000 129
2012.659800 -1.610028 2.840000 129
2012.662600 -7.486551 2.874000 129
2012.665300 0.561993 2.811000 129
2012.668000 1.880961 2.864000 129
2012.670800 -1.646228 2.781000 129
2012.673500 1.669678 2.714000 129
2012.676200 3.653082 2.781000 129
2012.679000 0.454461 2.777000 129
2012.681700 2.310957 2.754000 129
2012.684500 -1.219478 2.802000 129
2012.687200 1.682214 2.660000 129
2012.689900 -1.139468 2.694000 129
2012.692700 0.069068 2.852000 129
2012.695400 -2.749261 2.842000 129
2012.698200 -11.156268 2.826000 129
2012.700900 -7.329139 2.823000 129
2012.703600 -10.118255 2.762000 129
2012.706400 -5.303886 2.720000 129
2012.709100 -6.727389 2.708000 129
2012.711800 -2.964061 2.662000 129
2012.714600 -3.225076 2.632000 129
2012.717300 -3.361980 2.752000 129
2012.720100 -1.304108 2.733000 129
2012.722800 -2.115142 2.711000 129
2012.725500 -2.305222 2.718000 129
2012.728300 -2.776345 2.711000 129
2012.731000 -3.544407 2.875000 129
2012.733700 -3.449443 2.822000 129
2012.736500 0.873663 2.715000 129
2012.739200 -4.881214 2.746000 129
2012.742000 1.115179 2.755000 129
2012.744700 1.275551 2.695000 129
2012.747400 -1.343940 2.712000 129
2012.750200 -4.602967 2.798000 129
2012.752900 -2.803079 2.704000 129
2012.755600 -0.036993 2.729000 129
2012.758400 -5.495248 2.776000 129
2012.761100 -0.585663 2.768000 129
2012.763900 0.537713 2.766000 129
2012.766600 3.112871 2.788000 129
2012.769300 0.493318 2.876000 129
2012.772100 4.370753 2.810000 129
2012.774800 -2.270125 2.802000 129
2012.777500 3.839332 2.809000 129
2012.780300 -10.219026 2.793000 129
2012.783000 -0.315804 2.778000 129
2012.785800 -2.672269 2.744000 129
2012.788500 -6.443231 2.760000 129
2012.791200 2.468207 2.757000 129
2012.794000 0.782151 2.766000 129
2012.796700 -2.189529 2.746000 129
2012.799500 -1.305576 2.796000 129
2012.802200 4.139663 2.764000 129
2012.804900 1.363346 2.776000 129
2012.807700 6.028845 2.813000 129
2012.810400 3.584488 2.820000 129
2012.813100 0.445591 2.810000 129
2012.815900 -0.850311 2.823000 129
2012.818600 -6.237223 2.801000 129
2012.821400 -7.384026 2.821000 129
2012.824100 -3.027945 2.831000 129
2012.826800 -0.795396 2.755000 129
2012.829600 -5.059571 2.739000 129
2012.832300 -4.007032 2.736000 129
2012.835000 -2.237029 2.782000 129
2012.837800 -1.522594 2.836000 129
2012.840500 -3.286622 2.828000 129
2012.843300 -5.639119 2.842000 129
2012.846000 -5.225199 2.782000 129
2012.848700 -5.153844 2.742000 129
2012.851500 -0.378820 2.738000 129
2012.854200 0.812434 2.814000 129
2012.856900 5.744095 2.875000 129
2012.859700 1.704552 2.819000 129
2012.862400 0.883045 2.838000 129
2012.865200 -5.755587 2.801000 129
2012.867900 -6.039315 2.891000 129
2012.870600 -2.025700 2.871000 129
2012.873400 1.485894 2.863000 129
2012.876100 2.268193 2.825000 129
2012.878900 1.175535 2.838000 129
2012.881600 1.722448 2.908000 129
2012.884300 -6.352385 2.814000 129
2012.887100 -0.816093 2.808000 129
2012.889800 0.606567 2.852000 129
2012.892500 -2.698582 2.822000 129
2012.895300 -3.038538 2.762000 129
2012.898000 -1.256329 2.745000 129
2012.900800 0.009108 2.740000 129
2012.903500 -2.428424 2.771000 129
2012.906200 -0.580886 2.787000 129
2012.909000 -3.189077 2.831000 129
2012.911700 -1.607438 2.722000 129
2012.914400 3.200190 2.760000 129
2012.917200 2.619116 2.944000 129
2012.919900 0.479673 2.992000 129
2012.922700 0.505537 2.876000 129
2012.925400 -4.418098 2.792000 129
2012.928100 2.984108 2.760000 129
2012.930900 -0.859377 2.778000 129
2012.933600 2.850448 2.791000 129
2012.936300 1.640019 2.857000 129
2012.939100 2.712884 2.745000 129
2012.941800 -2.095125 2.741000 129
2012.944600 2.301142 2.835000 129
2012.947300 4.800415 2.784000 129
2012.950000 7.467267 2.856000 129
2012.952800 2.915354 2.731000 129
2012.955500 4.474277 2.670000 129
2012.958200 3.442673 2.702000 129
2012.961000 2.470249 2.840000 129
2012.963700 5.089501 2.777000 129
2012.966500 4.950888 2.759000 129
2012.969200 -0.802153 2.872000 129
2012.971900 1.624099 2.779000 129
2012.974700 -0.687591 2.757000 129
2012.977400 0.116146 2.765000 129
2012.980200 1.423883 2.678000 129
2012.982900 1.536956 2.736000 129
2012.985600 1.540140 2.629000 129
2012.988400 2.200223 2.683000 129
2012.991100 -0.612480 2.697000 129
2012.993800 0.679817 2.738000 129
2012.996600 -0.423097 2.680000 129
2012.999300 0.801091 2.721000 129
2013.002100 -2.675013 2.785000 129
2013.004800 -2.080081 2.757000 129
2013.007500 -2.340328 2.800000 129
2013.010300 -1.839997 2.690000 129
2013.013000 -4.812717 2.712000 129
2013.015700 0.276279 2.649000 129
2013.018500 1.352715 2.689000 129
2013.021200 0.556027 2.809000 129
2013.024000 -0.880317 2.790000 129
2013.026700 8.180173 2.727000 129
2013.029400 4.759211 2.693000 129
2013.032200 0.800441 2.701000 129
2013.034900 1.478458 2.700000 129
2013.037600 1.581927 2.805000 129
2013.040400 -2.732569 2.803000 129
2013.043100 -6.904311 2.755000 129
2013.045900 -5.112126 2.897000 129
2013.048600 -4.487201 2.925000 129
2013.051300 -5.462972 2.757000 129
2013.054100 -5.511982 2.729000 129
2013.056800 -5.683258 2.731000 129
2013.059500 -3.564314 2.845000 129
2013.062300 -8.261777 2.836000 129
2013.065000 -6.660497 2.796000 129
2013.067800 -6.995740 2.664000 129
2013.070500 -1.916227 2.718000 129
2013.073200 -7.951615 2.755000 129
2013.076000 -2.289698 2.775000 129
2013.078700 -3.248991 2.782000 129
2013.081500 -10.431094 2.840000 129
2013.084200 -8.603376 2.802000 129
2013.086900 -8.514665 2.805000 129
2013.089700 -10.168935 2.724000 129
2013.092400 -6.192329 2.732000 129
2013.095100 -3.667781 2.793000 129
2013.097900 -1.674385 2.929000 129
2013.100600 -3.395041 3.021000 129
2013.103400 -4.629962 2.791000 129
2013.106100 -0.796881 2.794000 129
2013.108800 -3.785931 2.768000 129
2013.111600 -3.572411 2.888000 129
2013.114300 -9.752797 2.821000 129
2013.117000 -7.625347 2.827000 129
2013.119800 -8.409488 2.814000 129
2013.122500 -7.549433 2.754000 129
2013.125300 -8.443076 2.691000 129
2013.128000 -9.123447 2.728000 129
2013.130700 -1.477020 2.698000 129
2013.240200 -2.249374 2.765000 129
2013.243000 -2.539091 2.765000 129
2013.245700 2.061612 2.794000 129
2013.248500 -3.277860 2.827000 129
2013.251200 -0.384812 2.746000 129
2013.253900 0.592450 2.734000 129
2013.256700 -0.119499 2.774000 129
2013.259400 1.490215 2.813000 129
2013.262100 3.776194 2.709000 129
2013.264900 3.864936 2.734000 129
2013.267600 4.968476 2.781000 129
2013.270400 5.995762 2.742000 129
2013.273100 4.531935 2.801000 129
2013.275800 6.164462 2.769000 129
2013.278600 3.339716 2.837000 129
2013.281300 7.271981 2.769000 129
2013.284100 10.344963 2.756000 129
2013.286800 7.478037 2.779000 129
2013.289500 5.555552 2.724000 129
2013.292300 3.129770 2.703000 129
2013.295000 -3.004806 2.770000 129
2013.297700 -0.343893 2.699000 129
2013.300500 0.404716 2.778000 129
2013.303200 1.167636 2.731000 129
2013.306000 1.049248 2.791000 129
2013.308700 -0.302763 2.763000 129
2013.311400 2.560792 2.743000 129
2013.314200 3.869034 2.768000 129
2013.316900 -0.205254 2.733000 129
2013.319600 -2.022934 2.897000 129
2013.322400 1.358070 2.793000 129
2013.325100 -0.174370 2.822000 129
2013.327900 0.052873 2.781000 129
2013.330600 -3.709277 2.812000 129
2013.333300 -8.601757 2.717000 129
2013.336100 -5.534554 2.787000 129
2013.338800 -1.389672 2.788000 129
2013.341500 -1.403088 2.707000 129
2013.344300 0.082177 2.828000 129
2013.347000 -5.240815 2.785000 129
2013.349800 -8.046128 2.742000 129
2013.352500 -1.871658 2.793000 129
2013.355200 -4.132439 2.809000 129
2013.358000 -4.413544 2.744000 129
2013.360700 -1.919814 2.764000 129
2013.363400 -2.854314 2.753000 129
2013.366200 3.167859 2.765000 129
2013.368900 -2.139088 2.905000 129
2013.371700 2.826633 2.948000 129
2013.374400 1.196263 2.734000 129
2013.377100 4.034691 2.831000 129
2013.379900 0.641779 2.803000 129
2013.382600 -3.062189 2.841000 129
2013.385400 -0.172503 2.736000 129
2013.388100 2.734148 2.785000 129
2013.390800 5.970615 2.733000 129
2013.393600 -1.328276 2.749000 129
2013.396300 -1.116175 2.796000 129
2013.399000 -0.860251 2.751000 129
2013.401800 -0.039701 2.746000 129
2013.404500 -0.360136 2.692000 129
2013.407300 -2.150956 2.874000 129
2013.410000 3.933254 2.780000 129
2013.412700 1.831288 2.730000 129
2013.415500 -0.642084 3.168000 129
2013.418200 -0.272407 2.748000 129
2013.420900 1.765091 2.788000 129
2013.423700 -0.426840 2.756000 129
2013.426400 4.656292 2.759000 129
2013.429200 2.317977 2.806000 129
2013.431900 1.343735 2.822000 129
2013.434600 3.059306 2.829000 129
2013.437400 2.233402 2.754000 129
2013.440100 2.182584 2.719000 129
2013.442800 2.013570 2.741000 129
2013.445600 -1.053949 2.893000 129
2013.448300 -1.233370 2.910000 129
2013.451100 0.150680 2.799000 129
2013.453800 -0.447162 2.821000 129
2013.456500 -2.699216 2.750000 129
2013.459300 -2.702833 2.806000 129
2013.462000 -3.462330 2.813000 129
2013.464800 3.537586 2.810000 129
2013.467500 2.184631 2.837000 129
2013.470200 2.649447 2.794000 129
2013.473000 1.874638 2.836000 129
2013.475700 4.426973 2.723000 129
2013.478400 2.752068 2.760000 129
2013.481200 0.455501 2.762000 129
2013.483900 -1.254905 2.778000 129
2013.486700 -3.861999 2.793000 129
2013.489400 -1.983919 2.918000 129
2013.492100 -7.365095 2.906000 129
2013.494900 -2.205997 2.826000 129
2013.497600 -1.200704 2.796000 129
2013.500300 1.514324 2.748000 129
2013.503100 -0.216409 2.819000 129
2013.505800 -1.766925 2.837000 129
2013.508600 3.853774 2.853000 129
2013.511300 6.403708 2.806000 129
2013.514000 2.840370 2.849000 129
2013.516800 0.044214 2.788000 129
2013.519500 -0.784679 2.827000 129
2013.522200 1.663156 2.853000 129
2013.525000 -2.055859 2.962000 129
2013.527700 -3.638578 2.772000 129
2013.530500 1.561835 2.957000 129
2013.533200 0.161567 2.817000 129
2013.535900 -1.915967 2.788000 129
2013.538700 3.890607 2.792000 129
2013.541400 -5.801463 2.793000 129
2013.544100 -2.175791 2.731000 129
2013.546900 0.817972 2.893000 129
2013.549600 -1.575869 2.791000 129
2013.552400 5.204370 2.896000 129
2013.555100 5.684035 2.890000 129
2013.557800 -2.491534 2.741000 129
2013.560600 -6.689031 2.877000 129
2013.563300 -5.279057 2.935000 129
2013.566100 -3.883013 2.784000 129
2013.568800 -5.473466 2.789000 129
2013.571500 -1.951117 2.785000 129
2013.574300 -0.168694 2.784000 129
2013.577000 -2.447718 2.798000 129
2013.579700 -0.882912 2.722000 129
2013.582500 -4.611021 2.771000 129
2013.585200 1.743474 2.731000 129
2013.588000 0.582067 2.741000 129
2013.590700 1.329298 2.803000 129
2013.593400 -2.705581 2.796000 129
2013.596200 1.408664 2.705000 129
2013.598900 -3.757399 2.693000 129
2013.601600 -0.005531 2.721000 129
2013.604400 4.259497 2.759000 129
2013.607100 -1.764730 2.697000 129
2013.609900 1.253233 2.690000 129
2013.612600 4.313977 2.818000 129
2013.615300 -0.261268 2.824000 129
2013.618100 1.490731 2.785000 129
2013.620800 1.144562 2.785000 129
2013.623500 2.862458 2.821000 129
2013.626300 0.426662 2.878000 129
2013.629000 1.303749 2.813000 129
2013.631800 0.688192 2.766000 129
2013.634500 2.974551 2.822000 129
2013.637200 -2.147925 2.839000 129
2013.640000 -0.116963 2.835000 129
2013.642700 3.443961 2.811000 129
2013.645400 2.761115 2.842000 129
2013.648200 -0.688201 2.829000 129
2013.650900 3.512488 2.801000 129
2013.653700 -12.811224 2.797000 129
2013.656400 -0.598905 2.799000 129
2013.659100 -5.235241 2.915000 129
2013.661900 -3.824867 2.841000 129
2013.664600 -1.248429 2.870000 129
2013.667400 -7.486199 2.743000 129
2013.670100 -3.329885 2.790000 129
2013.672800 -2.100104 2.831000 129
2013.675600 -1.283405 2.871000 129
2013.678300 -5.617596 2.797000 129
2013.681000 -1.105245 2.852000 129
2013.683800 -2.714836 2.722000 129
2013.686500 1.378698 2.706000 129
2013.689300 -0.848613 2.832000 129
2013.692000 5.037209 2.722000 129
2013.694700 -3.107298 2.776000 129
2013.697500 -3.008496 2.698000 129
2013.700200 -0.192559 2.671000 129
2013.702900 -4.671873 2.737000 129
2013.705700 -4.904716 2.746000 129
2013.708400 -3.297430 2.760000 129
2013.711200 5.769441 2.782000 129
2013.713900 2.188432 2.730000 129
2013.716600 0.976298 2.679000 129
2013.719400 0.665923 2.736000 129
2013.722100 6.159646 2.716000 129
2013.724800 8.865317 2.726000 129
2013.727600 0.234928 2.663000 129
2013.730300 2.008604 2.715000 129
2013.733100 6.263345 2.724000 129
2013.735800 5.302122 2.765000 129
2013.738500 1.322964 2.763000 129
2013.741300 -1.316939 2.706000 129
2013.744000 -0.817858 2.777000 129
2013.746700 -1.169646 2.691000 129
2013.749500 -2.581986 2.664000 129
2013.752200 0.240595 2.816000 129
2013.755000 2.310753 2.723000 129
2013.757700 -5.866216 2.651000 129
2013.760400 -0.126953 2.689000 129
2013.763200 -4.444916 2.646000 129
2013.765900 -3.450090 2.653000 129
2013.768700 1.229643 2.798000 129
2013.771400 7.804104 2.816000 129
2013.774100 -0.616118 2.713000 129
2013.776900 -3.409238 2.684000 129
2013.779600 1.490269 2.742000 129
2013.782300 -1.261864 2.747000 129
2013.785100 -10.943700 2.766000 129
2013.787800 -3.296023 2.718000 129
2013.790600 0.178081 2.812000 129
2013.793300 -1.799386 2.768000 129
2013.796000 0.596566 2.680000 129
2013.798800 -3.839867 2.751000 129
2013.801500 0.882999 2.775000 129
2013.804200 1.196307 2.714000 129
2013.807000 -0.119584 2.748000 129
2013.809700 0.047681 2.721000 129
2013.812500 0.766868 2.741000 129
2013.815200 -1.057891 2.695000 129
2013.817900 -5.933184 2.759000 129
2013.820700 -3.405381 2.742000 129
2013.823400 8.155318 2.798000 129
2013.826100 -0.823513 2.765000 129
2013.828900 1.825917 2.677000 129
2013.831600 -0.049924 2.715000 129
2013.834400 1.208603 2.800000 129
2013.837100 -1.495258 2.816000 129
2013.839800 4.517338 2.823000 129
2013.842600 3.246452 2.808000 129
2013.845300 1.931998 2.953000 129
2013.848000 -3.691018 2.727000 129
2013.850800 -4.215377 2.735000 129
2013.853500 0.940510 2.761000 129
2013.856300 1.701141 2.828000 129
2013.859000 -1.104110 2.769000 129
2013.861700 -0.479974 2.757000 129
2013.864500 -4.131974 2.727000 129
2013.867200 -1.084052 2.730000 129
2013.870000 0.897807 2.731000 129
2013.872700 7.949455 2.701000 129
2013.875400 11.643416 2.641000 129
2013.878200 6.464413 2.718000 129
2013.880900 -2.188003 2.737000 129
2013.883600 1.622841 2.904000 129
2013.886400 5.205803 2.709000 129
2013.889100 4.831151 2.676000 129
2013.891900 1.232664 2.699000 129
2013.894600 -2.809573 2.727000 129
2013.897300 -0.253659 2.753000 129
2013.900100 -1.679520 2.764000 129
2013.902800 -1.889335 2.759000 129
2013.905500 -1.573072 2.732000 129
2013.908300 0.761460 2.822000 129
2013.911000 -3.678163 2.720000 129
2013.913800 -4.783497 2.697000 129
2013.916500 -3.676119 2.697000 129
2013.919200 -1.393801 2.742000 129
2013.922000 11.556824 2.778000 129
2013.924700 3.886966 2.646000 129
2013.927400 2.655957 2.721000 129
2013.930200 2.038257 2.782000 129
2013.932900 0.090883 2.699000 129
2013.935700 1.536811 2.637000 129
2013.938400 -0.043060 2.707000 129
2013.941100 -2.743242 2.607000 129
2013.943900 -3.001146 2.626000 129
2013.946600 -2.576028 2.761000 129
2013.949300 -1.360323 2.698000 129
2013.952100 -1.869378 2.757000 129
2013.954800 -4.523584 2.707000 129
2013.957600 -2.559584 2.725000 129
2013.960300 -1.924844 2.685000 129
2013.963000 1.703306 2.676000 129
2013.965800 7.293599 2.741000 129
2013.968500 4.521476 2.744000 129
2013.971300 9.277445 2.791000 129
2013.974000 2.505900 2.818000 129
2013.976700 -5.213416 2.724000 129
2013.979500 -2.698726 2.758000 129
2013.982200 -0.980686 2.787000 129
2013.984900 -2.149528 2.737000 129
2013.987700 0.554539 2.747000 129
2013.990400 -2.639170 2.771000 129
2013.993200 -2.791044 2.726000 129
2013.995900 -1.357770 2.833000 129
2013.998600 1.531440 2.771000 129
2014.001400 -1.230631 2.772000 129
2014.004100 -1.876659 2.845000 129
2014.006800 -0.367856 2.856000 129
2014.009600 -1.071464 2.831000 129
2014.012300 -2.842116 2.809000 129
2014.015100 -2.653268 2.907000 129
2014.017800 -3.663517 2.828000 129
2014.020500 -2.599111 2.816000 129
2014.023300 -4.177348 2.797000 129
2014.026000 3.004254 2.929000 129
2014.028700 0.752412 2.797000 129
2014.031500 1.938776 2.930000 129
2014.034200 -5.506070 2.939000 129
2014.037000 -6.364814 2.791000 129
2014.039700 -7.205793 2.810000 129
2014.042400 -7.238374 2.815000 129
2014.045200 -2.196014 2.783000 129
2014.047900 -4.135912 2.677000 129
2014.050700 -7.055980 2.718000 129
2014.053400 -5.733313 2.768000 129
2014.056100 -6.537391 2.727000 129
2014.058900 -5.584807 2.774000 129
2014.061600 -4.354486 2.721000 129
2014.064300 -7.860989 2.788000 129
2014.067100 -2.238000 2.807000 129
2014.069800 -2.779256 2.795000 129
2014.072600 -2.149135 2.783000 129
2014.075300 -3.490241 2.806000 129
2014.078000 -0.620286 2.766000 129
2014.080800 5.908873 2.801000 129
2014.083500 2.915848 2.782000 129
2014.086200 -1.822178 2.819000 129
2014.089000 -1.353171 2.898000 129
2014.091700 2.039707 2.913000 129
2014.094500 7.388504 2.842000 129
2014.097200 -0.579782 2.873000 129
2014.099900 0.303845 2.797000 129
2014.102700 6.292223 2.833000 129
2014.105400 1.051594 2.746000 129
2014.108100 -0.505161 2.719000 129
2014.110900 1.694667 2.793000 129
2014.113600 -2.237419 2.759000 129
2014.116400 2.637969 2.739000 129
2014.119100 -1.649492 2.768000 129
2014.121800 4.764870 2.914000 129
2014.124600 0.562547 2.714000 129
2014.127300 5.459486 2.774000 129
2014.130000 0.947225 2.757000 129
2014.132800 5.171128 2.917000 129
2014.135500 6.267410 2.868000 129
2014.138300 1.533756 2.778000 129
2014.141000 4.116567 2.730000 129
2014.143700 4.444161 2.922000 129
2014.146500 3.822676 2.892000 129
2014.149200 1.203789 2.798000 129
2014.152000 -0.583269 2.751000 129
2014.154700 1.749366 2.777000 129
2014.157400 4.649786 2.849000 129
2014.160200 5.694905 2.906000 129
2014.162900 6.011861 2.831000 129
2014.165600 2.430614 2.758000 129
2014.168400 0.773943 2.901000 129
2014.171100 -3.255741 2.885000 129
2014.173900 -2.676926 2.955000 129
2014.176600 2.553981 2.910000 129
2014.179300 3.600715 2.904000 129
2014.182100 -0.741160 2.799000 129
2014.184800 0.478213 2.808000 129
2014.187500 5.806440 2.757000 129
2014.190300 4.677958 2.871000 129
2014.193000 1.002884 2.713000 129
2014.195800 1.347038 2.775000 129
2014.198500 1.684707 2.785000 129
2014.201200 2.424288 2.805000 129
2014.204000 -3.121989 2.881000 129
2014.206700 6.973411 2.848000 129
2014.209400 6.633761 2.803000 129
2014.212200 0.650177 2.771000 129
2014.214900 0.499431 2.783000 129
2014.217700 0.831705 2.809000 129
2014.220400 3.360923 2.764000 129
2014.223100 2.600165 2.782000 129
2014.225900 0.475365 2.800000 129
2014.228600 1.585666 2.766000 129
2014.231300 7.791040 2.717000 129
2014.234100 4.564316 2.752000 129
2014.236800 3.922849 2.770000 129
2014.239600 4.079253 2.797000 129
2014.242300 4.573016 2.779000 129
2014.245000 2.929935 2.792000 129
2014.247800 5.479682 2.907000 129
2014.250500 3.968937 2.703000 129
2014.253300 0.612995 2.839000 129
2014.256000 0.974657 2.862000 129
2014.258700 1.799563 2.794000 129
2014.261500 2.806243 2.998000 129
2014.264200 1.346664 2.847000 129
2014.266900 -0.420616 2.768000 129
2014.269700 2.410851 2.805000 129
2014.272400 1.317193 2.865000 129
2014.275200 2.870270 2.878000 129
2014.277900 5.901307 2.883000 129
2014.280600 3.828729 2.800000 129
2014.283400 -2.142131 2.814000 129
2014.286100 0.546091 2.810000 129
2014.288800 2.386749 2.908000 129
2014.291600 1.761112 2.806000 129
2014.294300 7.524671 2.811000 129
2014.297100 1.527929 2.795000 129
2014.299800 3.217455 2.802000 129
2014.302500 1.339498 2.789000 129
2014.305300 4.108233 2.779000 129
2014.308000 5.881337 2.752000 129
2014.310700 3.209003 2.847000 129
2014.313500 2.936357 2.813000 129
2014.316200 8.946174 2.770000 129
2014.319000 2.365676 2.781000 129
2014.321700 4.967699 2.842000 129
2014.324400 -5.230648 2.873000 129
2014.327200 -2.264311 2.889000 129
2014.329900 -4.643373 2.792000 129
2014.332600 -0.463768 2.757000 129
2014.335400 0.931519 2.793000 129
2014.338100 0.182480 2.784000 129
2014.340900 3.527122 2.802000 129
2014.343600 10.109481 2.778000 129
2014.346300 5.773560 2.719000 129
2014.349100 5.339319 2.807000 129
2014.351800 3.764856 2.858000 129
2014.354600 6.485070 2.796000 129
2014.357300 6.269099 2.772000 129
2014.360000 -1.255111 2.743000 129
2014.362800 -4.833647 2.810000 129
2014.365500 -6.709320 2.762000 129
2014.368200 -4.341211 2.792000 129
2014.371000 -3.190434 2.837000 129
2014.373700 -0.193752 2.763000 129
2014.376500 6.307594 2.818000 129
2014.379200 6.800869 2.855000 129
2014.381900 4.309951 2.850000 129
2014.384700 4.058687 2.854000 129
2014.387400 3.298385 2.894000 129
2014.390100 4.555900 2.843000 129
2014.392900 3.680057 2.851000 129
2014.395600 -2.635796 2.836000 129
2014.398400 1.557984 2.893000 129
2014.401100 1.914771 2.837000 129
2014.403800 4.151382 2.927000 129
2014.406600 0.277609 2.883000 129
2014.409300 -1.023136 2.908000 129
2014.412000 0.175944 2.868000 129
2014.414800 0.358619 2.817000 129
2014.417500 1.082341 2.890000 129
2014.420300 1.670644 2.802000 129
2014.423000 1.313003 2.815000 129
2014.425700 -0.428818 2.806000 129
2014.428500 -1.381083 2.834000 129
2014.431200 3.448723 2.816000 129
2014.433900 6.712343 2.830000 129
2014.436700 2.789490 2.775000 129
2014.439400 -1.317278 2.754000 129
2014.442200 4.065461 2.767000 129
2014.444900 -0.284707 2.902000 129
2014.447600 1.384925 2.972000 129
2014.450400 -0.259969 2.812000 129
2014.453100 6.774243 2.761000 129
2014.455900 3.047907 2.752000 129
2014.458600 7.393685 2.881000 129
2014.461300 3.518246 2.927000 129
2014.464100 -0.229778 2.807000 129
2014.466800 1.111326 2.784000 129
2014.469500 4.963202 2.821000 129
2014.472300 2.513456 2.830000 129
2014.475000 -2.306147 2.833000 129
2014.477800 2.285605 2.727000 129
2014.480500 3.025510 2.751000 129
2014.483200 7.283168 2.766000 129
2014.486000 6.380142 2.783000 129
2014.488700 4.483288 2.780000 129
2014.491400 2.969179 2.701000 129
2014.494200 2.794347 2.755000 129
2014.496900 1.200708 2.820000 129
2014.499700 -3.356678 2.874000 129
2014.502400 -3.092857 2.863000 129
2014.505100 -5.315303 2.936000 129
2014.507900 -2.396531 2.885000 129
2014.510600 -0.906527 2.835000 129
2014.513300 2.460206 2.783000 129
2014.516100 3.309123 2.778000 129
2014.518800 -0.737699 2.816000 129
2014.521600 4.706642 2.873000 129
2014.524300 -0.505736 2.822000 129
2014.527000 -1.059384 2.808000 129
2014.529800 2.707101 2.884000 129
2014.532500 -2.412097 2.912000 129
2014.535200 -1.641563 2.831000 129
2014.538000 2.060082 2.740000 129
2014.540700 7.991080 2.811000 129
2014.543500 8.635174 2.803000 129
2014.546200 5.704649 2.798000 129
2014.548900 4.395872 2.835000 129
2014.551700 4.158177 2.860000 129
2014.554400 4.983904 2.783000 129
2014.557200 1.145705 2.715000 129
2014.559900 2.030958 2.774000 129
2014.562600 4.949989 2.833000 129
2014.565400 6.671089 2.768000 129
2014.568100 2.016689 2.811000 129
2014.570800 -2.347911 2.803000 129
2014.573600 -1.047439 2.785000 129
2014.576300 2.227582 2.852000 129
2014.579100 0.806682 2.857000 129
2014.581800 -2.542636 2.876000 129
2014.584500 -2.194104 2.836000 129
2014.587300 3.490524 2.940000 129
2014.590000 2.074786 2.831000 129
2014.592700 7.019935 2.839000 129
2014.595500 2.038204 2.888000 129
2014.598200 0.399161 2.847000 129
2014.601000 -3.710738 2.793000 129
2014.603700 -3.636914 2.747000 129
2014.606400 -0.275132 2.800000 129
2014.609200 1.628836 2.797000 129
2014.611900 -5.219420 2.846000 129
2014.614600 0.430331 2.763000 129
2014.617400 1.048319 2.818000 129
2014.620100 2.542137 2.926000 129
2014.622900 -1.210766 2.835000 129
2014.625600 -1.279806 2.775000 129
2014.628300 0.007252 2.787000 129
2014.631100 -1.787340 2.816000 129
2014.633800 -1.857020 2.911000 129
2014.636600 3.206703 2.936000 129
2014.639300 0.737369 2.821000 129
2014.642000 6.722237 2.775000 129
2014.644800 3.163596 2.769000 129
2014.647500 -0.355056 2.865000 129
2014.650200 5.930559 2.878000 129
2014.653000 -1.117235 2.739000 129
2014.655700 -1.407001 2.945000 129
2014.658500 3.066895 2.778000 129
2014.661200 3.360843 2.709000 129
2014.663900 -0.114823 2.710000 129
2014.666700 0.586292 2.754000 129
2014.669400 4.898489 2.753000 129
2014.672100 5.557147 2.816000 129
2014.674900 4.124712 2.705000 129
2014.677600 1.529384 2.792000 129
2014.680400 -0.363945 2.755000 129
2014.683100 0.649845 2.799000 129
2014.685800 5.731223 2.829000 129
2014.688600 8.323743 2.872000 129
2014.691300 3.756395 2.798000 129
2014.694000 1.704712 2.724000 129
2014.696800 1.619324 2.797000 129
2014.699500 2.584072 2.760000 129
2014.702300 2.444223 2.717000 129
2014.705000 -2.312493 2.752000 129
2014.707700 0.231584 2.764000 129
2014.710500 -2.039769 2.728000 129
2014.713200 7.957999 2.669000 129
2014.715900 4.184636 2.809000 129
2014.718700 7.159017 2.646000 129
2014.721400 6.363498 2.817000 129
2014.724200 -3.242156 2.744000 129
2014.726900 1.852268 2.633000 129
2014.729600 0.037684 2.662000 129
2014.732400 1.241148 2.666000 129
2014.735100 11.519652 2.824000 129
2014.737900 3.342332 2.937000 129
2014.740600 1.320018 2.729000 129
2014.743300 -0.490191 2.658000 129
2014.746100 3.894967 2.642000 129
2014.748800 7.673074 2.656000 129
2014.751500 -0.595651 2.779000 129
2014.754300 -4.257815 2.745000 129
2014.757000 -2.346101 2.659000 129
2014.759800 1.456307 2.692000 129
2014.762500 -1.054460 2.703000 129
2014.765200 1.916036 2.707000 129
2014.768000 10.582422 2.659000 129
2014.770700 7.933544 2.749000 129
2014.773400 4.196979 2.656000 129
2014.776200 0.924499 2.651000 129
2014.778900 1.983655 2.699000 129
2014.781700 -2.371972 2.719000 129
2014.784400 -1.034038 2.735000 129
2014.787100 5.429279 2.730000 129
2014.789900 5.382005 2.648000 129
2014.792600 4.407173 2.698000 129
2014.795300 9.482756 2.700000 129
2014.798100 4.272939 2.745000 129
2014.800800 4.211432 2.781000 129
2014.803600 7.114650 2.886000 129
2014.806300 4.043085 2.764000 129
2014.809000 -0.067028 2.692000 129
2014.811800 1.697766 2.693000 129
2014.814500 6.180628 2.666000 129
2014.817200 4.567955 2.767000 129
2014.820000 4.236363 2.749000 129
2014.822700 0.551681 2.805000 129
2014.825500 2.046193 2.671000 129
2014.828200 1.331504 2.694000 129
2014.830900 5.244283 2.711000 129
2014.833700 6.212416 2.843000 129
2014.836400 6.180177 2.746000 129
2014.839200 2.579395 2.736000 129
2014.841900 1.058120 2.778000 129
2014.844600 -0.438708 2.855000 129
2014.847400 -3.245935 2.844000 129
2014.850100 1.875162 2.823000 129
2014.852800 0.143681 2.780000 129
2014.855600 6.553934 2.820000 129
2014.858300 14.875321 2.878000 129
2014.861100 4.977524 2.812000 129
2014.863800 4.808730 2.855000 129
2014.866500 6.301301 2.861000 129
2014.869300 6.685800 2.819000 129
2014.872000 5.091104 2.796000 129
2014.874700 2.999727 2.874000 129
2014.877500 0.316376 2.760000 129
2014.880200 0.483631 2.765000 129
2014.883000 5.882971 2.761000 129
2014.885700 7.191781 2.912000 129
2014.888400 5.135815 2.884000 129
2014.891200 11.998008 2.905000 129
2014.893900 7.464469 2.906000 129
2014.896600 1.804087 2.813000 129
2014.899400 -0.781075 2.876000 129
2014.902100 -0.050173 2.784000 129
2014.904900 -2.163018 2.750000 129
2014.907600 7.556065 2.791000 129
2014.910300 11.616179 2.772000 129
2014.913100 8.635580 2.707000 129
2014.915800 2.674710 2.755000 129
2014.918500 3.369787 2.873000 129
2014.921300 2.699170 2.692000 129
2014.924000 4.065087 2.786000 129
2014.926800 -0.978687 2.760000 129
2014.929500 -0.041057 2.719000 129
2014.932200 -1.388631 2.801000 129
2014.935000 2.968097 2.893000 129
2014.937700 2.590043 2.773000 129
2014.940500 3.101278 2.739000 129
2014.943200 6.343609 2.910000 129
2014.945900 10.216569 2.747000 129
2014.948700 -0.142214 2.698000 129
2014.951400 3.240924 2.663000 129
2014.954100 3.341588 2.840000 129
2014.956900 3.877462 2.834000 129
2014.959600 1.861089 2.798000 129
2014.962400 -1.274113 2.739000 129
2014.965100 -2.683668 2.768000 129
2014.967800 -2.976875 2.720000 129
2014.970600 -0.795984 2.745000 129
2014.973300 1.698406 2.814000 129
2014.976000 0.612034 2.846000 129
2014.978800 1.522677 2.790000 129
2014.981500 6.902679 2.819000 129
2014.984300 3.675632 2.732000 129
2014.987000 -2.020141 2.722000 129
2014.989700 -1.391859 2.711000 129
2014.992500 -2.313732 2.690000 129
2014.995200 0.521552 2.769000 129
2014.997900 5.348782 2.733000 129
2015.000700 7.628741 2.814000 129
2015.003400 2.129752 2.784000 129
2015.006200 0.318408 2.683000 129
2015.008900 -2.315947 2.743000 129
2015.011600 -2.257533 2.743000 129
2015.014400 -2.849608 2.721000 129
2015.017100 -3.125773 2.821000 129
2015.019800 -1.860274 2.701000 129
2015.022600 0.446594 2.724000 129
2015.025300 0.559306 2.713000 129
2015.028100 -1.820713 2.728000 129
2015.030800 -3.038922 2.698000 129
2015.033500 -0.159633 2.707000 129
2015.036300 -3.667229 2.785000 129
2015.039000 -5.107057 2.760000 129
2015.041800 -3.238877 2.707000 129
2015.044500 1.809054 2.710000 129
2015.047200 -2.491670 2.820000 129
2015.050000 -0.845549 2.794000 129
2015.052700 -0.429693 2.710000 129
2015.055400 -0.246576 2.694000 129
2015.058200 -2.401781 2.758000 129
2015.060900 -1.014251 2.844000 129
2015.063700 1.115843 2.847000 129
2015.066400 1.034682 2.699000 129
2015.069100 -1.769345 2.720000 129
2015.071900 -0.837981 2.723000 129
2015.074600 -1.830846 2.701000 129
2015.077300 -1.040646 2.787000 129
2015.080100 -3.278226 2.678000 129
2015.082800 0.173005 2.733000 129
2015.085600 -2.664659 2.710000 129
2015.088300 -4.133477 2.719000 129
2015.091000 -1.999328 2.702000 129
2015.093800 -0.497245 2.724000 129
2015.096500 0.761747 2.768000 129
2015.099200 0.024658 2.793000 129
2015.102000 1.498332 2.797000 129
2015.104700 1.006994 2.775000 129
2015.107500 -5.749692 2.727000 129
2015.110200 -3.560332 2.832000 129
2015.112900 -3.966120 2.893000 129
2015.115700 -4.580419 2.795000 129
2015.118400 -1.458575 2.711000 129
2015.121100 4.122093 2.702000 129
2015.123900 2.995090 2.751000 129
2015.126600 -2.136661 2.739000 129
2015.129400 -1.132187 2.739000 129
2015.132100 -1.989384 2.734000 129
2015.134800 -0.920788 2.857000 129
2015.137600 -0.497116 2.868000 129
2015.140300 3.920010 2.701000 129
2015.143100 2.139115 2.653000 129
2015.145800 1.258762 2.661000 129
2015.148500 1.535191 2.774000 129
2015.151300 1.499461 2.726000 129
2015.154000 -1.689590 2.693000 129
2015.156700 0.368145 2.713000 129
2015.159500 5.335590 2.724000 129
2015.162200 -1.622142 2.747000 129
2015.165000 -1.350246 2.754000 129
2015.167700 0.068573 2.676000 129
2015.170400 -2.366802 2.772000 129
2015.173200 -3.474668 2.807000 129
2015.175900 -7.253457 2.897000 129
2015.178600 -4.112419 2.861000 129
2015.181400 -5.510982 2.746000 129
2015.184100 -3.070311 2.720000 129
2015.186900 -0.585309 2.716000 129
2015.189600 -2.369965 2.734000 129
2015.192300 -2.044749 2.971000 129
2015.195100 -5.127297 2.912000 129
2015.197800 -2.641343 2.910000 129
2015.200500 -1.049481 2.809000 129
2015.203300 -1.155470 2.779000 129
2015.206000 -1.171795 2.905000 129
2015.208800 0.671976 2.883000 129
2015.211500 -1.222481 2.746000 129
2015.214200 -0.264964 2.759000 129
2015.217000 -3.441421 2.736000 129
2015.219700 -3.760947 2.743000 129
2015.222500 4.357509 2.732000 129
2015.225200 4.698003 2.712000 129
2015.227900 -0.652452 2.714000 129
2015.230700 -1.376983 2.745000 129
2015.233400 -1.575320 2.799000 129
2015.236100 6.213444 2.873000 129
2015.238900 3.974082 2.902000 129
2015.241600 0.670066 2.945000 129
2015.244400 0.783895 2.937000 129
2015.247100 4.150170 2.810000 129
2015.249800 0.147632 2.735000 129
2015.252600 -0.278098 2.747000 129
2015.255300 0.816762 2.716000 129
2015.258000 4.581863 2.755000 129
2015.260800 5.410738 2.751000 129
2015.263500 6.536345 2.760000 129
2015.266300 4.025709 2.778000 129
2015.269000 0.338894 2.794000 129
2015.271700 1.749408 2.844000 129
2015.274500 4.677657 2.812000 129
2015.277200 2.366857 2.674000 129
2015.279900 -1.711563 2.708000 129
2015.282700 -0.985264 2.740000 129
2015.285400 0.193106 2.808000 129
2015.288200 0.848187 2.800000 129
2015.290900 2.750417 2.780000 129
2015.293600 4.839113 2.747000 129
2015.296400 1.547508 2.743000 129
2015.299100 5.083162 2.695000 129
2015.301800 3.474328 2.746000 129
2015.304600 6.209188 2.723000 129
2015.307300 4.008408 2.703000 129
2015.310100 5.658318 2.642000 129
2015.312800 4.167653 2.634000 129
2015.315500 -2.086426 2.680000 129
2015.318300 2.132182 2.629000 129
2015.321000 -5.039697 2.682000 129
2015.323800 3.106109 2.726000 129
2015.326500 -3.250517 2.753000 129
2015.329200 -0.179491 2.735000 129
2015.332000 4.193218 2.619000 129
2015.334700 1.207572 2.726000 129
2015.337400 3.356611 2.723000 129
2015.340200 1.205333 2.714000 129
2015.342900 0.731767 2.759000 129
2015.345700 4.697881 2.727000 129
2015.348400 2.978749 2.774000 129
2015.351100 -2.965648 2.714000 129
2015.353900 -2.092366 2.654000 129
2015.356600 0.136725 2.620000 129
2015.359300 3.097577 2.811000 129
2015.362100 7.050103 2.770000 129
2015.364800 3.605487 2.763000 129
2015.367600 -0.824458 2.660000 129
2015.370300 1.665485 2.661000 129
2015.373000 0.156220 2.629000 129
2015.375800 -4.082380 2.724000 129
2015.378500 -12.972054 2.766000 129
2015.381200 -4.835923 2.672000 129
2015.384000 -1.426136 2.686000 129
2015.386700 3.301611 2.652000 129
2015.389500 -5.374995 2.649000 129
2015.392200 -5.425622 2.647000 129
2015.394900 -5.222428 2.662000 129
2015.397700 -5.199600 2.694000 129
2015.400400 -6.764768 2.747000 129
2015.403100 -6.244111 2.869000 129
2015.405900 -5.433838 2.693000 129
2015.408600 -5.744537 2.651000 129
2015.411400 -4.086633 2.722000 129
2015.414100 -7.117689 2.681000 129
2015.416800 -2.554922 2.712000 129
2015.419600 -4.905572 2.700000 129
2015.422300 2.106834 2.711000 129
2015.425100 -2.419194 2.871000 129
2015.427800 -5.829156 2.778000 129
2015.430500 -1.496302 2.619000 129
2015.433300 -1.848908 2.678000 129
2015.436000 4.213565 2.709000 129
2015.438700 1.155847 2.675000 129
2015.441500 -0.230362 2.788000 129
2015.444200 -4.414478 2.649000 129
2015.447000 4.739894 2.766000 129
2015.449700 -4.847633 2.707000 129
2015.452400 -4.589366 2.833000 129
2015.455200 -7.530645 2.632000 129
2015.457900 -4.499811 2.806000 129
2015.460600 -2.516194 2.859000 129
2015.463400 -3.373157 2.947000 129
2015.466100 -0.806994 2.740000 129
2015.468900 -0.872436 2.721000 129
2015.471600 -1.445741 2.740000 129
2015.474300 -5.374282 2.906000 129
2015.477100 -6.608466 2.817000 129
2015.479800 -4.289498 2.742000 129
2015.482500 -2.161775 2.707000 129
2015.485300 -6.651733 2.702000 129
2015.488000 -5.611522 2.709000 129
2015.490800 -2.086016 2.697000 129
2015.493500 3.813673 2.793000 129
2015.496200 -2.384898 2.871000 129
2015.499000 1.627787 2.862000 129
2015.501700 2.169678 2.796000 129
2015.504400 -0.083699 2.646000 129
2015.507200 -1.864855 2.730000 129
2015.509900 1.073220 2.665000 129
2015.512700 -1.485508 2.685000 129
2015.515400 1.660013 2.785000 129
2015.518100 4.075262 2.664000 129
2015.520900 6.495676 2.648000 129
2015.523600 2.714370 2.742000 129
2015.526400 3.497209 2.683000 129
2015.529100 1.660349 2.729000 129
2015.531800 3.627221 2.657000 129
2015.534600 1.743212 2.713000 129
2015.537300 0.620540 2.755000 129
2015.540000 4.037605 2.688000 129
2015.542800 -1.450231 2.825000 129
2015.545500 -1.286691 2.784000 129
2015.548300 -5.614064 2.830000 129
2015.551000 2.683967 2.738000 129
2015.553700 7.389756 2.879000 129
2015.556500 8.455620 2.818000 129
2015.559200 -2.081068 2.685000 129
2015.561900 0.112020 2.706000 129
2015.564700 -2.531822 2.699000 129
2015.567400 7.360830 2.657000 129
2015.570200 -0.108447 2.893000 129
2015.572900 -4.730196 2.808000 129
2015.575600 -3.711129 2.755000 129
2015.578400 -2.600984 2.738000 129
2015.581100 -0.704261 2.734000 129
2015.583800 -0.623691 2.811000 129
2015.586600 2.140973 2.747000 129
2015.589300 -1.437734 2.753000 129
2015.592100 1.173670 2.728000 129
2015.594800 -1.737262 2.737000 129
2015.597500 0.174717 2.749000 129
2015.600300 1.696836 2.968000 129
2015.603000 1.459674 2.936000 129
2015.605700 3.289465 2.792000 129
2015.608500 -1.918562 2.862000 129
2015.611200 -2.050817 2.812000 129
2015.614000 4.070143 2.765000 129
2015.616700 -2.668089 2.799000 129
2015.619400 -3.877284 2.790000 129
2015.622200 0.096795 2.740000 129
2015.624900 2.833732 2.723000 129
2015.627700 5.188989 2.697000 129
2015.630400 5.911137 2.688000 129
2015.633100 7.968419 2.694000 129
2015.635900 0.684097 2.706000 129
2015.638600 0.031714 2.743000 129
2015.641300 -5.584472 2.816000 129
2015.644100 -2.257175 2.697000 129
2015.646800 -1.132894 2.725000 129
2015.649600 -0.232065 2.722000 129
2015.652300 -2.204225 2.828000 129
2015.655000 -1.601075 2.753000 129
2015.657800 0.121728 2.771000 129
2015.660500 2.486579 2.671000 129
2015.663200 2.765811 2.728000 129
2015.666000 3.889813 2.734000 129
2015.668700 5.420894 2.832000 129
2015.671500 4.460830 2.704000 129
2015.674200 5.907862 2.702000 129
2015.676900 4.821400 2.697000 129
2015.679700 2.114924 2.684000 129
2015.682400 -0.768434 2.699000 129
2015.685100 -2.488211 2.827000 129
2015.687900 4.955142 2.746000 129
2015.690600 3.759626 2.650000 129
2015.693400 3.922342 2.701000 129
2015.696100 1.536192 2.672000 129
2015.698800 6.726752 2.733000 129
2015.701600 2.894701 2.751000 129
2015.704300 4.243784 2.742000 129
2015.707000 4.547653 2.719000 129
2015.709800 5.032078 2.710000 129
2015.712500 5.878625 2.646000 129
2015.715300 -0.644156 2.686000 129
2015.718000 3.075173 2.809000 129
2015.720700 2.846413 2.743000 129
2015.723500 7.865503 2.726000 129
2015.726200 3.784675 2.760000 129
2015.729000 4.530819 2.714000 129
2015.731700 0.746021 2.656000 129
2015.734400 6.399254 2.694000 129
2015.737200 6.347646 2.753000 129
2015.739900 6.635050 2.749000 129
2015.742600 0.051552 2.807000 129
2015.745400 3.889405 2.893000 129
2015.748100 4.691213 2.931000 129
2015.750900 5.645500 2.729000 129
2015.753600 7.451697 2.775000 129
2015.756300 12.406097 2.738000 129
2015.759100 4.980173 2.872000 129
2015.761800 2.180081 2.696000 129
2015.764500 3.488248 2.768000 129
2015.767300 4.288288 2.657000 129
2015.770000 4.216071 2.719000 129
2015.772800 1.302860 2.694000 129
2015.775500 3.648327 2.729000 129
2015.778200 5.515133 2.796000 129
2015.781000 5.949140 2.698000 129
2015.783700 2.849717 2.635000 129
2015.786400 7.304674 2.618000 129
2015.789200 1.539025 2.718000 129
2015.791900 4.145827 2.721000 129
2015.794700 2.637152 2.802000 129
2015.797400 -1.232158 2.693000 129
2015.800100 -4.789037 2.708000 129
2015.802900 4.944793 2.621000 129
2015.805600 -0.213149 2.652000 129
2015.808400 1.323742 2.709000 129
2015.811100 3.675763 2.656000 129
2015.813800 -0.130755 2.682000 129
2015.816600 1.938736 2.679000 129
2015.819300 3.082205 2.656000 129
2015.822000 4.880142 2.679000 129
2015.824800 9.137259 2.631000 129
2015.827500 9.100189 2.681000 129
2015.830300 5.975409 2.708000 129
2015.833000 5.588328 2.698000 129
2015.835700 4.347710 2.842000 129
2015.838500 10.742536 2.804000 129
2015.841200 4.532885 2.645000 129
2015.843900 1.395683 2.713000 129
2015.846700 -2.125931 2.674000 129
2015.849400 -0.193204 2.786000 129
2015.852200 1.978202 2.681000 129
2015.854900 7.642821 2.675000 129
2015.857600 6.176846 2.697000 129
2015.860400 2.698676 2.671000 129
2015.863100 3.037526 2.715000 129
2015.865800 1.846745 2.712000 129
2015.868600 1.808882 2.808000 129
2015.871300 8.284842 2.846000 129
2015.874100 9.222790 2.619000 129
2015.876800 4.721426 2.800000 129
2015.879500 2.839350 2.736000 129
2015.882300 0.711352 2.727000 129
2015.885000 2.775841 2.707000 129
2015.887700 -1.254440 2.692000 129
2015.890500 1.514432 2.723000 129
2015.893200 1.444589 2.716000 129
2015.896000 6.882943 2.753000 129
2015.898700 7.699445 2.705000 129
2015.901400 0.383062 2.713000 129
2015.904200 -0.333072 2.680000 129
2015.906900 0.516739 2.690000 129
2015.909700 0.711825 2.695000 129
2015.912400 4.224722 2.699000 129
2015.915100 -2.932398 2.737000 129
2015.917900 -0.443218 2.724000 129
2015.920600 0.649576 2.758000 129
2015.923300 -0.402735 2.677000 129
2015.926100 -0.430736 2.687000 129
2015.928800 -2.202317 2.727000 129
2015.931600 -1.193589 2.879000 129
2015.934300 -1.397568 2.799000 129
2015.937000 1.799192 2.812000 129
2015.939800 5.707243 2.846000 129
2015.942500 7.989405 2.971000 129
2015.945200 3.211206 2.764000 129
2015.948000 4.230266 3.041000 129
2015.950700 11.058262 2.657000 129
2015.953500 8.213489 2.687000 129
2015.956200 6.223538 2.717000 129
2015.958900 2.970051 2.758000 129
2015.961700 -0.874260 2.761000 129
2015.964400 4.311089 2.704000 129
2015.967100 6.885795 2.704000 129
2015.969900 6.384607 2.744000 129
2015.972600 10.984929 2.682000 129
2015.975400 9.018302 2.764000 129
2015.978100 6.938090 2.681000 129
2015.980800 4.634053 2.640000 129
2015.983600 4.809975 2.655000 129
2015.986300 -2.614818 2.693000 129
2015.989000 1.567453 2.671000 129
2015.991800 1.831579 2.764000 129
2015.994500 1.882871 2.696000 129
2015.997300 0.724941 2.671000 129
2016.000000 0.457105 2.732000 129
2016.002700 -0.155848 2.839000 129
2016.005500 -3.809146 2.808000 129
2016.008200 4.904555 2.666000 129
2016.011000 3.834823 2.607000 129
2016.013700 5.636032 2.611000 129
2016.016400 7.487948 2.708000 129
2016.019200 6.411294 2.718000 129
2016.021900 1.139508 2.631000 129
2016.024600 0.677328 2.583000 129
2016.027400 -0.538570 2.620000 129
2016.030100 -2.947655 2.670000 129
2016.032900 3.191440 2.650000 129
2016.035600 4.973318 2.650000 129
2016.038300 5.890639 2.604000 129
2016.041100 3.483982 2.671000 129
2016.043800 1.525078 2.563000 129
2016.046500 0.904526 2.651000 129
2016.049300 -2.165167 2.638000 129
2016.052000 -1.774123 2.636000 129
2016.054800 -0.093333 2.747000 129
2016.057500 -2.806809 2.683000 129
2016.060200 1.532930 2.663000 129
2016.063000 1.252246 2.688000 129
2016.065700 -0.654694 2.809000 129
2016.068400 0.252505 2.682000 129
2016.071200 -2.065889 2.663000 129
2016.073900 1.222485 2.706000 129
2016.076700 0.809150 2.828000 129
2016.079400 14.054609 2.924000 129
2016.082100 5.482095 2.841000 129
2016.084900 8.150701 2.756000 129
2016.087600 3.783148 2.759000 129
2016.090300 -1.438433 2.756000 129
2016.093100 -4.341067 2.683000 129
2016.095800 -6.162796 2.742000 129
2016.098600 -6.713691 2.672000 129
2016.101300 -7.129632 2.722000 129
2016.104000 -6.221681 2.663000 129
2016.106800 -6.651064 2.759000 129
2016.109500 -4.894408 2.692000 129
2016.112300 -4.423197 2.646000 129
2016.115000 -3.803884 2.722000 129
2016.117700 -5.135737 2.751000 129
2016.120500 -0.180194 2.756000 129
2016.123200 -1.571447 2.651000 129
2016.125900 -1.258889 2.714000 129
2016.128700 3.209908 2.801000 129
2016.131400 7.562023 2.819000 129
2016.134200 0.585277 2.743000 129
2016.136900 0.658931 2.595000 129
2016.139600 -1.505628 2.666000 129
2016.142400 4.729804 2.737000 129
2016.145100 -3.534234 2.688000 129
2016.147800 -0.402489 2.683000 129
2016.150600 -0.536892 2.739000 129
2016.153300 0.529373 2.694000 129
2016.156100 1.053401 2.647000 129
2016.158800 1.885193 2.757000 129
2016.161500 0.373775 2.683000 129
2016.164300 -0.622007 2.760000 129
2016.167000 -0.634877 2.697000 129
2016.169700 -0.431942 2.654000 129
2016.172500 1.393510 2.706000 129
2016.175200 1.644027 2.667000 129
2016.178000 3.927988 2.761000 129
2016.180700 5.250118 2.781000 129
2016.183400 4.493088 2.855000 129
2016.186200 2.175398 2.673000 129
2016.188900 0.991036 2.717000 129
2016.191600 1.550543 2.611000 129
2016.194400 2.193294 2.700000 129
2016.197100 -0.587466 2.596000 129
2016.199900 8.356958 2.659000 129
2016.202600 -1.693022 2.644000 129
2016.205300 1.242928 2.717000 129
2016.208100 1.960981 2.803000 129
2016.210800 1.397792 2.794000 129
2016.213600 -0.517343 2.704000 129
2016.216300 -1.676613 2.660000 129
2016.219000 0.747117 2.645000 129
2016.221800 5.210836 2.643000 129
2016.224500 3.978578 2.662000 129
2016.227200 2.117367 3.186000 129
2016.334000 2.428603 2.609000 129
2016.336800 -2.876279 2.657000 129
2016.339500 2.640525 2.676000 129
2016.342200 3.548033 2.718000 129
2016.345000 5.831223 2.859000 129
2016.347700 0.660160 2.634000 129
2016.350400 2.016832 2.656000 129
2016.353200 -1.905819 2.678000 129
2016.355900 -3.259664 2.640000 129
2016.358700 -4.496833 2.647000 129
2016.361400 -3.199164 2.631000 129
2016.364100 -4.677721 2.607000 129
2016.366900 -5.343608 2.622000 129
2016.369600 -2.505610 2.664000 129
2016.372300 0.725179 2.612000 129
2016.375100 -5.239367 2.660000 129
2016.377800 -4.842991 2.597000 129
2016.380600 -1.490954 2.645000 129
2016.383300 6.808029 2.613000 129
2016.386000 -1.648177 2.576000 129
2016.388800 -1.189733 2.634000 129
2016.391500 3.806687 2.643000 129
2016.394300 2.506748 2.629000 129
2016.397000 -2.442197 2.682000 129
2016.399700 -2.847319 2.578000 129
2016.402500 -1.796817 2.649000 129
2016.405200 -3.882296 2.553000 129
2016.407900 0.394049 2.618000 129
2016.410700 -7.000999 2.663000 129
2016.413400 -4.960010 2.596000 129
2016.416200 0.732571 2.625000 129
2016.418900 -1.615799 2.763000 129
2016.421600 -3.846347 2.785000 129
2016.424400 -0.979326 2.791000 129
2016.427100 0.855759 2.674000 129
2016.429800 0.782661 2.595000 129
2016.432600 0.397104 2.584000 129
2016.435300 0.822627 2.665000 129
2016.438100 -1.105329 2.642000 129
2016.440800 2.808802 2.688000 129
2016.443500 -3.216262 2.719000 129
2016.446300 2.353164 2.718000 129
2016.449000 -3.511310 2.652000 129
2016.451700 -0.162990 2.664000 129
2016.454500 5.825788 2.584000 129
2016.457200 4.777678 2.619000 129
2016.460000 0.695003 2.635000 129
2016.462700 -4.151552 2.685000 129
2016.465400 -6.055330 2.735000 129
2016.468200 -2.182710 2.606000 129
2016.470900 1.141045 2.611000 129
2016.473600 0.583565 2.629000 129
2016.476400 4.172446 2.639000 129
2016.479100 0.936478 2.664000 129
2016.481900 1.338845 2.623000 129
2016.484600 2.049374 2.710000 129
2016.487300 1.251651 2.650000 129
2016.490100 4.291226 2.682000 129
2016.492800 1.676982 2.650000 129
2016.495600 -2.099989 2.668000 129
2016.498300 0.713235 2.638000 129
2016.501000 -4.886806 2.611000 129
2016.503800 -0.101611 2.896000 129
2016.506500 -0.124196 2.684000 129
2016.509200 0.604949 2.616000 129
2016.512000 0.423294 2.683000 129
2016.514700 3.265886 2.602000 129
2016.517500 -1.167344 2.781000 129
2016.520200 -0.319308 2.709000 129
2016.522900 4.289456 2.573000 129
2016.525700 2.672369 2.702000 129
2016.528400 1.897579 2.694000 129
2016.531100 -1.234480 2.667000 129
2016.533900 -1.727417 2.615000 129
2016.536600 -2.426020 2.704000 129
2016.539400 2.540483 2.686000 129
2016.542100 3.022346 2.681000 129
2016.544800 4.508952 2.683000 129
2016.547600 1.822647 2.700000 129
2016.550300 -3.047258 2.769000 129
2016.553000 -2.774407 2.779000 129
2016.555800 1.651520 2.787000 129
2016.558500 0.681891 2.711000 129
2016.561300 2.439334 2.701000 129
2016.564000 0.967252 2.701000 129
2016.566700 1.844958 2.792000 129
2016.569500 1.150735 2.855000 129
2016.572200 -0.933965 2.663000 129
2016.574900 6.906148 2.790000 129
2016.577700 2.206339 2.663000 129
2016.580400 3.396103 2.705000 129
2016.583200 -1.529046 2.783000 129
2016.585900 1.435413 2.777000 129
2016.588600 -0.520261 2.837000 129
2016.591400 3.043172 2.862000 129
2016.594100 -4.374733 2.726000 129
2016.596900 -0.174512 2.817000 129
2016.599600 2.360405 2.812000 129
2016.602300 2.033257 2.728000 129
2016.605100 2.021273 2.708000 129
2016.607800 2.132039 2.750000 129
2016.610500 -2.953214 2.777000 129
2016.613300 -4.865256 2.679000 129
2016.616000 -2.394495 2.650000 129
2016.618800 -0.503486 2.672000 129
2016.621500 1.323361 2.603000 129
2016.624200 0.749277 2.802000 129
2016.627000 -2.982494 2.765000 129
2016.629700 -0.399377 2.703000 129
2016.632400 4.011869 2.735000 129
2016.635200 5.357503 2.701000 129
2016.637900 6.756073 2.668000 129
2016.640700 7.858088 2.674000 129
2016.643400 1.537070 2.645000 129
2016.646100 -0.191714 2.734000 129
2016.648900 2.959042 2.667000 129
2016.651600 2.810806 2.746000 129
2016.654300 -0.369127 2.664000 129
2016.657100 -4.596416 2.723000 129
2016.659800 -0.048659 2.681000 129
2016.662600 1.221818 2.696000 129
2016.665300 2.835362 2.701000 129
2016.668000 -0.606670 2.707000 129
2016.670800 3.893141 2.801000 129
2016.673500 8.306047 2.709000 129
2016.676200 11.280451 2.641000 129
2016.679000 3.643830 2.711000 129
2016.681700 1.706326 2.690000 129
2016.684500 1.516892 2.782000 129
2016.687200 0.061584 2.902000 129
2016.689900 1.262901 2.713000 129
2016.692700 -1.223563 2.665000 129
2016.695400 6.398108 2.747000 129
2016.698200 5.328102 2.648000 129
2016.700900 6.075231 2.635000 129
2016.703600 0.801114 2.784000 129
2016.706400 3.590483 2.800000 129
2016.709100 1.491980 2.767000 129
2016.711800 2.316308 2.689000 129
2016.714600 5.110293 2.712000 129
2016.717300 2.629389 2.656000 129
2016.720100 2.798261 2.683000 129
2016.722800 5.269227 2.657000 129
2016.725500 0.116148 2.819000 129
2016.728300 -0.221975 2.714000 129
2016.731000 -2.472037 2.672000 129
2016.733700 1.162926 2.621000 129
2016.736500 -0.257967 2.612000 129
2016.739200 1.480155 2.642000 129
2016.742000 0.356548 2.695000 129
2016.744700 -1.694080 2.752000 129
2016.747400 -3.112571 2.704000 129
2016.750200 -2.637598 2.642000 129
2016.752900 5.444290 2.681000 129
2016.755600 6.269376 2.640000 129
2016.758400 4.075122 2.673000 129
2016.761100 8.772706 2.602000 129
2016.763900 3.958082 2.680000 129
2016.766600 2.257240 2.596000 129
2016.769300 1.453687 2.581000 129
2016.772100 -2.735878 2.700000 129
2016.774800 1.065244 2.653000 129
2016.777500 5.073702 2.710000 129
2016.780300 2.968343 2.653000 129
2016.783000 1.426565 2.736000 129
2016.785800 3.693100 2.793000 129
2016.788500 10.613138 2.717000 129
2016.791200 9.010576 2.758000 129
2016.794000 5.573520 2.792000 129
2016.796700 5.424840 2.703000 129
2016.799500 -2.086207 2.681000 129
2016.802200 -1.744968 2.747000 129
2016.804900 1.748715 2.681000 129
2016.807700 2.862215 2.649000 129
2016.810400 2.739857 2.624000 129
2016.813100 -2.326040 2.632000 129
2016.815900 -3.730942 2.596000 129
2016.818600 -0.323854 2.689000 129
2016.821400 -2.435656 2.713000 129
2016.824100 4.875424 2.724000 129
2016.826800 -0.129026 2.629000 129
2016.829600 -3.792202 2.668000 129
2016.832300 -0.590663 2.682000 129
2016.835000 3.989341 2.710000 129
2016.837800 -7.507225 2.850000 129
2016.840500 -3.838252 2.880000 129
2016.843300 -5.142749 2.686000 129
2016.848700 2.830525 2.689000 129
2016.851500 0.233550 2.640000 129
2016.854200 -2.403197 2.667000 129
2016.856900 -0.298536 2.701000 129
2016.859700 -2.254079 2.679000 129
2016.862400 -0.746585 2.668000 129
2016.865200 0.038782 2.694000 129
2016.867900 -0.208946 2.659000 129
2016.870600 -2.994331 2.738000 129
2016.873400 0.725263 2.697000 129
2016.876100 3.756562 2.692000 129
2016.878900 7.631905 2.628000 129
2016.881600 1.974817 2.682000 129
2016.884300 -0.567016 2.710000 129
2016.887100 3.252276 2.685000 129
2016.889800 4.211936 2.708000 129
2016.892500 2.552787 2.644000 129
2016.895300 1.699831 2.654000 129
2016.898000 2.320040 2.714000 129
2016.900800 0.423478 2.757000 129
2016.903500 3.115945 2.790000 129
2016.906200 9.771483 2.774000 129
2016.909000 6.038293 2.668000 129
2016.911700 2.175931 2.641000 129
2016.914400 1.508559 2.660000 129
2016.917200 3.349485 2.730000 129
2016.919900 1.113042 2.695000 129
2016.922700 0.645906 2.650000 129
2016.925400 4.174271 2.634000 129
2016.928100 3.943478 2.688000 129
2016.930900 8.815992 2.675000 129
2016.933600 2.105817 2.652000 129
2016.936300 -0.524612 2.702000 129
2016.939100 -1.083747 2.703000 129
2016.941800 0.809245 2.617000 129
2016.944600 3.584511 2.651000 129
2016.947300 3.258784 2.731000 129
2016.950000 3.699636 2.723000 129
2016.952800 1.635723 2.691000 129
2016.955500 0.239646 2.636000 129
2016.958200 2.923042 2.583000 129
2016.961000 6.209619 2.561000 129
2016.963700 1.918870 2.723000 129
2016.966500 -5.202743 2.696000 129
2016.969200 -0.010784 2.635000 129
2016.971900 0.215468 2.660000 129
2016.974700 1.032778 2.604000 129
2016.977400 2.520516 2.669000 129
2016.980200 2.818252 2.690000 129
2016.982900 1.568325 2.597000 129
2016.985600 -0.587491 2.563000 129
2016.988400 -4.484408 2.536000 129
2016.991100 -2.778111 2.569000 129
2016.993800 -6.217814 2.601000 129
2016.996600 -1.721728 2.561000 129
2016.999300 2.885461 2.617000 129
2017.002100 5.987357 2.543000 129
2017.004800 3.513288 2.677000 129
2017.007500 -0.704959 2.591000 129
2017.010300 4.205373 2.683000 129
2017.013000 2.924652 2.627000 129
2017.015700 4.159648 2.702000 129
2017.018500 1.175085 2.623000 129
2017.021200 -2.841604 2.602000 129
2017.024000 -2.254948 2.768000 129
2017.026700 4.852542 2.726000 129
2017.029400 6.332580 2.559000 129
2017.032200 4.460810 2.630000 129
2017.034900 -6.664173 2.573000 129
2017.037600 -0.664704 2.574000 129
2017.040400 3.780800 2.564000 129
2017.043100 1.294058 2.629000 129
2017.045900 -0.402757 2.653000 129
2017.048600 1.430169 2.760000 129
2017.051300 5.144397 2.698000 129
2017.054100 8.352387 2.556000 129
2017.056800 6.380111 2.653000 129
2017.059500 -0.432944 2.598000 129
2017.062300 3.478592 2.648000 129
2017.065000 2.473872 2.644000 129
2017.067800 -2.941371 2.612000 129
2017.070500 -6.495858 2.589000 129
2017.073200 -8.170246 2.662000 129
2017.076000 -12.223329 2.645000 129
2017.078700 -7.128622 2.634000 129
2017.081500 -5.313724 2.643000 129
2017.084200 -7.088007 2.604000 129
2017.086900 -5.825296 2.630000 129
2017.089700 1.903434 2.649000 129
2017.092400 0.204040 2.608000 129
2017.095100 -2.212412 2.556000 129
2017.097900 -3.799015 2.544000 129
2017.100600 3.646328 2.608000 129
2017.103400 4.668407 2.642000 129
2017.106100 -5.833512 2.621000 129
2017.108800 -4.847562 2.575000 129
2017.111600 3.034959 2.627000 129
2017.114300 -0.844428 2.629000 129
2017.117000 -3.931978 2.591000 129
2017.119800 -2.710119 2.566000 129
2017.122500 -3.893064 2.612000 129
2017.125300 -1.451706 2.623000 129
2017.128000 1.500922 2.586000 129
2017.130700 5.841350 2.628000 129
2017.133500 5.562928 2.574000 129
2017.136200 2.321896 2.516000 129
2017.138900 -1.442349 2.600000 129
2017.141700 -9.599589 2.662000 129
2017.144400 1.397689 2.612000 129
2017.147200 -0.492123 2.590000 129
2017.149900 -3.164326 2.667000 129
2017.152600 -1.639746 2.656000 129
2017.155400 0.832609 2.608000 129
2017.158100 1.946715 2.682000 129
2017.160800 -0.567390 2.595000 129
2017.163600 -4.944848 2.579000 129
2017.166300 -5.473407 2.584000 129
2017.169100 -6.232399 2.567000 129
2017.171800 1.501609 2.624000 129
2017.174500 5.105432 2.616000 129
2017.177300 -0.426292 2.695000 129
2017.180000 -2.714860 2.617000 129
2017.182800 -3.289047 2.612000 129
2017.185500 -6.233972 2.642000 129
2017.188200 -6.846040 2.576000 129
2017.191000 -4.897825 2.655000 129
2017.193700 -1.392189 2.579000 129
2017.196400 -2.229664 2.591000 129
2017.199200 -1.255946 2.583000 129
2017.201900 -0.936647 2.667000 129
2017.204700 3.174789 2.649000 129
2017.207400 0.111916 2.623000 129
2017.210100 -2.003004 2.631000 129
2017.212900 -2.477864 2.600000 129
2017.215600 0.139127 2.631000 129
2017.218300 -0.986885 2.698000 129
2017.221100 -1.496903 2.680000 129
2017.223800 4.816088 2.669000 129
2017.226600 1.115032 2.626000 129
2017.229300 -0.259909 2.566000 129
2017.232000 0.580227 2.599000 129
2017.234800 6.290261 2.688000 129
2017.237500 3.367565 2.606000 129
2017.240200 -3.827005 2.570000 129
2017.243000 2.936278 2.584000 129
2017.245700 9.119981 2.569000 129
2017.248500 5.675510 2.676000 129
2017.251200 -4.382443 2.634000 129
2017.253900 -2.637181 2.666000 129
2017.256700 -0.698130 2.645000 129
2017.259400 -2.368416 2.648000 129
2017.262100 -2.536436 2.600000 129
2017.264900 0.448306 2.609000 129
2017.267600 0.218846 2.623000 129
2017.270400 0.596132 2.545000 129
2017.273100 -2.349696 2.575000 129
2017.275800 -3.547169 2.587000 129
2017.278600 -4.580915 2.558000 129
2017.281300 -3.454649 2.670000 129
2017.284100 -4.773667 2.540000 129
2017.286800 -3.256593 2.558000 129
2017.289500 -3.976079 2.596000 129
2017.292300 -2.609861 2.582000 129
2017.295000 0.735563 2.594000 129
2017.297700 -5.801524 2.571000 129
2017.300500 -5.123915 2.665000 129
2017.303200 -1.466995 2.600000 129
2017.306000 -6.413383 2.647000 129
2017.308700 -4.162394 2.641000 129
2017.311400 1.553161 2.665000 129
2017.314200 0.147403 2.754000 129
2017.316900 0.542116 2.609000 129
2017.319600 -0.565565 2.669000 129
2017.322400 1.063440 2.623000 129
2017.325100 -6.988001 2.622000 129
2017.327900 -4.889758 2.574000 129
2017.330600 -1.863907 2.683000 129
2017.333300 -4.073387 2.614000 129
2017.336100 -6.311185 2.666000 129
2017.338800 -7.340303 2.633000 129
2017.341500 -5.409719 2.719000 129
2017.344300 0.399546 2.614000 129
2017.347000 0.881554 2.699000 129
2017.349800 -1.998758 2.664000 129
2017.352500 -4.254288 2.714000 129
2017.355200 -8.797070 2.619000 129
2017.358000 -8.149175 2.648000 129
2017.360700 -2.882445 2.638000 129
2017.363400 -2.529945 2.682000 129
2017.366200 -4.226772 2.645000 129
2017.368900 -4.086719 2.631000 129
2017.371700 -5.698997 2.609000 129
2017.374400 1.227632 2.833000 129
2017.377100 -4.834940 2.740000 129
2017.379900 -5.235851 2.857000 129
2017.382600 -5.082819 2.789000 129
2017.385400 -2.219134 2.619000 129
2017.388100 -3.583483 2.648000 129
2017.390800 -8.152016 2.684000 129
2017.393600 0.213093 2.671000 129
2017.396300 -0.731806 2.726000 129
2017.399000 4.291118 2.722000 129
2017.401800 -5.490332 2.780000 129
2017.404500 -5.255766 2.908000 129
2017.407300 1.170413 2.708000 129
2017.410000 -3.506377 2.741000 129
2017.412700 -1.725342 2.644000 129
2017.415500 -2.665714 2.626000 129
2017.418200 -2.971038 2.793000 129
2017.420900 -0.954540 2.707000 129
2017.423700 -2.650471 2.622000 129
2017.426400 0.753661 2.741000 129
2017.429200 -2.186654 2.713000 129
2017.431900 -1.488895 2.703000 129
2017.434600 -0.263324 2.736000 129
2017.437400 -1.711229 2.702000 129
2017.440100 3.133953 2.722000 129
2017.442800 1.558940 2.677000 129
2017.445600 4.500420 2.772000 129
2017.448300 0.794999 2.734000 129
2017.451100 -1.419951 2.758000 129
2017.453800 -3.657793 2.662000 129
2017.456500 -0.032847 2.719000 129
2017.459300 1.117536 2.758000 129
2017.462000 -4.087961 2.691000 129
2017.464800 -4.473045 2.696000 129
2017.467500 -4.881999 2.811000 129
2017.470200 -3.676184 2.757000 129
2017.473000 -1.874993 2.807000 129
2017.475700 0.709343 2.757000 129
2017.478400 -4.320563 2.725000 129
2017.481200 -2.432130 2.678000 129
2017.483900 -1.935536 2.782000 129
2017.486700 1.159370 2.711000 129
2017.489400 2.945450 2.661000 129
2017.492100 0.566274 2.697000 129
2017.494900 -0.624628 2.740000 129
2017.497600 -3.631335 2.770000 129
2017.500300 -4.954307 2.658000 129
2017.503100 -5.154040 2.719000 129
2017.505800 0.915444 2.697000 129
2017.508600 -4.208857 2.725000 129
2017.511300 -4.653923 2.802000 129
2017.514000 -0.378260 2.784000 129
2017.516800 -5.737417 2.669000 129
2017.519500 -6.114310 2.737000 129
2017.522200 1.013525 2.764000 129
2017.525000 -0.112490 2.722000 129
2017.527700 -5.820209 2.825000 129
2017.530500 -2.272796 2.756000 129
2017.533200 0.115937 2.799000 129
2017.535900 -5.009598 2.844000 129
2017.538700 3.001976 2.825000 129
2017.541400 2.372906 2.849000 129
2017.544100 -0.051421 2.809000 129
2017.546900 -5.532659 2.737000 129
2017.549600 -2.319500 2.646000 129
2017.552400 -3.753261 2.724000 129
2017.555100 -1.287596 2.732000 129
2017.557800 0.189835 2.796000 129
2017.560600 2.071338 2.779000 129
2017.563300 -2.604688 2.724000 129
2017.566100 -7.037644 2.785000 129
2017.568800 -6.052097 2.885000 129
2017.571500 3.397253 2.838000 129
2017.574300 -2.232325 2.829000 129
2017.577000 -1.450349 2.811000 129
2017.579700 1.364457 2.858000 129
2017.582500 1.663348 2.724000 129
2017.585200 -0.048156 2.770000 129
2017.588000 1.228436 2.797000 129
2017.590700 0.890668 2.845000 129
2017.593400 -4.054212 2.808000 129
2017.596200 2.093033 2.759000 129
2017.598900 -3.984030 2.730000 129
2017.601600 -4.526162 2.800000 129
2017.604400 -0.064134 2.691000 129
2017.607100 0.631639 2.781000 129
2017.609900 -11.388398 2.932000 129
2017.612600 0.258346 2.875000 129
2017.615300 3.004102 2.811000 129
2017.618100 8.746100 2.914000 129
2017.620800 5.065931 2.675000 129
2017.623500 -1.736172 2.707000 129
2017.626300 -1.859969 2.753000 129
2017.629000 0.858118 2.842000 129
2017.631800 -1.724439 2.826000 129
2017.634500 -1.767079 2.836000 129
2017.637200 -0.521556 2.699000 129
2017.640000 -2.903594 2.816000 129
2017.642700 1.026331 2.732000 129
2017.645400 -3.138516 2.757000 129
2017.648200 5.100168 2.725000 129
2017.650900 -2.706143 2.781000 129
2017.653700 0.369146 2.672000 129
2017.656400 -0.643535 2.699000 129
2017.659100 -6.565872 2.713000 129
2017.661900 2.527502 2.686000 129
2017.664600 0.087941 2.919000 129
2017.667400 0.468170 2.826000 129
2017.670100 1.447484 2.649000 129
2017.672800 -1.268735 2.781000 129
2017.675600 2.104965 2.689000 129
2017.678300 0.349773 2.660000 129
2017.681000 3.067125 2.670000 129
2017.683800 -1.192467 2.857000 129
2017.686500 -2.203933 3.058000 129
2017.689300 -6.132243 2.673000 129
2017.692000 -1.703421 2.766000 129
2017.694700 -0.471929 2.768000 129
2017.697500 3.630873 2.860000 129
2017.700200 2.966811 2.770000 129
2017.702900 2.038496 2.896000 129
2017.705700 10.262653 2.756000 129
2017.708400 2.259939 2.609000 129
2017.711200 0.369810 2.738000 129
2017.713900 3.347801 2.666000 129
2017.716600 6.772667 2.715000 129
2017.719400 8.550293 2.663000 129
2017.722100 14.023015 2.737000 129
2017.724800 4.975686 2.704000 129
2017.727600 2.931298 2.709000 129
2017.730300 2.583973 2.631000 129
2017.733100 2.715714 2.722000 129
2017.735800 1.761491 2.694000 129
2017.738500 3.296334 2.729000 129
2017.741300 -0.608570 2.704000 129
2017.744000 -2.546489 2.697000 129
2017.746700 0.585724 2.656000 129
2017.749500 -0.703617 2.698000 129
2017.752200 6.312964 2.689000 129
2017.755000 -1.198877 2.687000 129
2017.757700 -1.743846 2.810000 129
2017.760400 -3.282584 2.709000 129
2017.763200 1.641453 2.729000 129
2017.765900 2.676280 2.719000 129
2017.768700 3.319013 2.695000 129
2017.771400 -0.279527 2.747000 129
2017.774100 -1.982749 2.676000 129
2017.776900 -0.410868 2.694000 129
2017.779600 -0.824362 2.734000 129
2017.782300 0.523505 2.696000 129
2017.785100 0.088669 2.720000 129
2017.787800 -3.311654 2.638000 129
2017.790600 -3.806550 2.651000 129
2017.793300 -2.343016 2.686000 129
2017.796000 0.757935 2.759000 129
2017.798800 3.931502 2.820000 129
2017.801500 3.919368 2.825000 129
2017.804200 1.496676 2.693000 129
2017.807000 -4.017215 2.754000 129
2017.809700 -7.414950 2.736000 129
2017.812500 -5.684763 2.801000 129
2017.815200 -2.444522 2.665000 129
2017.817900 3.780186 2.758000 129
2017.820700 -4.059012 2.887000 129
2017.823400 -1.402312 2.732000 129
2017.826100 0.239856 2.695000 129
2017.828900 2.237286 2.742000 129
2017.831600 3.900446 2.689000 129
2017.834400 3.779972 2.676000 129
2017.837100 0.517112 2.716000 129
2017.839800 -0.628292 2.773000 129
2017.842600 -1.088179 2.713000 129
2017.845300 1.774367 2.737000 129
2017.848000 2.439351 2.706000 129
2017.850800 -2.925007 2.733000 129
2017.853500 -3.115121 2.752000 129
2017.856300 1.056511 2.791000 129
2017.859000 2.335259 3.006000 129
2017.861700 -0.797605 2.887000 129
2017.864500 -1.842605 2.732000 129
2017.867200 3.361317 2.726000 129
2017.870000 2.554176 2.705000 129
2017.872700 -0.060176 2.719000 129
2017.875400 8.230786 2.764000 129
2017.878200 4.908782 2.863000 129
2017.880900 2.925367 2.755000 129
2017.883600 -0.215790 2.765000 129
2017.886400 4.498172 2.736000 129
2017.889100 0.536520 2.764000 129
2017.891900 -3.908967 2.792000 129
2017.894600 -0.739204 2.738000 129
2017.897300 1.950710 2.700000 129
2017.900100 -0.288151 2.741000 129
2017.902800 1.364035 2.740000 129
2017.905500 4.866298 2.800000 129
2017.908300 0.584829 2.668000 129
2017.911000 -0.956794 2.831000 129
2017.913800 -1.260128 2.745000 129
2017.916500 -0.566750 2.730000 129
2017.919200 2.967569 2.723000 129
2017.922000 2.694193 2.724000 129
2017.924700 1.620335 2.659000 129
2017.927400 -2.105674 2.710000 129
2017.930200 -6.485374 2.862000 129
2017.932900 -3.941748 2.787000 129
2017.935700 -3.705820 2.663000 129
2017.938400 -5.087691 2.679000 129
2017.941100 -4.778872 2.698000 129
2017.943900 -6.821776 2.787000 129
2017.946600 -5.970658 2.674000 129
2017.949300 -1.103953 2.668000 129
2017.952100 0.966991 2.798000 129
2017.954800 2.084785 2.687000 129
2017.957600 5.413785 2.701000 129
2017.960300 0.043525 2.694000 129
2017.963000 0.312675 2.740000 129
2017.965800 -0.226032 2.748000 129
2017.968500 3.528845 2.667000 129
2017.971300 8.120814 2.696000 129
2017.974000 0.739269 2.649000 129
2017.976700 1.456953 2.685000 129
2017.979500 -2.579356 2.636000 129
2017.982200 0.395683 2.718000 129
2017.984900 -0.304158 2.644000 129
2017.987700 1.329909 2.698000 129
2017.990400 -3.814801 2.716000 129
2017.993200 -4.731674 2.729000 129
2017.995900 -0.646401 2.713000 129
2017.998600 0.869809 2.729000 129
2018.001400 -1.781262 2.748000 129
2018.004100 -3.075289 2.688000 129
2018.006800 0.576513 2.731000 129
2018.009600 -0.974094 2.678000 129
2018.012300 -0.433746 2.795000 129
2018.015100 3.165101 2.688000 129
2018.017800 -3.891148 2.796000 129
2018.020500 1.120258 2.770000 129
2018.023300 2.674021 2.610000 129
2018.026000 3.802624 2.678000 129
2018.028700 0.716782 2.657000 129
2018.031500 2.473146 2.688000 129
2018.034200 -3.574700 2.658000 129
2018.037000 -3.046445 2.753000 129
2018.039700 -4.234424 2.764000 129
2018.042400 -2.970005 2.737000 129
2018.045200 -4.382645 2.659000 129
2018.047900 -2.190543 2.672000 129
2018.050700 5.742389 2.716000 129
2018.053400 4.716057 2.696000 129
2018.056100 3.719978 2.692000 129
2018.058900 -0.368438 2.686000 129
2018.061600 0.143883 2.644000 129
2018.064300 -1.593620 2.734000 129
2018.067100 0.450370 2.760000 129
2018.069800 1.252113 2.732000 129
2018.072600 -0.412766 2.767000 129
2018.075300 -4.906871 2.839000 129
2018.078000 -5.018917 2.692000 129
2018.080800 1.564242 2.669000 129
2018.083500 -1.210783 2.780000 129
2018.086200 -1.924809 2.798000 129
2018.089000 -4.542802 2.727000 129
2018.091700 -4.094923 2.732000 129
2018.094500 -1.847126 2.711000 129
2018.097200 1.748587 2.844000 129
2018.099900 4.355215 2.896000 129
2018.102700 -1.569408 2.837000 129
2018.105400 4.230963 2.786000 129
2018.108100 -3.755792 2.757000 129
2018.110900 2.180037 2.768000 129
2018.113600 1.572950 2.800000 129
2018.116400 5.703338 2.787000 129
2018.119100 3.588878 2.813000 129
2018.121800 -1.335761 2.789000 129
2018.124600 -1.536083 2.740000 129
2018.127300 -0.077145 2.684000 129
2018.130000 2.835595 2.677000 129
2018.132800 10.472497 2.736000 129
2018.135500 10.604779 2.739000 129
2018.138300 7.326125 2.687000 129
2018.141000 3.240936 2.783000 129
2018.143700 4.853530 2.680000 129
2018.146500 3.845045 2.815000 129
2018.149200 7.322158 2.779000 129
2018.152000 4.644101 2.757000 129
2018.154700 8.508735 2.794000 129
2018.157400 9.181155 2.710000 129
2018.160200 6.574274 2.802000 129
2018.162900 5.556230 2.851000 129
2018.165600 8.380983 2.895000 129
2018.168400 1.179312 2.767000 129
2018.171100 5.244628 2.664000 129
2018.173900 1.579444 2.748000 129
2018.176600 2.390350 2.754000 129
2018.179300 0.229084 2.693000 129
2018.182100 3.208209 2.721000 129
2018.184800 9.552582 2.680000 129
2018.187500 5.099809 2.693000 129
2018.190300 -0.173673 2.699000 129
2018.193000 1.583253 2.639000 129
2018.195800 2.639407 2.728000 129
2018.198500 11.129077 2.784000 129
2018.201200 6.370657 2.831000 129
2018.204000 9.519380 2.635000 129
2018.206700 7.131780 2.728000 129
2018.209400 4.584130 2.691000 129
2018.212200 1.444546 2.705000 129
2018.214900 1.213800 2.786000 129
2018.217700 4.326074 2.671000 129
2018.220400 4.038292 2.665000 129
2018.223100 -1.596466 2.633000 129
2018.225900 3.392734 2.634000 129
2018.228600 3.530035 2.727000 129
2018.231300 0.646409 2.624000 129
2018.234100 1.644685 2.638000 129
2018.236800 1.412218 2.634000 129
2018.239600 -0.840378 2.700000 129
2018.242300 -3.963615 2.651000 129
2018.245000 -4.656696 2.704000 129
2018.247800 -0.087948 2.682000 129
2018.250500 7.020306 2.777000 129
2018.253300 0.617365 2.723000 129
2018.256000 -0.832974 2.643000 129
2018.258700 -0.783067 2.785000 129
2018.261500 2.889612 2.746000 129
2018.264200 1.481034 2.724000 129
2018.266900 2.680753 2.705000 129
2018.269700 -3.873780 2.686000 129
2018.272400 -1.907438 2.671000 129
2018.275200 2.262639 2.704000 129
2018.277900 7.926676 2.831000 129
2018.280600 1.617098 2.783000 129
2018.283400 -5.350762 2.593000 129
2018.286100 -0.150540 2.587000 129
2018.288800 0.818118 2.622000 129
2018.291600 3.346481 2.731000 129
2018.294300 -1.675960 2.829000 129
2018.297100 -0.696702 2.659000 129
2018.299800 -0.904176 2.702000 129
2018.302500 -3.769133 2.643000 129
2018.305300 -2.905398 2.660000 129
2018.308000 -0.301293 2.679000 129
2018.310700 -1.742627 2.725000 129
2018.313500 -2.752273 2.712000 129
2018.316200 -0.624457 2.791000 129
2018.319000 2.911045 2.876000 129
2018.321700 1.705068 2.703000 129
2018.324400 5.313722 2.723000 129
2018.327200 0.022059 2.760000 129
2018.329900 -2.852003 2.837000 129
2018.332600 0.960601 2.630000 129
2018.335400 0.195888 2.798000 129
2018.338100 -7.291151 2.805000 129
2018.340900 -0.428509 2.781000 129
2018.343600 -3.136150 2.734000 129
2018.346300 -1.775070 2.744000 129
2018.349100 -1.165311 2.718000 129
2018.351800 1.104225 2.754000 129
2018.354600 3.788440 2.702000 129
2018.357300 8.327468 2.742000 129
2018.360000 -6.458742 2.717000 129
2018.362800 1.621723 2.843000 129
2018.365500 0.233049 2.688000 129
2018.368200 -2.922842 2.726000 129
2018.371000 1.816936 2.701000 129
2018.373700 -1.249383 2.732000 129
2018.376500 1.970963 2.899000 129
2018.379200 1.774238 2.781000 129
2018.381900 1.006320 2.765000 129
2018.384700 5.621056 2.781000 129
2018.387400 0.869755 2.738000 129
2018.390100 4.010269 2.729000 129
2018.392900 1.160426 2.760000 129
2018.395600 0.924574 2.778000 129
2018.398400 2.050354 2.771000 129
2018.401100 -2.138860 2.688000 129
2018.403800 2.289752 2.794000 129
2018.406600 4.264978 2.842000 129
2018.409300 8.775233 2.878000 129
2018.412000 9.268313 2.753000 129
2018.414800 1.283989 2.720000 129
2018.417500 -2.014289 2.700000 129
2018.420300 1.740013 2.733000 129
2018.423000 -0.091628 2.759000 129
2018.425700 3.080552 2.708000 129
2018.428500 2.105286 2.773000 129
2018.431200 2.811092 2.821000 129
2018.433900 0.442712 2.740000 129
2018.436700 0.769859 2.733000 129
2018.439400 1.867091 2.738000 129
2018.442200 0.447830 2.715000 129
2018.444900 0.414662 2.837000 129
2018.447600 1.047294 2.811000 129
2018.450400 1.874400 2.791000 129
2018.453100 7.329612 2.696000 129
2018.455900 5.415276 2.829000 129
2018.458600 5.514055 2.700000 129
2018.461300 0.615615 2.722000 129
2018.464100 -4.073409 2.822000 129
2018.466800 -0.503304 2.800000 129
2018.469500 1.675571 2.716000 129
2018.472300 0.067825 2.868000 129
2018.475000 4.486223 2.794000 129
2018.477800 3.475974 2.746000 129
2018.480500 5.381879 2.709000 129
2018.483200 -0.405463 2.821000 129
2018.486000 1.571512 2.791000 129
2018.488700 2.647658 2.754000 129
2018.491400 1.742548 2.817000 129
2018.494200 1.431716 2.860000 129
2018.496900 1.103077 2.805000 129
2018.499700 4.292691 2.841000 129
2018.502400 0.029512 2.857000 129
2018.505100 1.223066 2.942000 129
2018.507900 -2.997162 2.738000 129
2018.510600 3.689842 2.842000 129
2018.513300 -5.008425 2.860000 129
2018.516100 -2.509508 2.787000 129
2018.518800 3.979670 2.852000 129
2018.521600 -1.843989 2.804000 129
2018.524300 -0.439366 2.854000 129
2018.527000 2.611985 2.843000 129
2018.529800 -0.437529 2.810000 129
2018.532500 -2.796728 2.792000 129
2018.535200 -4.477193 2.791000 129
2018.538000 3.390451 2.999000 129
2018.540700 10.280449 2.892000 129
2018.543500 2.193544 3.014000 129
2018.546200 -1.301982 2.895000 129
2018.548900 5.295241 2.762000 129
2018.551700 -1.263454 2.818000 129
2018.554400 1.774273 2.802000 129
2018.557200 -3.111926 2.961000 129
2018.559900 3.592327 2.956000 129
2018.562600 -2.740642 2.740000 129
2018.565400 1.416458 2.857000 129
2018.568100 4.536058 2.765000 129
2018.570800 2.769458 2.834000 129
2018.573600 -1.471070 2.914000 129
2018.576300 0.708951 2.852000 129
2018.579100 5.882051 2.945000 129
2018.581800 3.743733 2.863000 129
2018.584500 6.815265 2.957000 129
2018.587300 0.862893 2.746000 129
2018.590000 1.064155 2.897000 129
2018.592700 2.577304 2.843000 129
2018.595500 4.676573 2.775000 129
2018.598200 0.673530 2.795000 129
2018.601000 1.663632 2.770000 129
2018.603700 2.590456 2.846000 129
2018.606400 2.723237 2.781000 129
2018.609200 -2.581795 2.873000 129
2018.611900 2.138949 2.872000 129
2018.614600 -0.585300 2.865000 129
2018.617400 -1.177311 2.883000 129
2018.620100 -1.481494 2.921000 129
2018.622900 -1.013397 2.854000 129
2018.625600 1.160563 2.743000 129
2018.628300 0.338621 2.830000 129
2018.631100 -2.090971 2.787000 129
2018.633800 4.678349 2.892000 129
2018.636600 4.413072 2.938000 129
2018.639300 12.595738 2.924000 129
2018.642000 -1.072394 2.950000 129
2018.644800 4.796966 2.827000 129
2018.647500 5.678313 2.773000 129
2018.650200 6.037929 2.885000 129
2018.653000 8.387134 2.717000 129
2018.655700 4.636368 2.783000 129
2018.658500 2.765264 2.749000 129
2018.661200 5.107212 2.716000 129
2018.663900 7.720547 2.717000 129
2018.666700 6.107661 2.722000 129
2018.669400 7.103858 2.706000 129
2018.672100 5.635516 2.817000 129
2018.674900 3.145081 2.762000 129
2018.677600 6.388753 2.762000 129
2018.680400 2.848424 2.815000 129
2018.683100 8.893214 2.757000 129
2018.685800 3.712592 2.696000 129
2018.688600 5.044113 2.823000 129
2018.691300 6.015765 2.759000 129
2018.694000 7.715081 2.788000 129
2018.696800 7.894693 2.725000 129
2018.699500 3.862441 2.825000 129
2018.702300 4.866592 2.791000 129
2018.705000 7.910876 2.817000 129
2018.707700 4.694953 2.885000 129
2018.710500 1.915600 2.801000 129
2018.713200 1.010369 2.804000 129
2018.715900 6.008005 2.754000 129
2018.718700 5.723386 2.716000 129
2018.721400 3.581867 2.733000 129
2018.724200 2.993213 2.756000 129
2018.726900 3.487638 2.816000 129
2018.729600 4.915053 2.746000 129
2018.732400 4.614517 2.720000 129
2018.735100 -0.299979 2.779000 129
2018.737900 1.509701 2.780000 129
2018.740600 1.472387 2.742000 129
2018.743300 2.861179 2.725000 129
2018.746100 -1.517663 2.862000 129
2018.748800 5.494443 2.816000 129
2018.751500 -0.520282 2.752000 129
2018.754300 -1.019446 3.064000 129
2018.757000 7.456269 2.855000 129
2018.759800 3.592676 2.671000 129
2018.762500 3.774909 2.659000 129
2018.765200 9.998405 2.745000 129
2018.768000 5.079791 2.774000 129
2018.770700 3.884913 2.771000 129
2018.773400 3.512348 2.859000 129
2018.776200 2.251869 2.936000 129
2018.778900 -0.945975 2.766000 129
2018.781700 5.701398 2.818000 129
2018.784400 1.729331 2.760000 129
2018.787100 -4.535352 2.735000 129
2018.789900 -4.058625 2.772000 129
2018.792600 -4.154458 2.708000 129
2018.795300 -4.032875 2.725000 129
2018.798100 -2.467691 2.705000 129
2018.800800 -2.483198 2.727000 129
2018.803600 1.652020 2.781000 129
2018.806300 -5.120546 2.803000 129
2018.809000 -4.442659 2.726000 129
2018.811800 1.994135 2.956000 129
2018.814500 1.365997 2.767000 129
2018.817200 -0.408676 2.706000 129
2018.820000 -0.769268 2.765000 129
2018.822700 0.780050 2.826000 129
2018.825500 2.289562 2.781000 129
2018.828200 -3.129127 2.840000 129
2018.830900 0.920652 2.710000 129
2018.833700 -0.585214 2.690000 129
2018.836400 0.984546 2.743000 129
2018.839200 -0.688236 2.804000 129
2018.841900 -0.497511 2.816000 129
2018.844600 3.621661 2.772000 129
2018.847400 1.957434 2.798000 129
2018.850100 3.194531 2.714000 129
2018.852800 -2.190950 2.777000 129
2018.855600 -1.452696 2.763000 129
2018.858300 -0.450310 2.819000 129
2018.861100 -0.589107 2.808000 129
2018.863800 -4.948900 2.833000 129
2018.866500 -3.031330 2.760000 129
2018.869300 -4.785831 2.713000 129
2018.872000 -4.210527 2.754000 129
2018.874700 0.517096 2.778000 129
2018.877500 0.689746 2.788000 129
2018.880200 0.441000 2.814000 129
2018.883000 1.403341 2.814000 129
2018.885700 0.763150 2.737000 129
2018.888400 -1.273816 2.765000 129
2018.891200 0.858378 2.774000 129
2018.893900 2.102838 2.764000 129
2018.896600 10.513456 2.791000 129
2018.899400 -1.180706 2.726000 129
2018.902100 -1.328804 2.783000 129
2018.904900 0.972351 2.782000 129
2018.907600 5.798434 2.754000 129
2018.910300 4.312548 2.773000 129
2018.913100 4.182949 2.792000 129
2018.915800 7.697079 2.756000 129
2018.918500 6.689156 2.810000 129
2018.921300 2.303539 2.797000 129
2018.924000 1.571456 2.758000 129
2018.926800 4.407682 2.772000 129
2018.929500 4.698313 2.790000 129
2018.932200 2.749738 2.790000 129
2018.935000 -0.431534 2.780000 129
2018.937700 -4.814588 2.759000 129
2018.940500 -0.648353 2.862000 129
2018.943200 -0.820022 2.774000 129
2018.945900 1.890938 2.784000 129
2018.948700 0.938155 2.676000 129
2018.951400 -1.042707 2.901000 129
2018.954100 3.674957 2.684000 129
2018.956900 2.220831 2.701000 129
2018.959600 3.239459 2.776000 129
2018.962400 1.617256 2.825000 129
2018.965100 -1.601299 2.778000 129
2018.967800 1.413494 2.703000 129
2018.970600 8.643386 2.726000 129
2018.973300 6.314775 2.743000 129
2018.976000 1.983404 2.702000 129
2018.978800 3.912046 2.767000 129
2018.981500 -0.451952 2.762000 129
2018.984300 2.112001 2.927000 129
2018.987000 8.955228 2.773000 129
2018.989700 7.018510 2.857000 129
2018.992500 -0.993363 2.736000 129
2018.995200 3.463921 2.784000 129
2018.997900 2.379151 2.732000 129
2019.000700 1.705110 2.752000 129
2019.003400 3.920121 2.789000 129
2019.006200 4.160777 2.737000 129
2019.008900 3.589423 2.754000 129
2019.011600 4.386836 2.699000 129
2019.014400 2.963761 2.729000 129
2019.017100 3.801596 2.751000 129
2019.019800 -3.645905 2.695000 129
2019.022600 -1.909037 2.739000 129
2019.025300 1.830675 2.844000 129
2019.028100 1.937657 2.813000 129
2019.030800 1.069447 2.818000 129
2019.033500 -0.570264 2.738000 129
2019.036300 -2.300860 2.719000 129
2019.039000 1.569312 2.709000 129
2019.041800 -3.874507 2.739000 129
2019.044500 -4.561577 2.762000 129
2019.047200 -5.366301 2.789000 129
2019.050000 -3.667180 2.788000 129
2019.052700 -4.220324 2.856000 129
2019.055400 3.918793 2.858000 129
2019.058200 -2.429412 2.819000 129
2019.060900 1.661119 2.804000 129
2019.063700 -3.083788 2.810000 129
2019.066400 -3.943948 2.813000 129
2019.069100 -2.291976 2.817000 129
2019.071900 -0.946612 2.715000 129
2019.074600 -2.024477 2.798000 129
2019.077300 1.601723 2.754000 129
2019.080100 3.162143 2.746000 129
2019.082800 5.213374 2.749000 129
2019.085600 4.077710 2.776000 129
2019.088300 6.335892 2.675000 129
2019.091000 7.167042 2.761000 129
2019.093800 4.215124 2.714000 129
2019.096500 5.381117 2.727000 129
2019.102000 -2.298298 2.809000 129
2019.104700 -2.221637 2.891000 129
2019.107500 0.081677 2.822000 129
2019.110200 2.892037 2.869000 129
2019.112900 6.789250 2.960000 129
2019.115700 2.364951 2.907000 129
2019.118400 3.071795 2.993000 129
2019.121100 3.280462 3.048000 129
2019.123900 1.668460 2.913000 129
2019.126600 1.532708 2.893000 129
2019.129400 1.923182 2.867000 129
2019.132100 1.632985 2.818000 129
2019.134800 0.475581 2.839000 129
2019.137600 2.722253 2.863000 129
2019.140300 6.324379 2.872000 129
2019.143100 1.373484 2.874000 129
2019.145800 -0.005869 2.866000 129
2019.148500 -3.886440 2.845000 129
2019.151300 -4.102170 2.816000 129
2019.154000 3.705779 2.899000 129
2019.156700 3.866514 2.873000 129
2019.159500 1.526959 2.866000 129
2019.162200 2.703228 2.887000 129
2019.165000 -1.980877 2.816000 129
2019.167700 -5.770058 2.762000 129
2019.170400 -5.525432 2.800000 129
2019.173200 -5.411299 2.871000 129
2019.175900 -7.101087 2.829000 129
2019.178600 -3.785050 2.893000 129
2019.181400 0.379387 2.839000 129
2019.184100 -1.390942 2.867000 129
2019.186900 -4.009939 2.854000 129
2019.189600 -4.493596 2.879000 129
2019.192300 -2.415380 2.910000 129
2019.195100 -1.465927 2.745000 129
2019.197800 -8.833974 2.877000 129
2019.200500 -8.828112 2.954000 129
2019.203300 -9.980101 2.857000 129
2019.206000 -10.174426 2.796000 129
2019.208800 -13.017654 2.875000 129
2019.211500 -6.050112 2.936000 129
2019.214200 -8.789594 2.948000 129
2019.217000 -8.302051 2.773000 129
2019.219700 -4.689577 2.924000 129
2019.222500 -8.448121 2.857000 129
2019.225200 -9.517628 2.808000 129
2019.227900 -13.296083 2.867000 129
2019.230700 -13.009614 2.879000 129
2019.233400 -6.447951 2.789000 129
2019.236100 -3.886187 2.850000 129
2019.238900 -4.409549 2.861000 129
2019.241600 -10.601565 3.034000 129
2019.244400 -9.989736 2.958000 129
2019.247100 -9.417461 2.992000 129
2019.249800 -2.654998 2.910000 129
2019.252600 -4.823729 2.885000 129
2019.255300 -5.892869 2.848000 129
2019.258000 -2.500768 2.809000 129
2019.260800 -3.288892 2.918000 129
2019.263500 -5.073286 2.935000 129
2019.266300 -2.394922 2.879000 129
2019.269000 -0.603736 3.047000 129
2019.271700 -0.924223 3.087000 129
2019.274500 -8.013973 2.750000 129
2019.277200 -0.973774 3.010000 129
2019.279900 -5.416194 2.801000 129
2019.282700 0.320105 2.888000 129
2019.285400 6.144476 2.911000 129
2019.288200 -2.663444 2.780000 129
2019.290900 -9.141213 2.758000 129
2019.293600 -3.696518 2.800000 129
2019.296400 -6.754123 2.945000 129
2019.299100 -3.013469 2.857000 129
2019.301800 -6.892302 2.895000 129
2019.304600 -7.536443 2.909000 129
2019.307300 -4.681222 2.822000 129
2019.310100 -4.191313 2.903000 129
2019.312800 -2.075978 2.975000 129
2019.315500 -6.402056 2.854000 129
2019.318300 -4.402449 2.859000 129
2019.321000 -2.616328 2.894000 129
2019.323800 -4.399522 2.822000 129
2019.326500 -2.494148 2.766000 129
2019.329200 -6.131122 2.870000 129
2019.332000 -6.001413 2.780000 129
2019.334700 -5.463059 2.916000 129
2019.337400 -4.377019 2.872000 129
2019.340200 -2.849298 2.929000 129
2019.342900 -2.332864 2.729000 129
2019.345700 -4.301750 2.833000 129
2019.348400 -7.491882 2.893000 129
2019.351100 -2.705278 2.835000 129
2019.353900 -4.591997 2.822000 129
2019.356600 -5.819905 2.790000 129
2019.359300 -6.358054 2.899000 129
2019.362100 -3.940528 2.836000 129
2019.364800 -7.819144 2.807000 129
2019.367600 1.311912 2.863000 129
2019.370300 -4.757145 2.819000 129
2019.373000 -4.042410 2.829000 129
2019.375800 -3.803011 2.908000 129
2019.378500 -3.490685 2.781000 129
2019.381200 -2.581554 2.707000 129
2019.384000 -2.632767 2.861000 129
2019.386700 -3.408020 2.763000 129
2019.389500 -9.206626 2.852000 129
2019.392200 -11.031253 2.794000 129
2019.394900 -4.107059 2.840000 129
2019.397700 -5.353231 2.825000 129
2019.400400 -6.303399 2.788000 129
2019.403100 -4.857742 2.893000 129
2019.405900 -8.142468 2.756000 129
2019.408600 -9.007168 2.816000 129
2019.411400 -5.116264 2.860000 129
2019.414100 -7.871320 2.906000 129
2019.416800 -3.068552 2.871000 129
2019.419600 -2.518202 2.911000 129
2019.422300 -1.457797 2.865000 129
2019.425100 -3.057825 2.874000 129
2019.427800 -5.093787 2.940000 129
2019.430500 -5.249933 2.751000 129
2019.433300 -4.498539 2.806000 129
2019.436000 -13.895066 2.775000 129
2019.438700 -12.237784 2.863000 129
2019.441500 -10.788993 2.841000 129
2019.444200 -8.483109 2.852000 129
2019.447000 -5.520737 2.912000 129
2019.449700 -4.294263 2.973000 129
2019.452400 -4.503997 2.910000 129
2019.455200 -2.614276 2.838000 129
2019.457900 -7.638442 2.939000 129
2019.460600 -3.993824 2.875000 129
2019.463400 -4.174788 2.978000 129
2019.466100 0.075375 3.069000 129
2019.468900 -2.477067 2.939000 129
2019.471600 -3.089372 2.863000 129
2019.474300 -6.201913 2.890000 129
2019.477100 -0.999097 2.838000 129
2019.479800 2.749871 2.897000 129
2019.482500 1.457594 2.866000 129
2019.485300 -6.315364 2.910000 129
2019.488000 -4.898152 2.912000 129
2019.490800 -3.937647 2.839000 129
2019.493500 -6.726957 2.938000 129
2019.496200 -1.719529 2.868000 129
2019.499000 -4.905844 2.861000 129
2019.501700 -2.012953 2.812000 129
2019.504400 -3.918329 2.855000 129
2019.507200 -4.721485 2.848000 129
2019.509900 -4.985411 2.788000 129
2019.512700 -4.981138 2.849000 129
2019.515400 -1.159617 2.840000 129
2019.518100 -5.461369 2.905000 129
2019.520900 -7.442955 2.731000 129
2019.523600 -2.262261 2.889000 129
2019.526400 -1.991422 2.884000 129
2019.529100 -3.146281 3.041000 129
2019.531800 0.003590 2.843000 129
2019.534600 3.011581 2.917000 129
2019.537300 -6.002091 2.955000 129
2019.540000 -2.984026 2.858000 129
2019.542800 -2.781862 2.868000 129
2019.545500 -1.669322 3.018000 129
2019.548300 -2.862695 2.899000 129
2019.551000 -6.251663 2.904000 129
2019.553700 -2.694875 3.026000 129
2019.556500 -1.978011 2.918000 129
2019.559200 -4.348698 3.003000 129
2019.561900 -5.831611 2.957000 129
2019.564700 -7.370453 2.927000 129
2019.567400 -7.483801 2.960000 129
2019.570200 -1.666077 2.980000 129
2019.572900 0.776173 2.916000 129
2019.575600 -7.873760 2.957000 129
2019.578400 -0.442615 2.952000 129
2019.581100 -6.990892 2.799000 129
2019.583800 -1.410322 2.933000 129
2019.586600 -8.405658 2.967000 129
2019.589300 -3.043364 2.895000 129
2019.592100 -5.677961 2.920000 129
2019.594800 0.637108 2.823000 129
2019.597500 0.554086 2.995000 129
2019.600300 1.963205 3.021000 129
2019.603000 0.331043 3.038000 129
2019.605700 3.312834 2.913000 129
2019.608500 -2.729193 2.975000 129
2019.611200 -3.994448 2.826000 129
2019.614000 -5.254487 2.968000 129
2019.616700 -10.029720 2.821000 129
2019.619400 -2.868915 2.798000 129
2019.622200 2.471164 2.900000 129
2019.624900 1.798101 2.787000 129
2019.627700 0.006358 2.908000 129
2019.630400 -0.062494 2.849000 129
2019.633100 -2.143212 2.762000 129
2019.635900 -0.740534 2.860000 129
2019.638600 0.599084 2.865000 129
2019.641300 1.680898 2.881000 129
2019.644100 -0.780806 2.884000 129
2019.646800 1.741475 2.765000 129
2019.649600 -1.163696 2.861000 129
2019.652300 -1.270855 2.814000 129
2019.655000 -1.336706 2.862000 129
2019.657800 0.542097 2.945000 129
2019.660500 -3.721052 3.042000 129
2019.663200 -2.227820 2.967000 129
2019.666000 -1.159818 2.942000 129
2019.668700 -4.963736 2.824000 129
2019.671500 -3.652801 2.901000 129
2019.674200 -12.018768 2.834000 129
2019.676900 -8.610231 2.852000 129
2019.679700 0.327293 2.901000 129
2019.682400 -4.419065 2.931000 129
2019.685100 -0.593842 2.950000 129
2019.687900 -0.066489 2.786000 129
2019.690600 -0.901004 2.934000 129
2019.693400 -3.052289 2.854000 129
2019.696100 -4.192439 2.889000 129
2019.698800 -6.627879 2.800000 129
2019.701600 -5.726930 2.908000 129
2019.704300 -6.489847 2.900000 129
2019.707000 0.785022 2.920000 129
2019.709800 1.397447 2.910000 129
2019.712500 0.021994 2.788000 129
2019.715300 -2.622787 2.817000 129
2019.718000 2.063542 2.984000 129
2019.720700 0.428782 3.011000 129
2019.723500 -2.905128 2.822000 129
2019.726200 -0.139956 2.850000 129
2019.729000 -2.909812 2.740000 129
2019.731700 -1.472610 2.798000 129
2019.734400 1.120623 2.749000 129
2019.737200 2.546015 2.797000 129
2019.739900 -1.793581 3.020000 129
2019.742600 -0.236079 2.965000 129
2019.745400 2.930775 2.829000 129
2019.748100 -2.412418 2.813000 129
2019.750900 -3.914131 2.923000 129
2019.753600 -1.691934 2.936000 129
2019.756300 0.793466 3.007000 129
2019.759100 -5.585458 2.880000 129
2019.761800 -5.404550 2.867000 129
2019.764500 -4.191383 2.844000 129
2019.767300 -1.182343 2.837000 129
2019.770000 0.634441 2.932000 129
2019.772800 -3.024771 3.024000 129
2019.775500 -7.821304 2.937000 129
2019.778200 -4.564498 2.982000 129
2019.781000 -4.432491 2.951000 129
2019.783700 -2.315914 2.865000 129
2019.786400 -5.928957 2.857000 129
2019.789200 -4.681606 2.794000 129
2019.791900 2.979197 2.878000 129
2019.794700 -1.021479 2.857000 129
2019.797400 4.970211 2.843000 129
2019.800100 5.955332 2.902000 129
2019.802900 -5.634838 2.871000 129
2019.805600 -3.222780 2.909000 129
2019.808400 -9.641889 2.980000 129
2019.811100 -4.176868 2.861000 129
2019.813800 -4.130386 2.913000 129
2019.816600 -2.328894 2.864000 129
2019.819300 -2.775426 2.906000 129
2019.822000 -5.886489 2.840000 129
2019.824800 -5.293372 2.889000 129
2019.827500 -9.621441 2.894000 129
2019.830300 -9.466222 3.007000 129
2019.833000 -7.501303 2.862000 129
2019.835700 -7.854921 2.799000 129
2019.838500 -5.367095 2.800000 129
2019.841200 -6.785746 2.870000 129
2019.843900 -4.527948 2.994000 129
2019.846700 -4.086561 2.860000 129
2019.849400 -8.112835 2.836000 129
2019.852200 -8.301429 2.891000 129
2019.854900 -9.304809 2.907000 129
2019.857600 -3.945785 2.922000 129
2019.860400 -3.624955 2.892000 129
2019.863100 -7.700104 2.961000 129
2019.865800 -2.079886 2.913000 129
2019.868600 -6.330749 3.013000 129
2019.871300 -8.023789 2.976000 129
2019.874100 -3.359841 2.936000 129
2019.876800 -2.314205 2.900000 129
2019.879500 -1.298281 2.846000 129
2019.882300 2.382722 2.892000 129
2019.885000 2.848211 2.818000 129
2019.887700 -1.203071 2.937000 129
2019.890500 -1.498198 2.816000 129
2019.893200 -2.573042 2.809000 129
2019.896000 -2.969688 2.891000 129
2019.898700 4.550814 2.896000 129
2019.901400 3.978431 2.951000 129
2019.904200 4.579297 2.863000 129
2019.906900 6.113108 2.799000 129
2019.909700 5.674194 2.783000 129
2019.912400 -0.153908 2.769000 129
2019.915100 -4.333028 2.784000 129
2019.917900 -4.603849 2.726000 129
2019.920600 -6.357055 2.803000 129
2019.923300 -4.492366 2.950000 129
2019.926100 -5.544367 2.890000 129
2019.928800 -10.174947 2.783000 129
2019.931600 -8.524220 2.878000 129
2019.934300 -4.889199 2.798000 129
2019.937000 -3.776439 2.854000 129
2019.939800 -9.666388 2.875000 129
2019.942500 -2.551226 2.976000 129
2019.945200 -7.762425 3.020000 129
2019.948000 -3.254365 2.955000 129
2019.950700 1.757631 3.042000 129
2019.953500 -0.459142 2.901000 129
2019.956200 -4.466093 2.924000 129
2019.958900 -9.846580 2.938000 129
2019.961700 -8.556891 2.909000 129
2019.964400 -4.857542 3.066000 129
2019.967100 -8.284836 3.022000 129
2019.969900 -7.744024 2.947000 129
2019.972600 -2.913702 2.904000 129
2019.975400 2.052671 2.974000 129
2019.978100 -3.008540 2.878000 129
2019.980800 -1.300577 2.811000 129
2019.983600 -0.676655 2.865000 129
2019.986300 -2.715449 2.804000 129
2019.989000 4.321822 2.849000 129
2019.991800 -0.246052 2.903000 129
2019.994500 -4.407760 2.932000 129
2019.997300 -7.335690 2.884000 129
2020.000000 -3.635526 2.925000 129
2020.002700 1.692521 2.987000 129
2020.008200 -9.296076 2.996000 129
2020.013700 -10.937599 2.994000 129
2020.016400 -9.975682 2.943000 129
2020.019200 -2.466337 2.928000 129
2020.021900 1.273878 2.991000 129
2020.024600 -5.417302 3.019000 129
2020.027400 -5.472200 2.900000 129
2020.030100 -3.090285 2.930000 129
2020.032900 -2.662191 2.835000 129
2020.035600 -2.172313 2.825000 129
2020.038300 -2.841992 2.936000 129
2020.041100 -1.603648 2.857000 129
2020.043800 -1.413553 2.882000 129
2020.046500 -7.834105 2.815000 129
2020.049300 -6.426797 2.829000 129
2020.052000 -6.536754 2.793000 129
2020.054800 -6.845964 2.903000 129
2020.057500 -3.602440 2.738000 129
2020.060200 -1.613701 2.867000 129
2020.063000 -1.480385 2.919000 129
2020.065700 -5.510325 2.868000 129
2020.068400 -2.538125 2.788000 129
2020.071200 0.706480 2.816000 129
2020.073900 -6.611146 2.801000 129
2020.076700 1.960519 2.814000 129
2020.079400 -2.374022 2.962000 129
2020.082100 -1.487536 2.839000 129
2020.084900 -5.643930 2.872000 129
2020.087600 0.478517 2.921000 129
2020.090300 3.357936 2.927000 129
2020.093100 0.894303 2.958000 129
2020.095800 -1.655427 2.883000 129
2020.098600 -0.889322 2.879000 129
2020.101300 1.695737 2.806000 129
2020.104000 2.955688 2.828000 129
2020.106800 0.875305 2.811000 129
2020.109500 1.165961 2.799000 129
2020.112300 -0.877828 2.837000 129
2020.115000 1.586485 2.799000 129
2020.117700 -1.864367 2.895000 129
2020.120500 0.282175 3.022000 129
2020.123200 2.021922 3.026000 129
2020.125900 2.813480 2.839000 129
2020.128700 -1.135723 2.883000 129
2020.131400 -3.371607 2.975000 129
2020.134200 -4.950354 2.850000 129
2020.136900 -7.827700 2.970000 129
2020.139600 -1.341259 2.982000 129
2020.142400 -1.658827 2.786000 129
2020.145100 -1.558864 2.777000 129
2020.147800 -7.094120 2.885000 129
2020.150600 -10.537523 2.886000 129
2020.153300 -12.726258 2.878000 129
2020.156100 -10.244230 2.958000 129
2020.158800 -9.848438 2.953000 129
2020.161500 -2.777856 2.904000 129
2020.164300 3.337363 2.848000 129
2020.167000 -1.328507 2.842000 129
2020.169700 -2.126573 2.851000 129
2020.172500 -5.527120 2.941000 129
2020.175200 -2.418603 3.066000 129
2020.178000 -4.258643 2.887000 129
2020.180700 -1.910513 2.847000 129
2020.183400 -1.926543 2.984000 129
2020.186200 -1.337233 2.958000 129
2020.188900 -4.840595 2.927000 129
2020.191600 -4.998088 2.946000 129
2020.194400 -6.216336 2.966000 129
2020.197100 -5.977097 2.930000 129
2020.199900 -6.204673 2.899000 129
2020.202600 -8.436653 3.020000 129
2020.205300 -3.501703 2.883000 129
2020.208100 1.364350 3.019000 129
2020.210800 -4.851839 2.948000 129
2020.213600 -2.871974 3.357000 129
2020.216300 -7.079244 2.968000 129
2020.219000 -5.183513 2.967000 129
2020.221800 -6.505795 2.913000 129
2020.224500 -5.809053 2.804000 129
2020.227200 -9.817264 2.964000 129
2020.230000 0.035454 2.977000 129
2020.232700 -0.504647 2.858000 129
2020.235500 -0.981854 2.853000 129
2020.238200 -4.000778 2.918000 129
2020.240900 -2.442572 2.927000 129
2020.243700 -6.468516 2.826000 129
2020.246400 -5.119028 3.009000 129
2020.249100 -2.670356 2.977000 129
2020.251900 -2.035875 2.877000 129
2020.254600 -8.032815 3.029000 129
2020.257400 -2.974967 2.930000 129
2020.260100 -0.278445 2.929000 129
2020.262800 -1.853652 2.949000 129
2020.265600 -2.543100 2.980000 129
2020.268300 -4.629738 2.899000 129
2020.271000 -6.265052 2.902000 129
2020.273800 -6.633629 2.850000 129
2020.276500 -5.896266 2.942000 129
2020.279300 -5.328178 3.007000 129
2020.282000 -7.630068 3.059000 129
2020.284700 -5.924547 3.011000 129
2020.287500 -4.387315 3.028000 129
2020.290200 -3.544943 2.914000 129
2020.293000 -5.110868 2.882000 129
2020.295700 -7.237578 2.969000 129
2020.298400 -0.494795 2.940000 129
2020.301200 -6.232317 3.020000 129
2020.303900 -2.514519 3.025000 129
2020.306600 -0.801181 2.973000 129
2020.309400 -8.342154 3.014000 129
2020.312100 -2.965710 3.025000 129
2020.314900 -8.621578 2.976000 129
2020.317600 -1.144969 2.936000 129
2020.320300 -3.780749 3.039000 129
2020.323100 -7.421844 2.937000 129
2020.325800 -6.857378 2.818000 129
2020.328500 -6.066263 2.870000 129
2020.331300 -1.879464 2.904000 129
2020.334000 -1.912028 2.832000 129
2020.336800 -1.518909 2.846000 129
2020.339500 -2.821106 2.970000 129
2020.342200 -5.896597 3.033000 129
2020.345000 -5.523408 2.836000 129
2020.347700 -6.531470 2.854000 129
2020.350400 -1.741799 2.937000 129
2020.353200 -4.709449 2.983000 129
2020.355900 -6.154295 2.949000 129
2020.358700 -4.449464 2.945000 129
2020.361400 -0.407794 2.906000 129
2020.364100 -7.592352 2.902000 129
2020.366900 -0.930238 2.925000 129
2020.369600 -3.053240 3.014000 129
2020.372300 -2.449452 2.909000 129
2020.375100 -0.133998 2.836000 129
2020.377800 -0.258621 3.012000 129
2020.380600 0.500415 2.976000 129
2020.383300 -4.049602 2.888000 129
2020.386000 -1.793807 2.895000 129
2020.388800 -0.781364 3.057000 129
2020.391500 -1.312943 2.873000 129
2020.394300 -5.578883 2.914000 129
2020.397000 -1.639828 2.833000 129
2020.399700 -1.801950 2.893000 129
2020.402500 -3.993447 3.032000 129
2020.405200 -6.511927 3.070000 129
2020.407900 0.352419 3.012000 129
2020.410700 4.458370 3.005000 129
2020.413400 1.885359 2.959000 129
2020.416200 -2.317060 2.879000 129
2020.418900 -3.670430 2.947000 129
2020.421600 -2.894977 2.936000 129
2020.424400 -0.070957 3.086000 129
2020.427100 4.317128 3.027000 129
2020.429800 6.665030 3.082000 129
2020.432600 -0.962526 3.064000 129
2020.435300 4.562996 2.997000 129
2020.438100 -3.846960 2.982000 129
2020.440800 -3.241829 2.989000 129
2020.443500 0.002107 3.010000 129
2020.446300 -5.317467 2.921000 129
2020.449000 1.147059 2.883000 129
2020.451700 -1.393620 2.943000 129
2020.454500 1.190157 3.007000 129
2020.457200 2.522048 2.973000 129
2020.460000 2.305372 2.926000 129
2020.462700 -6.815182 2.997000 129
2020.465400 1.689040 2.889000 129
2020.468200 -2.092341 2.993000 129
2020.470900 -3.111586 2.908000 129
2020.473600 -0.769065 2.925000 129
2020.476400 -0.319185 3.041000 129
2020.479100 -2.638153 3.001000 129
2020.481900 -3.543786 2.935000 129
2020.484600 1.170743 2.949000 129
2020.487300 0.547021 2.990000 129
2020.490100 6.198595 2.985000 129
2020.492800 2.493352 3.018000 129
2020.495600 -0.052620 2.898000 129
2020.498300 0.082604 2.970000 129
2020.501000 2.116564 2.857000 129
2020.503800 -5.212241 2.962000 129
2020.506500 -5.979827 2.829000 129
2020.509200 -8.121682 2.879000 129
2020.512000 -2.427337 2.979000 129
2020.514700 -3.596745 2.985000 129
2020.517500 -3.406975 2.892000 129
2020.520200 -0.772938 3.138000 129
2020.522900 -5.473174 3.031000 129
2020.525700 -6.225262 3.007000 129
2020.528400 -11.815051 3.106000 129
2020.531100 2.897889 3.094000 129
2020.533900 -2.007048 3.084000 129
2020.536600 -3.899651 2.928000 129
2020.539400 -0.734147 2.965000 129
2020.542100 -5.128284 3.043000 129
2020.544800 -6.737678 3.049000 129
2020.547600 -6.194984 3.091000 129
2020.550300 -1.650889 3.101000 129
2020.553000 -3.064038 3.052000 129
2020.555800 3.549889 3.188000 129
2020.558500 -0.196739 3.132000 129
2020.561300 -2.738297 3.069000 129
2020.564000 -10.509379 2.942000 129
2020.566700 0.746327 3.026000 129
2020.569500 1.719104 3.100000 129
2020.572200 1.553404 3.092000 129
2020.574900 1.370518 3.074000 129
2020.577700 -3.977292 2.951000 129
2020.580400 -2.706527 3.111000 129
2020.583200 -0.938677 3.041000 129
2020.585900 0.169782 2.978000 129
2020.588600 -3.389892 2.911000 129
2020.591400 -0.190459 3.139000 129
2020.594100 0.528636 3.081000 129
2020.596900 2.162857 3.225000 129
2020.599600 3.173774 2.899000 129
2020.602300 -1.477373 2.955000 129
2020.605100 -3.357357 3.033000 129
2020.607800 -3.242592 2.996000 129
2020.610500 0.090156 3.146000 129
2020.613300 2.160114 2.994000 129
2020.616000 0.746874 3.097000 129
2020.618800 2.227883 3.057000 129
2020.621500 -1.549270 3.028000 129
2020.624200 1.345646 3.021000 129
2020.627000 -1.813125 3.056000 129
2020.629700 -2.093007 2.987000 129
2020.632400 -4.726762 3.018000 129
2020.635200 -1.565128 2.934000 129
2020.637900 2.946442 3.147000 129
2020.640700 -1.482542 3.088000 129
2020.643400 -7.841561 3.156000 129
2020.646100 -3.922344 3.152000 129
2020.648900 -3.951589 3.004000 129
2020.651600 -2.748825 2.919000 129
2020.654300 3.201243 2.985000 129
2020.657100 1.621954 3.118000 129
2020.659800 0.980710 3.059000 129
2020.662600 5.839187 3.097000 129
2020.665300 2.466732 3.019000 129
2020.668000 -2.262300 3.026000 129
2020.670800 -2.404490 3.090000 129
2020.673500 -1.420584 3.045000 129
2020.676200 0.051820 3.028000 129
2020.679000 -0.746801 3.189000 129
2020.681700 -2.564305 3.106000 129
2020.684500 -1.952739 3.059000 129
2020.687200 -0.035047 2.932000 129
2020.689900 -3.820729 2.942000 129
2020.692700 -5.343193 3.098000 129
2020.695400 -1.821523 3.148000 129
2020.698200 -6.146529 3.008000 129
2020.700900 -0.858400 2.978000 129
2020.703600 -3.647517 3.040000 129
2020.706400 -5.321148 3.250000 129
2020.709100 -0.638650 3.073000 129
2020.711800 -6.404322 3.100000 129
2020.714600 -5.625338 3.283000 129
2020.717300 -7.459241 3.251000 129
2020.720100 -6.999370 3.093000 129
2020.722800 -5.741404 2.884000 129
2020.725500 -5.469483 3.302000 129
2020.728300 -3.977606 3.093000 129
2020.731000 -5.723668 3.061000 129
2020.733700 -0.351705 2.962000 129
2020.736500 -2.235598 3.041000 129
2020.739200 -6.888476 3.031000 129
2020.742000 -9.011083 3.077000 129
2020.744700 -6.038711 2.977000 129
2020.747400 -7.682202 3.105000 129
2020.750200 -6.885229 2.997000 129
2020.752900 -5.124341 2.999000 129
2020.755600 -0.768255 3.006000 129
2020.758400 -4.528509 2.937000 129
2020.761100 -6.941924 2.976000 129
2020.763900 -9.617549 3.011000 129
2020.766600 -5.846390 2.967000 129
2020.769300 -5.204943 3.067000 129
2020.772100 -7.890509 3.121000 129
2020.774800 -1.303387 2.902000 129
2020.777500 1.158071 3.111000 129
2020.780300 -4.377288 2.966000 129
2020.783000 -4.696066 3.057000 129
2020.785800 -4.334530 2.958000 129
2020.788500 -5.753492 2.980000 129
2020.791200 -8.171054 3.043000 129
2020.794000 -9.671111 3.087000 129
2020.796700 -3.715791 2.885000 129
2020.799500 -5.936838 2.981000 129
2020.802200 -2.389599 3.023000 129
2020.804900 -4.056916 3.013000 129
2020.807700 -0.980416 3.020000 129
2020.810400 -5.435773 3.027000 129
2020.813100 -2.023670 2.984000 129
2020.815900 -2.102573 3.075000 129
2020.818600 -2.119485 2.919000 129
2020.821400 0.040713 2.967000 129
2020.824100 -5.037207 3.058000 129
2020.826800 -5.103657 2.907000 129
2020.829600 -6.672832 3.164000 129
2020.832300 0.654707 3.043000 129
2020.835000 -5.906290 3.054000 129
2020.837800 -5.256856 3.063000 129
2020.840500 -8.047883 3.055000 129
2020.843300 -5.900380 3.019000 129
2020.846000 -8.103461 3.084000 129
2020.848700 1.872895 2.940000 129
2020.851500 7.095919 2.980000 129
2020.854200 5.318172 3.001000 129
2020.856900 2.292833 2.999000 129
2020.859700 -3.268710 2.965000 129
2020.862400 1.913784 3.033000 129
2020.865200 -2.010849 3.161000 129
2020.867900 -1.565576 3.201000 129
2020.870600 4.312038 3.064000 129
2020.873400 -0.414368 3.031000 129
2020.876100 -0.590068 3.029000 129
2020.878900 -1.540726 3.386000 129
2020.881600 2.478187 3.224000 129
2020.884300 -1.780646 3.111000 129
2020.887100 -4.481355 3.312000 129
2020.889800 -0.397695 3.094000 129
2020.892500 -6.999843 3.196000 129
2020.895300 2.374200 3.152000 129
2020.898000 1.876409 3.245000 129
2020.900800 2.578847 3.145000 129
2020.903500 0.543314 3.039000 129
2020.906200 0.354852 3.151000 129
2020.909000 -2.709338 3.190000 129
2020.911700 -2.678700 3.274000 129
2020.914400 1.990928 3.136000 129
2020.917200 1.468854 3.130000 129
2020.919900 -2.697589 3.066000 129
2020.922700 -2.461725 3.092000 129
2020.925400 -5.199360 3.229000 129
2020.928100 -4.555153 3.111000 129
2020.930900 -3.368639 2.999000 129
2020.933600 -3.223814 3.021000 129
2020.936300 -4.395242 3.155000 129
2020.939100 -0.565377 3.197000 129
2020.941800 2.117614 3.057000 129
2020.944600 2.017880 3.018000 129
2020.947300 2.049154 3.205000 129
2020.950000 -1.941995 3.078000 129
2020.952800 2.022092 3.038000 129
2020.955500 0.669015 3.261000 129
2020.958200 -1.004589 2.981000 129
2020.961000 2.467988 3.104000 129
2020.963700 -0.003761 3.068000 129
2020.966500 -4.178374 3.088000 129
2020.969200 -1.505415 3.067000 129
2020.971900 1.505837 3.161000 129
2020.974700 3.274147 3.174000 129
2020.977400 1.208885 3.164000 129
2020.980200 -1.663379 3.234000 129
2020.982900 -3.671305 3.168000 129
2020.985600 1.560879 3.121000 129
2020.988400 1.778962 3.015000 129
2020.991100 6.002258 2.987000 129
2020.993800 3.249556 2.939000 129
2020.996600 -0.701359 3.055000 129
2020.999300 -0.441170 2.965000 129
2021.002100 3.037726 2.954000 129
2021.004800 1.965658 3.048000 129
2021.007500 0.884410 3.038000 129
2021.010300 2.933742 2.961000 129
2021.013000 3.167022 3.031000 129
2021.015700 -0.004983 3.124000 129
2021.018500 0.348454 2.989000 129
2021.021200 0.991766 3.034000 129
2021.024000 1.044421 2.997000 129
2021.026700 -3.161089 2.991000 129
2021.029400 -2.187051 2.991000 129
2021.032200 -2.500821 3.190000 129
2021.034900 0.998196 2.992000 129
2021.037600 0.388665 3.135000 129
2021.040400 0.347169 3.090000 129
2021.043100 2.650427 3.031000 129
2021.045900 -0.587388 2.985000 129
2021.048600 1.920538 3.048000 129
2021.051300 -0.357233 3.111000 129
2021.054100 -1.259244 3.236000 129
2021.056800 3.359480 3.110000 129
2021.059500 7.204425 3.135000 129
2021.062300 8.191962 3.051000 129
2021.065000 3.259241 2.910000 129
2021.067800 12.204998 2.994000 129
2021.070500 7.630512 2.914000 129
2021.073200 4.694123 2.963000 129
2021.076000 -0.813959 2.963000 129
2021.078700 5.219748 2.986000 129
2021.081500 2.671645 2.908000 129
2021.084200 -1.135638 3.037000 129
2021.086900 -2.926927 3.120000 129
2021.089700 1.935803 2.985000 129
2021.092400 1.594410 3.030000 129
2021.095100 0.626958 3.090000 129
2021.097900 1.389354 3.099000 129
2021.100600 3.564697 2.995000 129
2021.103400 4.464776 3.044000 129
2021.106100 3.781857 3.053000 129
2021.108800 7.173807 3.110000 129
2021.111600 1.783328 3.044000 129
2021.114300 0.712941 2.982000 129
2021.117000 2.547392 3.093000 129
2021.119800 8.726251 3.114000 129
2021.122500 4.848305 3.105000 129
2021.125300 5.243663 3.064000 129
2021.128000 5.835291 3.101000 129
2021.130700 4.748719 3.029000 129
2021.133500 -0.863703 3.106000 129
2021.136200 -0.211735 3.150000 129
2021.138900 2.562021 2.974000 129
2021.141700 -2.282220 3.138000 129
2021.144400 0.274058 3.059000 129
2021.147200 2.091246 3.082000 129
2021.149900 2.115043 2.987000 129
2021.152600 -1.401377 3.199000 129
2021.155400 -0.052022 3.181000 129
2021.158100 4.178084 3.209000 129
2021.160800 4.723979 3.047000 129
2021.163600 2.077521 3.086000 129
2021.166300 3.626963 3.102000 129
2021.169100 8.538970 3.030000 129
2021.171800 1.418978 3.008000 129
2021.174500 -4.134199 3.253000 129
2021.177300 5.872078 3.234000 129
2021.180000 -3.286491 3.087000 129
2021.182800 2.529323 3.362000 129
2021.185500 0.072398 3.025000 129
2021.188200 5.633330 2.968000 129
2021.191000 3.082544 2.985000 129
2021.193700 0.686180 3.032000 129
2021.196400 -0.409295 2.954000 129
2021.199200 0.133423 2.961000 129
2021.201900 4.128723 2.917000 129
2021.204700 2.911159 2.989000 129
2021.207400 -1.014715 3.011000 129
2021.210100 -1.321635 3.093000 129
2021.212900 1.282505 3.013000 129
2021.215600 -1.845503 3.041000 129
2021.218300 1.073485 2.977000 129
2021.221100 -1.156534 3.039000 129
2021.223800 3.768457 3.096000 129
2021.226600 7.307401 3.056000 129
2021.229300 6.760461 3.014000 129
2021.232000 1.824596 2.952000 129
2021.234800 -0.961370 3.098000 129
2021.237500 -2.026066 3.012000 129
2021.240200 3.407365 3.113000 129
2021.243000 -1.017353 3.025000 129
2021.245700 -1.418650 3.013000 129
2021.248500 -4.365121 3.143000 129
2021.251200 1.021927 3.023000 129
2021.253900 -1.631812 3.020000 129
2021.256700 -0.730760 2.999000 129
2021.259400 5.395953 2.997000 129
2021.262100 6.177933 2.981000 129
2021.264900 2.197675 3.023000 129
2021.267600 5.179215 3.096000 129
2021.270400 2.924501 3.000000 129
2021.273100 3.001673 2.973000 129
2021.275800 3.349200 2.994000 129
2021.278600 8.180454 2.986000 129
2021.281300 6.226720 3.005000 129
2021.284100 2.245702 3.032000 129
2021.286800 4.963776 3.080000 129
2021.289500 3.618290 2.977000 129
2021.292300 -0.698491 3.094000 129
2021.295000 3.891933 3.238000 129
2021.297700 4.086846 3.162000 129
2021.300500 0.554455 3.100000 129
2021.303200 7.633374 3.165000 129
2021.306000 7.357986 3.182000 129
2021.308700 7.237976 3.001000 129
2021.311400 5.580530 3.007000 129
2021.314200 7.459772 2.961000 129
2021.316900 9.050485 3.009000 129
2021.319600 -2.401196 3.142000 129
2021.322400 5.507809 3.114000 129
2021.325100 -2.174632 3.014000 129
2021.327900 -0.007389 3.078000 129
2021.330600 5.047462 3.061000 129
2021.333300 5.843982 2.966000 129
2021.336100 3.807185 3.007000 129
2021.338800 1.305066 3.042000 129
2021.341500 4.418650 2.982000 129
2021.344300 1.372915 3.146000 129
2021.347000 -0.466077 3.083000 129
2021.349800 5.200611 3.116000 129
2021.352500 2.075081 2.995000 129
2021.355200 6.171299 2.958000 129
2021.358000 1.909195 3.090000 129
2021.360700 -0.297076 3.066000 129
2021.363400 -4.217575 3.052000 129
2021.366200 -2.197403 2.943000 129
2021.368900 3.881651 3.145000 129
2021.371700 7.554372 3.066000 129
2021.374400 1.652001 3.070000 129
2021.377100 5.254429 2.984000 129
2021.379900 4.377518 3.072000 129
2021.382600 5.802550 3.205000 129
2021.385400 0.261236 3.094000 129
2021.388100 0.662886 3.226000 129
2021.390800 -0.065646 2.954000 129
2021.393600 -0.939538 2.996000 129
2021.396300 -0.348437 3.120000 129
2021.399000 -3.061513 3.077000 129
2021.401800 -2.939963 3.133000 129
2021.404500 -2.049397 3.248000 129
2021.407300 3.973783 3.121000 129
2021.410000 6.191992 2.972000 129
2021.412700 4.317027 3.064000 129
2021.415500 1.962655 3.212000 129
2021.418200 0.623331 3.250000 129
2021.420900 8.633830 3.150000 129
2021.423700 8.397898 3.104000 129
2021.426400 4.766031 3.013000 129
2021.429200 4.172716 3.070000 129
2021.431900 7.757474 3.021000 129
2021.434600 5.541045 3.129000 129
2021.437400 8.193141 3.095000 129
2021.440100 6.293322 3.127000 129
2021.442800 4.178309 3.200000 129
2021.445600 6.240789 3.119000 129
2021.448300 4.267368 3.226000 129
2021.451100 1.845419 3.096000 129
2021.453800 1.328576 3.130000 129
2021.456500 5.419522 3.172000 129
2021.459300 3.037905 2.987000 129
2021.462000 4.585408 3.136000 129
2021.464800 -0.965676 3.075000 129
2021.467500 0.881370 2.997000 129
2021.470200 1.539185 3.156000 129
2021.473000 6.088376 3.136000 129
2021.475700 1.450712 3.222000 129
2021.478400 1.481806 3.165000 129
2021.481200 -0.955761 3.171000 129
2021.483900 4.308833 3.103000 129
2021.486700 2.775740 3.099000 129
2021.489400 3.448820 3.058000 129
2021.492100 3.856643 2.996000 129
2021.494900 -1.542259 3.291000 129
2021.497600 4.475034 3.223000 129
2021.500300 -1.705938 3.209000 129
2021.503100 2.016329 3.050000 129
2021.505800 3.682813 3.079000 129
2021.508600 0.359513 3.215000 129
2021.511300 6.456447 3.067000 129
2021.514000 3.126109 3.188000 129
2021.516800 2.810952 3.021000 129
2021.519500 3.360060 3.415000 129
2021.522200 1.179894 3.148000 129
2021.525000 1.826880 3.140000 129
2021.527700 5.775160 3.227000 129
2021.530500 0.190574 3.186000 129
2021.533200 3.113306 3.068000 129
2021.535900 1.952771 3.075000 129
2021.538700 -1.075655 3.471000 129
2021.541400 3.885276 3.254000 129
2021.544100 0.805948 3.163000 129
2021.546900 -5.167290 3.125000 129
2021.549600 -6.234131 3.245000 129
2021.552400 5.554108 3.245000 129
2021.555100 3.944774 3.115000 129
2021.557800 -2.375795 3.262000 129
2021.560600 -1.967293 3.141000 129
2021.563300 6.076681 3.123000 129
2021.566100 5.071725 3.106000 129
2021.568800 2.810272 3.021000 129
2021.571500 -3.368378 3.128000 129
2021.574300 0.134045 3.211000 129
2021.577000 5.284020 3.183000 129
2021.579700 -3.059174 3.217000 129
2021.582500 -4.983282 3.128000 129
2021.585200 -7.927787 3.251000 129
2021.588000 5.882805 3.130000 129
2021.590700 0.215037 3.186000 129
2021.593400 1.557158 3.148000 129
2021.596200 0.205403 3.135000 129
2021.598900 3.065339 3.101000 129
2021.601600 3.871207 3.108000 129
2021.604400 4.880235 3.122000 129
2021.607100 -0.776992 3.008000 129
2021.609900 -2.766028 3.178000 129
2021.612600 3.118716 3.114000 129
2021.615300 -0.517529 3.150000 129
2021.618100 4.272469 3.052000 129
2021.620800 -0.693700 3.058000 129
2021.623500 6.616197 3.010000 129
2021.626300 1.071400 3.102000 129
2021.629000 3.450487 3.339000 129
2021.631800 -1.086070 3.186000 129
2021.634500 2.674290 3.090000 129
2021.637200 6.625814 3.281000 129
2021.640000 8.947775 3.078000 129
2021.642700 -0.838300 3.314000 129
2021.645400 -0.124147 3.017000 129
2021.648200 -2.195463 3.095000 129
2021.650900 -3.039773 3.080000 129
2021.653700 2.838515 3.104000 129
2021.656400 1.962834 3.055000 129
2021.659100 0.255497 3.078000 129
2021.661900 3.038871 3.022000 129
2021.664600 3.933310 3.093000 129
2021.667400 3.897539 3.115000 129
2021.670100 -0.433147 3.224000 129
2021.672800 -1.054366 3.278000 129
2021.675600 -4.247666 3.437000 129
2021.678300 -2.920857 3.052000 129
2021.681000 -1.737506 3.096000 129
2021.683800 -0.539098 3.015000 129
2021.686500 -3.761564 3.030000 129
2021.689300 -1.817874 3.130000 129
2021.692000 -11.142052 3.307000 129
2021.694700 1.642440 3.279000 129
2021.697500 -1.903758 3.232000 129
2021.700200 -0.019820 3.165000 129
2021.702900 -1.330135 3.170000 129
2021.705700 1.344022 3.100000 129
2021.708400 0.528308 3.135000 129
2021.711200 -0.206820 3.054000 129
2021.713900 -1.458829 3.268000 129
2021.716600 1.226036 3.145000 129
2021.719400 -1.713338 3.035000 129
2021.722100 -4.956616 3.041000 129
2021.724800 -7.632945 3.034000 129
2021.727600 0.174667 3.109000 129
2021.730300 -1.536657 3.212000 129
2021.733100 -0.732916 3.008000 129
2021.735800 -2.552140 3.099000 129
2021.738500 -2.891297 3.139000 129
2021.741300 2.817800 3.199000 129
2021.744000 -3.013119 3.196000 129
2021.746700 -4.034907 3.174000 129
2021.749500 -3.666248 3.168000 129
2021.752200 -2.008667 3.160000 129
2021.755000 -6.931508 3.098000 129
2021.757700 -5.118477 3.069000 129
2021.760400 0.647785 2.997000 129
2021.763200 -3.431178 3.084000 129
2021.765900 -2.569351 3.193000 129
2021.768700 -0.875618 3.318000 129
2021.771400 1.540842 3.135000 129
2021.774100 -1.401380 3.068000 129
2021.776900 4.066501 3.181000 129
2021.779600 4.271007 3.121000 129
2021.782300 3.593874 3.104000 129
2021.785100 3.097039 3.195000 129
2021.787800 -1.688285 3.060000 129
2021.790600 -2.214181 3.136000 129
2021.793300 -0.216647 3.043000 129
2021.796000 1.424304 3.034000 129
2021.798800 -0.446128 3.074000 129
2021.801500 1.437738 3.093000 129
2021.804200 -1.557954 3.230000 129
2021.807000 0.633155 3.220000 129
2021.809700 5.201420 3.186000 129
2021.812500 5.317606 3.120000 129
2021.815200 1.308847 3.160000 129
2021.817900 2.603555 3.086000 129
2021.820700 2.208358 3.089000 129
2021.823400 -7.480943 3.190000 129
2021.826100 0.908226 3.158000 129
2021.828900 5.530656 3.067000 129
2021.831600 0.876815 3.126000 129
2021.834400 5.379342 3.201000 129
2021.837100 -3.033519 3.183000 129
2021.839800 -4.251923 3.181000 129
2021.842600 2.610191 3.279000 129
2021.845300 0.296737 3.158000 129
2021.848000 -4.438280 3.277000 129
2021.850800 2.269362 3.194000 129
2021.853500 0.811249 3.255000 129
2021.856300 1.054880 3.132000 129
2021.859000 -0.132372 2.988000 129
2021.861700 -2.922236 3.049000 129
2021.864500 -6.645236 3.274000 129
2021.867200 -0.981314 3.418000 129
2021.870000 -1.250455 3.415000 129
2021.872700 -1.195807 3.086000 129
2021.875400 6.939155 3.195000 129
2021.878200 1.116151 3.090000 129
2021.880900 -0.244264 3.030000 129
2021.883600 3.659580 3.166000 129
2021.886400 2.464542 3.187000 129
2021.889100 -4.080111 3.046000 129
2021.891900 -3.284598 3.044000 129
2021.894600 5.424165 3.164000 129
2021.897300 2.283079 3.213000 129
2021.900100 -3.661782 3.085000 129
2021.902800 -3.331596 3.095000 129
2021.905500 -0.991333 3.242000 129
2021.908300 -2.820802 3.122000 129
2021.911000 0.608575 3.008000 129
2021.913800 0.608241 3.191000 129
2021.916500 -1.829380 3.075000 129
2021.919200 -3.846062 3.233000 129
2021.922000 -3.635438 3.424000 129
2021.924700 -2.799296 3.180000 129
2021.927400 -0.465305 3.226000 129
2021.930200 2.329995 3.195000 129
2021.932900 2.876621 3.247000 129
2021.935700 2.038549 3.289000 129
2021.938400 8.792679 3.169000 129
2021.941100 2.513497 3.250000 129
2021.943900 0.329593 3.113000 129
2021.946600 2.782711 3.215000 129
2021.949300 6.444416 3.139000 129
2021.952100 3.314360 3.246000 129
2021.954800 6.674155 3.199000 129
2021.957600 1.349154 3.164000 129
2021.960300 -0.650106 3.260000 129
2021.963000 1.710045 3.209000 129
2021.965800 2.889337 3.309000 129
2021.968500 1.893214 3.398000 129
2021.971300 2.193183 3.384000 129
2021.974000 6.239638 3.369000 129
2021.976700 5.868322 3.374000 129
2021.979500 8.071013 3.289000 129
2021.982200 10.831052 3.380000 129
2021.984900 6.788211 3.253000 129
2021.987700 8.681278 3.292000 129
2021.990400 12.375569 3.290000 129
2021.993200 5.372695 3.052000 129
2021.995900 0.945968 3.106000 129
2021.998600 11.825178 3.247000 129
2022.001400 6.852107 3.225000 129
2022.004100 0.195080 3.171000 129
2022.006800 -0.155118 3.131000 129
2022.009600 1.831275 3.177000 129
2022.012300 -1.223377 3.119000 129
2022.015100 3.454470 3.165000 129
2022.017800 4.895221 3.104000 129
2022.020500 9.636628 3.265000 129
2022.023300 -0.210609 3.347000 129
2022.026000 -0.907007 3.224000 129
2022.028700 -1.519849 3.214000 129
2022.031500 0.745515 3.229000 129
2022.034200 -1.555331 3.179000 129
2022.037000 0.516924 3.174000 129
2022.039700 -1.186054 3.274000 129
2022.042400 0.774365 3.319000 129
2022.045200 1.646724 3.163000 129
2022.047900 2.170826 3.248000 129
2022.050700 -2.761241 3.256000 129
2022.053400 3.564426 3.143000 129
2022.056100 -0.403653 3.202000 129
2022.058900 -2.093069 3.230000 129
2022.061600 -0.643748 3.180000 129
2022.064300 1.804750 3.166000 129
2022.067100 -0.175261 3.086000 129
2022.069800 3.330482 3.247000 129
2022.072600 -0.118397 3.157000 129
2022.075300 -2.338502 3.143000 129
2022.078000 -0.438548 3.145000 129
2022.080800 2.701611 2.961000 129
2022.083500 4.414586 3.273000 129
2022.086200 4.237560 3.270000 129
2022.089000 4.652567 3.111000 129
2022.091700 3.198446 3.303000 129
2022.094500 -2.290757 3.320000 129
2022.097200 -3.168044 3.067000 129
2022.099900 1.006584 3.207000 129
2022.102700 -3.787039 3.418000 129
2022.105400 -1.965667 3.193000 129
2022.108100 0.582577 3.396000 129
2022.110900 1.912406 3.162000 129
2022.113600 0.897319 3.074000 129
2022.116400 -0.535293 3.120000 129
2022.119100 -0.511753 3.140000 129
2022.121800 -0.007392 3.206000 129
2022.124600 6.260286 3.271000 129
2022.127300 5.145224 3.049000 129
2022.130000 1.097964 3.314000 129
2022.132800 -3.841134 3.160000 129
2022.135500 -1.669851 3.230000 129
2022.138300 3.736495 3.280000 129
2022.141000 7.547305 3.281000 129
2022.143700 3.930899 3.120000 129
2022.146500 2.716414 3.031000 129
2022.149200 0.286527 3.213000 129
2022.152000 1.901470 3.328000 129
2022.154700 -4.530896 3.037000 129
2022.157400 -1.717476 3.126000 129
2022.160200 -3.237356 3.198000 129
2022.162900 -0.842400 3.267000 129
2022.165600 -1.026648 3.215000 129
2022.168400 3.007681 3.048000 129
2022.171100 4.325997 3.120000 129
2022.173900 7.562813 3.208000 129
2022.176600 2.139719 3.055000 129
2022.179300 0.267453 3.070000 129
2022.182100 -2.232422 3.207000 129
2022.184800 6.707951 3.116000 129
2022.187500 2.966178 3.172000 129
2022.190300 -2.200303 3.216000 129
2022.193000 -1.053378 3.034000 129
2022.195800 5.958776 3.119000 129
2022.198500 0.577446 3.167000 129
2022.201200 -0.110974 3.062000 129
2022.204000 2.785749 3.057000 129
2022.206700 0.201149 3.206000 129
2022.209400 -0.991501 3.237000 129
2022.212200 4.096916 3.210000 129
2022.214900 7.380170 3.190000 129
2022.217700 8.913443 3.252000 129
2022.220400 4.636662 3.145000 129
2022.223100 1.545904 3.184000 129
2022.225900 4.551103 3.255000 129
2022.228600 2.708405 3.164000 129
2022.231300 -1.287222 3.058000 129
2022.234100 6.252054 3.239000 129
2022.236800 6.958588 3.220000 129
2022.239600 7.048991 3.216000 129
2022.242300 5.201754 3.054000 129
2022.245000 6.702673 3.170000 129
2022.247800 5.981421 3.166000 129
2022.250500 3.508675 3.169000 129
2022.253300 9.037734 3.299000 129
2022.256000 11.604395 3.036000 129
2022.258700 11.227302 3.182000 129
2022.261500 2.719981 3.117000 129
2022.264200 -2.701597 2.982000 129
2022.266900 3.037122 3.048000 129
2022.269700 6.421589 3.164000 129
2022.272400 9.440932 3.116000 129
2022.275200 14.929008 3.302000 129
2022.277900 14.987045 3.114000 129
2022.280600 6.591468 3.000000 129
2022.283400 7.334608 3.244000 129
2022.286100 8.632829 3.146000 129
2022.288800 4.841487 3.079000 129
2022.291600 0.846850 3.134000 129
2022.294300 2.881409 3.086000 129
2022.297100 7.117667 3.045000 129
2022.299800 7.940194 3.087000 129
2022.302500 8.756236 3.129000 129
2022.305300 6.790972 3.113000 129
2022.308000 1.897076 3.130000 129
2022.310700 -0.426258 3.058000 129
2022.313500 -2.215904 3.212000 129
2022.316200 -1.358088 3.285000 129
2022.319000 2.676414 3.375000 129
2022.321700 4.109438 3.190000 129
2022.324400 7.411091 3.149000 129
2022.327200 3.763428 2.956000 129
2022.329900 4.044366 3.188000 129
2022.332600 3.960970 3.169000 129
2022.335400 3.902258 3.397000 129
2022.338100 3.152218 3.268000 129
2022.340900 -1.379140 3.141000 129
2022.343600 5.348220 3.143000 129
2022.346300 6.002299 3.123000 129
2022.349100 10.935058 3.304000 129
2022.351800 9.370594 3.023000 129
2022.354600 3.470809 3.241000 129
2022.357300 2.735837 3.231000 129
2022.360000 -0.703373 3.118000 129
2022.362800 2.069092 3.023000 129
2022.365500 -0.072581 3.102000 129
2022.368200 2.667527 3.174000 129
2022.371000 2.477305 3.083000 129
2022.373700 2.181987 3.180000 129
2022.376500 2.547332 3.073000 129
2022.379200 2.523607 3.212000 129
2022.381900 8.167689 3.262000 129
2022.384700 1.392425 3.127000 129
2022.387400 -0.507876 3.100000 129
2022.390100 0.845638 3.127000 129
2022.392900 5.987796 3.251000 129
2022.395600 1.803943 3.119000 129
2022.398400 -0.615277 3.048000 129
2022.401100 -0.552490 3.023000 129
2022.403800 2.399121 3.062000 129
2022.406600 5.210348 3.338000 129
2022.409300 9.738602 3.035000 129
2022.412000 6.757682 3.150000 129
2022.414800 2.091358 2.988000 129
2022.417500 2.300080 3.106000 129
2022.420300 5.006382 3.078000 129
2022.423000 8.783742 3.085000 129
2022.425700 4.020921 3.077000 129
2022.428500 6.756655 3.289000 129
2022.431200 1.035462 3.108000 129
2022.433900 5.654081 3.152000 129
2022.436700 4.758228 3.090000 129
2022.439400 5.090460 3.111000 129
2022.442200 4.223199 3.033000 129
2022.444900 3.975032 3.203000 129
2022.447600 8.868663 3.149000 129
2022.450400 3.711769 3.363000 129
2022.453100 8.548981 3.142000 129
2022.455900 7.384645 3.224000 129
2022.458600 6.817424 3.190000 129
2022.461300 6.002984 3.167000 129
2022.464100 3.193960 3.025000 129
2022.466800 6.500065 3.102000 129
2022.469500 3.645940 3.081000 129
2022.472300 2.064195 2.999000 129
2022.475000 0.834592 3.172000 129
2022.477800 3.461343 3.263000 129
2022.480500 1.617248 3.286000 129
2022.483200 2.676907 3.059000 129
2022.486000 0.995881 3.120000 129
2022.488700 6.010027 3.113000 129
2022.491400 5.099917 3.266000 129
2022.494200 4.561085 3.215000 129
2022.496900 6.844446 3.172000 129
2022.499700 8.100060 3.077000 129
2022.502400 4.545882 3.202000 129
2022.505100 7.010436 3.233000 129
2022.507900 6.950207 3.206000 129
2022.510600 2.567212 3.301000 129
2022.513300 5.252944 3.053000 129
2022.516100 4.801861 3.075000 129
2022.518800 4.054039 3.141000 129
2022.521600 3.414380 3.140000 129
2022.524300 5.190003 3.092000 129
2022.527000 4.087354 3.155000 129
2022.529800 0.545840 3.185000 129
2022.532500 7.182641 3.312000 129
2022.535200 7.939176 3.256000 129
2022.538000 -0.771179 3.283000 129
2022.540700 4.778818 3.210000 129
2022.543500 1.255913 3.360000 129
2022.546200 2.757387 3.109000 129
2022.548900 0.247611 3.193000 129
2022.551700 -0.477085 3.129000 129
2022.554400 5.394642 3.201000 129
2022.557200 6.706443 3.186000 129
2022.559900 2.152697 3.074000 129
2022.562600 -3.242273 3.324000 129
2022.565400 0.525828 3.076000 129
2022.568100 2.301427 3.192000 129
2022.570800 -0.169173 3.110000 129
2022.573600 -1.697700 3.323000 129
2022.576300 -4.801679 3.139000 129
2022.579100 -4.376580 3.138000 129
2022.581800 -0.816897 3.118000 129
2022.584500 2.812635 3.149000 129
2022.587300 -0.341738 3.261000 129
2022.590000 -3.982475 3.179000 129
2022.592700 -3.921327 3.368000 129
2022.595500 -0.914057 3.116000 129
2022.598200 -0.578100 3.170000 129
2022.601000 -0.484999 3.235000 129
2022.603700 -0.561175 3.078000 129
2022.606400 -9.547393 3.094000 129
2022.609200 -8.338426 3.169000 129
2022.611900 0.758318 3.294000 129
2022.614600 1.191069 3.151000 129
2022.617400 -12.342942 3.234000 129
2022.620100 -5.568125 3.061000 129
2022.622900 -1.805028 2.854000 129
2022.625600 0.510932 3.281000 129
2022.628300 0.344991 3.159000 129
2022.631100 0.615398 3.250000 129
2022.633800 -3.729282 3.148000 129
2022.636600 -2.784559 3.152000 129
2022.639300 -6.647893 3.274000 129
2022.642000 -1.873024 3.349000 129
2022.644800 -3.291665 3.402000 129
2022.647500 -4.215318 3.182000 129
2022.650200 -0.202702 3.105000 129
2022.653000 1.234504 3.290000 129
2022.655700 -2.529263 3.310000 129
2022.658500 5.903634 3.131000 129
2022.661200 2.956581 3.124000 129
2022.663900 -0.364084 3.153000 129
2022.666700 0.677031 3.060000 129
2022.669400 1.529228 3.042000 129
2022.672100 -5.067115 3.102000 129
2022.674900 2.909450 3.104000 129
2022.677600 -1.048878 3.149000 129
2022.680400 4.019793 3.103000 129
2022.683100 -2.654416 3.292000 129
2022.685800 2.501961 3.450000 129
2022.688600 0.485482 3.323000 129
2022.691300 8.442134 3.224000 129
2022.694000 -2.875550 3.226000 129
2022.696800 -4.057937 3.151000 129
2022.699500 -2.497190 3.104000 129
2022.702300 -0.508039 3.066000 129
2022.705000 -6.673754 3.097000 129
2022.707700 -4.561678 3.165000 129
2022.710500 5.984969 3.072000 129
2022.713200 2.707738 3.176000 129
2022.715900 7.203374 2.997000 129
2022.718700 3.130756 3.177000 129
2022.721400 -3.428764 3.224000 129
2022.724200 0.778582 3.082000 129
2022.726900 2.304007 3.171000 129
2022.729600 -2.158578 3.020000 129
2022.732400 -3.494113 3.176000 129
2022.735100 0.822391 3.130000 129
2022.737900 -3.561930 3.110000 129
2022.740600 -0.915243 3.157000 129
2022.743300 -4.231452 3.209000 129
2022.746100 2.022706 3.295000 129
2022.748800 -1.224188 3.153000 129
2022.751500 3.410087 3.094000 129
2022.754300 -0.903077 3.315000 129
2022.757000 0.825638 3.145000 129
2022.759800 1.440045 3.081000 129
2022.762500 -5.183722 3.262000 129
2022.765200 2.300775 3.257000 129
2022.768000 -3.279840 3.133000 129
2022.770700 1.199282 3.082000 129
2022.773400 2.874717 3.131000 129
2022.776200 1.935238 3.087000 129
2022.778900 1.883394 3.202000 129
2022.781700 1.314767 3.210000 129
2022.784400 4.838701 3.352000 129
2022.787100 7.241017 3.091000 129
2022.789900 6.475744 3.122000 129
2022.792600 1.006912 3.129000 129
2022.795300 6.980495 3.233000 129
2022.798100 3.580678 3.402000 129
2022.800800 2.749171 3.111000 129
2022.803600 5.550389 3.075000 129
2022.806300 12.104823 3.151000 129
2022.809000 -0.405289 3.082000 129
2022.811800 0.645504 3.061000 129
2022.814500 1.950366 3.014000 129
2022.817200 1.798693 3.294000 129
2022.820000 4.082101 3.434000 129
2022.822700 3.233419 3.192000 129
2022.825500 1.521931 2.988000 129
2022.828200 3.629242 2.957000 129
2022.830900 3.305021 3.110000 129
2022.833700 9.547155 3.085000 129
2022.836400 -0.591084 3.201000 129
2022.839200 8.945133 3.046000 129
2022.841900 0.332859 3.084000 129
2022.844600 3.214031 3.024000 129
2022.847400 2.443804 3.088000 129
2022.850100 6.795900 3.195000 129
2022.852800 3.532420 3.234000 129
2022.855600 5.211673 3.157000 129
2022.858300 3.810060 3.134000 129
2022.861100 -0.360737 3.023000 129
2022.863800 1.607469 3.153000 129
2022.866500 1.508039 3.025000 129
2022.869300 0.053538 3.174000 129
2022.872000 -4.085158 3.161000 129
2022.874700 -1.290535 3.007000 129
2022.877500 -4.337885 3.101000 129
2022.880200 -0.006630 3.052000 129
2022.883000 -1.895290 3.107000 129
2022.885700 -3.825480 2.978000 129
2022.888400 2.782553 3.033000 129
2022.891200 -3.775253 3.103000 129
2022.893900 2.476207 3.153000 129
2022.896600 -5.395175 3.249000 129
2022.899400 -2.633336 2.965000 129
2022.902100 1.336566 3.197000 129
2022.904900 5.098720 3.126000 129
2022.907600 12.252803 3.144000 129
2022.910300 9.165917 3.205000 129
2022.913100 9.319318 3.138000 129
2022.915800 6.294448 3.143000 129
2022.918500 4.702526 3.143000 129
2022.921300 1.937909 3.078000 129
2022.924000 6.328825 3.109000 129
2022.926800 11.431051 3.275000 129
2022.929500 7.855682 3.318000 129
2022.932200 2.361107 3.255000 129
2022.935000 0.435835 3.204000 129
2022.937700 3.654781 3.099000 129
2022.940500 6.388016 3.223000 129
2022.943200 6.024347 3.211000 129
2022.945900 5.234307 3.028000 129
2022.948700 4.440525 3.130000 129
2022.951400 3.634663 3.004000 129
2022.954100 6.400327 3.090000 129
2022.956900 2.691200 3.063000 129
2022.959600 4.420828 3.094000 129
2022.962400 4.505625 3.042000 129
2022.965100 5.894071 3.174000 129
2022.967800 5.092863 3.237000 129
2022.970600 -0.079245 3.281000 129
2022.973300 2.081145 3.137000 129
2022.976000 2.062773 3.056000 129
2022.978800 3.932415 3.421000 129
2022.981500 2.520418 3.151000 129
2022.984300 0.591371 3.114000 129
2022.987000 6.117597 3.380000 129
2022.989700 12.427879 3.228000 129
2022.992500 4.970007 3.025000 129
2022.995200 8.262290 3.131000 129
2022.997900 8.797521 3.138000 129
2023.000700 11.096479 3.130000 129
2023.003400 8.518490 2.955000 129
2023.006200 6.023146 3.118000 129
2023.008900 5.903792 3.073000 129
2023.011600 5.124206 2.973000 129
2023.014400 4.456130 3.100000 129
2023.017100 -0.168035 3.047000 129
2023.019800 1.986464 3.028000 129
2023.022600 7.230332 3.045000 129
2023.025300 -1.820955 3.051000 129
2023.028100 3.825026 3.111000 129
2023.030800 0.138816 3.116000 129
2023.033500 -5.732895 2.961000 129
2023.036300 5.564509 3.146000 129
2023.039000 6.836682 3.060000 129
2023.041800 7.351862 2.978000 129
2023.044500 8.653792 3.146000 129
2023.047200 2.870068 2.983000 129
2023.050000 3.577189 3.111000 129
2023.052700 0.109045 3.070000 129
2023.055400 -4.599837 3.020000 129
2023.058200 2.241957 3.334000 129
2023.060900 4.949488 3.144000 129
2023.063700 -0.043418 3.163000 129
2023.066400 -2.526579 3.307000 129
2023.069100 -2.073607 3.249000 129
2023.071900 -3.463243 3.127000 129
2023.074600 1.850892 3.101000 129
2023.077300 0.879092 3.185000 129
2023.080100 3.666512 3.189000 129
2023.082800 -0.005256 3.179000 129
2023.085600 -1.455921 3.251000 129
2023.088300 -1.482738 3.234000 129
2023.091000 1.336411 3.242000 129
2023.093800 0.087493 3.100000 129
2023.096500 2.173486 3.101000 129
2023.099200 -0.129604 3.062000 129
2023.102000 -1.121929 3.209000 129
2023.104700 -3.909267 3.109000 129
2023.107500 0.197047 3.177000 129
2023.110200 -3.909593 3.309000 129
2023.112900 1.109619 3.229000 129
2023.115700 5.000320 3.205000 129
2023.118400 2.822164 3.321000 129
2023.121100 10.822832 3.209000 129
2023.123900 4.551829 3.307000 129
2023.126600 -0.900923 3.445000 129
2023.129400 1.918551 3.220000 129
2023.132100 -1.248645 3.208000 129
2023.134800 1.512951 3.212000 129
2023.137600 -1.027377 3.198000 129
2023.140300 5.445748 3.174000 129
2023.143100 13.118853 3.098000 129
2023.145800 5.232500 3.028000 129
2023.148500 1.883929 3.059000 129
2023.151300 -1.782801 3.110000 129
2023.154000 2.442149 3.082000 129
2023.156700 2.729883 3.282000 129
2023.159500 6.032328 3.293000 129
2023.162200 9.385597 3.089000 129
2023.165000 6.792492 3.128000 129
2023.167700 3.515312 3.258000 129
2023.170400 4.104937 3.244000 129
2023.173200 1.011071 3.175000 129
2023.175900 -1.531718 3.196000 129
2023.178600 -0.708681 3.190000 129
2023.181400 -7.704244 3.215000 129
2023.184100 -3.746573 3.214000 129
2023.186900 3.366430 3.386000 129
2023.189600 -2.137227 3.213000 129
2023.192300 -4.048011 3.037000 129
2023.195100 -0.046558 3.215000 129
2023.197800 -2.528604 3.127000 129
2023.200500 0.016257 3.163000 129
2023.203300 -3.597731 3.100000 129
2023.206000 -4.668057 3.243000 129
2023.208800 -5.845285 3.135000 129
2023.211500 -3.560742 3.126000 129
2023.214200 1.320775 3.059000 129
2023.217000 -1.466682 3.214000 129
2023.219700 0.648792 3.046000 129
2023.222500 0.260248 3.208000 129
2023.225200 -4.548259 3.557000 129
2023.227900 -1.824714 3.151000 129
2023.230700 -3.213244 3.095000 129
2023.233400 -4.038582 3.051000 129
2023.236100 -6.093818 3.077000 129
2023.238900 -2.540180 3.103000 129
2023.241600 -1.698196 3.133000 129
2023.244400 -2.303367 3.070000 129
2023.247100 -2.688091 2.976000 129
2023.249800 0.080371 3.051000 129
2023.252600 1.766640 3.091000 129
2023.255300 -0.889499 3.102000 129
2023.258000 -4.467399 3.071000 129
2023.260800 -6.173523 3.105000 129
2023.263500 -5.784916 3.151000 129
2023.266300 -5.131552 3.014000 129
2023.269000 -3.366367 3.076000 129
2023.271700 -6.368854 3.035000 129
2023.274500 -3.703604 3.053000 129
2023.277200 -5.728405 3.039000 129
2023.279900 -1.532825 3.175000 129
2023.282700 1.166474 3.411000 129
2023.285400 -4.689155 3.290000 129
2023.288200 -6.018074 3.081000 129
2023.290900 -1.837844 3.151000 129
2023.293600 1.510851 3.113000 129
2023.296400 2.678246 3.258000 129
2023.299100 -1.250100 3.195000 129
2023.301800 -4.249933 3.144000 129
2023.304600 1.531926 3.078000 129
2023.307300 -5.115853 3.077000 129
2023.310100 -3.783943 3.303000 129
2023.312800 -0.708608 3.069000 129
2023.315500 -6.111687 3.094000 129
2023.318300 -5.038080 3.000000 129
2023.321000 -2.670959 3.055000 129
2023.323800 -7.072153 3.005000 129
2023.326500 -5.536779 3.042000 129
2023.329200 5.033247 3.113000 129
2023.332000 4.948957 3.087000 129
2023.334700 6.801310 3.010000 129
2023.337400 -3.301650 3.015000 129
2023.340200 -1.643928 2.974000 129
2023.342900 -6.328495 2.966000 129
2023.345700 -8.247380 3.079000 129
2023.348400 -1.628513 3.037000 129
2023.351100 -7.370909 3.032000 129
2023.353900 -0.273627 2.949000 129
2023.356600 -3.114536 2.885000 129
2023.359300 -2.981685 3.014000 129
2023.362100 -6.770159 3.110000 129
2023.364800 -14.781775 3.030000 129
2023.367600 -14.003719 3.183000 129
2023.370300 -14.291776 3.037000 129
2023.373000 -10.432041 2.876000 129
2023.375800 -8.637642 3.125000 129
2023.378500 -7.365316 3.140000 129
2023.381200 -6.682184 3.074000 129
2023.384000 -9.437397 2.947000 129
2023.386700 -3.311651 3.137000 129
2023.389500 -6.578257 3.097000 129
2023.392200 -1.964883 3.011000 129
2023.394900 1.924310 2.928000 129
2023.397700 4.235138 3.025000 129
2023.400400 -1.809030 3.008000 129
2023.403100 4.204627 2.896000 129
2023.405900 3.436901 3.102000 129
2023.408600 -2.212799 2.957000 129
2023.411400 -1.375895 2.953000 129
2023.414100 -6.455951 3.046000 129
2023.416800 -7.529183 3.258000 129
2023.419600 -0.443833 3.276000 129
2023.422300 -2.615427 2.996000 129
2023.425100 -4.400455 3.015000 129
2023.427800 4.262582 2.898000 129
2023.430500 -1.477563 3.104000 129
2023.433300 -1.294170 2.914000 129
2023.436000 -5.148697 3.182000 129
2023.438700 -3.087415 3.015000 129
2023.441500 -1.147623 3.048000 129
2023.444200 -2.277739 3.032000 129
2023.447000 -2.670367 2.990000 129
2023.449700 1.188106 2.992000 129
2023.452400 2.057372 2.933000 129
2023.455200 -6.660907 3.087000 129
2023.457900 -0.823072 2.972000 129
2023.460600 0.598545 3.071000 129
2023.463400 0.967581 2.966000 129
2023.466100 0.549745 2.998000 129
2023.468900 -1.205698 3.063000 129
2023.471600 0.220997 3.072000 129
2023.474300 -4.067544 3.162000 129
2023.477100 -2.934728 2.969000 129
2023.479800 -2.698759 3.034000 129
2023.482500 -1.141037 2.951000 129
2023.485300 -1.686995 3.111000 129
2023.488000 -0.917783 2.989000 129
2023.490800 -6.131277 3.070000 129
2023.493500 -0.014588 3.030000 129
2023.496200 -0.168159 3.058000 129
2023.499000 -2.660474 3.002000 129
2023.501700 0.109416 2.939000 129
2023.504400 -0.300960 2.994000 129
2023.507200 -0.796116 2.916000 129
2023.509900 -5.505041 3.044000 129
2023.512700 -0.469769 3.017000 129
2023.515400 -1.157248 2.993000 129
2023.518100 2.078000 3.086000 129
2023.520900 1.884415 3.245000 129
2023.523600 -4.061892 3.171000 129
2023.526400 -4.682053 3.110000 129
2023.529100 -3.705912 3.069000 129
2023.531800 -5.932041 3.367000 129
2023.534600 -9.865050 3.063000 129
2023.537300 -7.088722 3.296000 129
2023.540000 -2.128656 3.306000 129
2023.542800 -3.822492 3.223000 129
2023.545500 -2.421952 3.167000 129
2023.548300 -7.914325 3.271000 129
2023.551000 -7.229294 3.227000 129
2023.553700 -7.042505 3.270000 129
2023.556500 -3.069641 3.049000 129
2023.559200 0.205671 3.162000 129
2023.561900 1.488758 3.191000 129
2023.564700 -0.938084 3.263000 129
2023.567400 -5.999431 3.281000 129
2023.570200 -2.205708 3.034000 129
2023.572900 -3.703457 3.140000 129
2023.575600 -2.449391 3.235000 129
2023.578400 -2.832246 3.057000 129
2023.581100 -6.193523 2.961000 129
2023.583800 -3.196953 3.149000 129
2023.586600 -10.453289 3.122000 129
2023.589300 -4.146995 3.159000 129
2023.592100 -6.395592 3.214000 129
2023.594800 -2.628523 3.116000 129
2023.597500 -6.332545 3.085000 129
2023.600300 0.526574 3.078000 129
2023.603000 -5.108588 3.056000 129
2023.605700 -2.123797 3.121000 129
2023.608500 -11.037824 3.485000 129
2023.611200 -11.233078 3.538000 129
2023.614000 -5.224118 3.323000 129
2023.616700 -10.221350 3.234000 129
2023.619400 -0.948546 3.107000 129
2023.622200 -9.084467 3.238000 129
2023.624900 -7.813529 3.184000 129
2023.627700 -5.470273 3.183000 129
2023.630400 -5.934124 3.186000 129
2023.633100 -4.318842 3.099000 129
2023.635900 3.251835 3.314000 129
2023.638600 -0.267547 3.343000 129
2023.641300 1.766267 3.256000 129
2023.644100 -11.096436 3.237000 129
2023.646800 0.872845 3.412000 129
2023.649600 -2.906327 3.266000 129
2023.652300 -6.406486 3.149000 129
2023.655000 -5.978337 3.085000 129
2023.657800 -5.407534 3.104000 129
2023.660500 -1.680682 3.199000 129
2023.663200 -3.760450 3.146000 129
2023.666000 -3.229449 3.175000 129
2023.668700 -0.987367 3.125000 129
2023.671500 -1.081432 3.196000 129
2023.674200 -3.067399 3.323000 129
2023.676900 0.317138 3.124000 129
2023.679700 -7.800338 3.061000 129
2023.682400 -8.331695 3.212000 129
2023.685100 -7.215472 3.294000 129
2023.687900 -8.868119 3.028000 129
2023.690600 -4.535635 3.128000 129
2023.693400 -5.290920 3.031000 129
2023.696100 -1.889069 3.249000 129
2023.698800 -3.110510 3.125000 129
2023.701600 -4.088560 3.164000 129
2023.704300 -11.143477 3.182000 129
2023.707000 -8.961609 3.096000 129
2023.709800 -2.890184 3.096000 129
2023.712500 -5.182637 3.099000 129
2023.715300 -2.942418 3.145000 129
2023.718000 -0.877089 3.129000 129
2023.720700 -1.176848 3.085000 129
2023.723500 -2.531759 3.258000 129
2023.726200 -2.682587 3.233000 129
2023.729000 -6.013442 2.981000 129
2023.731700 -3.535241 3.132000 129
2023.734400 -4.980008 3.119000 129
2023.737200 -4.204616 3.017000 129
2023.739900 -2.410212 3.123000 129
2023.742600 -1.880709 3.088000 129
2023.745400 5.495144 3.067000 129
2023.748100 -2.319049 3.112000 129
2023.750900 -0.933761 3.186000 129
2023.753600 -3.175565 3.049000 129
2023.756300 -5.946165 3.195000 129
2023.759100 -10.360089 3.102000 129
2023.761800 -8.860181 3.150000 129
2023.764500 -0.639014 3.135000 129
2023.767300 -4.426974 3.168000 129
2023.770000 -1.612190 3.098000 129
2023.772800 7.814598 3.107000 129
2023.775500 6.034065 3.107000 129
2023.778200 3.118872 3.140000 129
2023.781000 -2.569122 3.092000 129
2023.783700 -3.880544 3.247000 129
2023.786400 -3.354588 2.936000 129
2023.789200 -3.256237 3.086000 129
2023.791900 -3.814434 3.186000 129
2023.794700 -2.889110 3.006000 129
2023.797400 -7.037420 3.084000 129
2023.800100 -4.745299 3.292000 129
2023.802900 -0.384469 3.105000 129
2023.805600 2.406590 3.194000 129
2023.808400 3.479480 3.113000 129
2023.811100 0.819501 2.982000 129
2023.813800 -0.903017 3.225000 129
2023.816600 0.967475 3.050000 129
2023.819300 -3.874057 3.178000 129
2023.822000 -5.534119 3.139000 129
2023.824800 -7.687003 3.106000 129
2023.827500 -5.040072 3.259000 129
2023.830300 -3.941853 3.122000 129
2023.833000 -4.363934 3.291000 129
2023.835700 -6.104552 3.265000 129
2023.838500 -5.566726 3.205000 129
2023.841200 -2.253376 3.001000 129
2023.843900 -3.999579 3.186000 129
2023.846700 4.060808 3.152000 129
2023.849400 4.431534 3.147000 129
2023.852200 0.769941 3.042000 129
2023.854900 -2.056440 3.069000 129
2023.857600 0.743584 3.040000 129
2023.860400 -1.033585 3.171000 129
2023.863100 -3.363735 3.043000 129
2023.865800 -2.305517 3.354000 129
2023.868600 -1.363380 3.192000 129
2023.871300 -4.489420 3.210000 129
2023.874100 -4.335472 3.163000 129
2023.876800 -5.578835 3.268000 129
2023.879500 -5.373911 3.106000 129
2023.882300 2.563091 3.086000 129
2023.885000 -0.939420 3.134000 129
2023.887700 -6.471702 3.169000 129
2023.890500 -6.713829 3.135000 129
2023.893200 0.032328 3.087000 129
2023.896000 -2.124318 3.104000 129
2023.898700 4.488183 3.093000 129
2023.901400 -0.880199 3.245000 129
2023.904200 0.039666 3.268000 129
2023.906900 -1.558522 3.377000 129
2023.909700 1.723563 3.026000 129
2023.912400 5.173461 3.125000 129
2023.915100 10.761341 3.149000 129
2023.917900 4.005520 3.236000 129
2023.920600 1.816314 3.203000 129
2023.923300 1.352004 3.083000 129
2023.926100 0.684002 3.149000 129
2023.928800 -0.623578 3.128000 129
2023.931600 2.391149 3.264000 129
2023.934300 2.882171 3.257000 129
2023.937000 -2.066070 3.027000 129
2023.939800 -0.477019 3.058000 129
2023.942500 4.142144 3.107000 129
2023.945200 4.440944 3.193000 129
2023.948000 4.266005 3.123000 129
2023.950700 1.755001 3.339000 129
2023.953500 -4.148772 3.303000 129
2023.956200 0.985277 3.103000 129
2023.958900 -0.253210 3.127000 129
2023.961700 0.731478 3.263000 129
2023.964400 8.295827 2.975000 129
2023.967100 3.630534 3.026000 129
2023.969900 4.321345 3.055000 129
2023.972600 1.166667 3.017000 129
2023.975400 1.230040 3.065000 129
2023.978100 7.246829 3.173000 129
2023.980800 1.614792 3.096000 129
2023.983600 0.866714 3.147000 129
2023.986300 1.038920 3.072000 129
2023.989000 1.769192 3.155000 129
2023.991800 0.374317 3.148000 129
2023.994500 5.210609 3.157000 129
2023.997300 5.073679 3.129000 129
2024.000000 -0.142157 3.255000 129
2024.002700 2.243890 3.168000 129
2024.005500 1.039593 3.238000 129
2024.008200 5.976293 3.172000 129
2024.011000 1.441561 3.410000 129
2024.013700 3.445771 3.392000 129
2024.016400 6.351687 3.142000 129
2024.019200 8.743032 3.248000 129
2024.021900 7.452247 3.208000 129
2024.024600 12.407067 3.267000 129
2024.027400 6.684169 3.205000 129
2024.030100 7.194084 3.112000 129
2024.032900 4.231178 3.288000 129
2024.035600 7.042056 3.224000 129
2024.038300 5.431378 3.222000 129
2024.041100 3.644721 3.178000 129
2024.043800 3.428816 3.287000 129
2024.046500 2.455265 3.133000 129
2024.049300 -2.225428 3.127000 129
2024.052000 5.479615 3.233000 129
2024.054800 4.197405 3.140000 129
2024.057500 8.016930 3.184000 129
2024.060200 4.409668 3.023000 129
2024.063000 2.281984 3.109000 129
2024.065700 5.743045 2.991000 129
2024.068400 2.008244 3.198000 129
2024.071200 -2.765151 3.168000 129
2024.073900 -4.294776 3.151000 129
2024.076700 -1.524111 3.226000 129
2024.079400 -0.568653 3.052000 129
2024.082100 3.596834 3.089000 129
2024.084900 11.103439 3.364000 129
2024.087600 6.469887 3.206000 129
2024.090300 4.470305 3.097000 129
2024.093100 5.569672 3.020000 129
2024.095800 1.913943 2.918000 129
2024.098600 8.694047 3.004000 129
2024.101300 5.570106 2.944000 129
2024.104000 5.850057 3.151000 129
2024.106800 1.474675 3.078000 129
2024.109500 -2.254670 3.093000 129
2024.112300 -5.257458 3.064000 129
2024.115000 -2.312146 3.013000 129
2024.117700 3.772002 3.047000 129
2024.120500 -0.401456 3.106000 129
2024.123200 -0.562708 3.129000 129
2024.125900 0.958849 3.156000 129
2024.128700 2.199646 3.113000 129
2024.131400 3.163762 2.995000 129
2024.134200 5.538015 3.152000 129
2024.136900 0.678669 3.072000 129
2024.139600 1.581110 3.151000 129
2024.142400 -2.577458 3.061000 129
2024.145100 -2.567495 3.154000 129
2024.147800 1.026250 3.175000 129
2024.150600 3.580847 3.105000 129
2024.153300 4.312112 3.105000 129
2024.156100 9.612140 3.072000 129
2024.158800 2.364931 3.066000 129
2024.161500 -0.153487 3.136000 129
2024.164300 7.037732 3.189000 129
2024.167000 -1.447138 3.036000 129
2024.169700 8.998796 3.223000 129
2024.172500 6.687249 3.197000 129
2024.175200 2.306766 3.220000 129
2024.178000 6.676727 3.171000 129
2024.180700 5.817856 3.111000 129
2024.183400 3.434827 3.016000 129
2024.186200 -0.797863 2.963000 129
2024.188900 2.993774 3.150000 129
2024.191600 4.814281 3.046000 129
2024.194400 1.622033 3.131000 129
2024.197100 1.212272 3.174000 129
2024.199900 4.075696 3.245000 129
2024.202600 6.892716 2.995000 129
2024.205300 -0.796334 3.004000 129
2024.208100 -3.594280 3.007000 129
2024.210800 1.296530 3.128000 129
2024.213600 1.656396 3.107000 129
2024.216300 0.714125 3.127000 129
2024.219000 0.833856 3.177000 129
2024.221800 -2.228426 3.076000 129
2024.224500 -0.653684 3.167000 129
2024.227200 1.996105 3.181000 129
2024.230000 7.462824 3.296000 129
2024.232700 3.097722 3.041000 129
2024.235500 -2.860485 3.068000 129
2024.238200 -0.691409 3.138000 129
2024.240900 -0.920202 3.200000 129
2024.243700 4.863853 3.162000 129
2024.246400 1.055342 3.029000 129
2024.249100 -0.817987 2.970000 129
2024.251900 -1.442506 3.318000 129
2024.254600 -5.273445 3.017000 129
2024.257400 -0.870597 3.088000 129
2024.260100 7.522924 3.193000 129
2024.262800 1.307717 3.097000 129
2024.265600 -3.876731 3.375000 129
2024.268300 1.872631 3.030000 129
2024.271000 -4.700683 3.182000 129
2024.273800 -5.257259 2.986000 129
2024.276500 -8.291897 3.115000 129
2024.279300 -3.285809 3.170000 129
2024.282000 1.216301 3.152000 129
2024.284700 -6.196178 3.182000 129
2024.287500 -3.400946 3.043000 129
2024.290200 -5.732574 3.177000 129
2024.293000 -6.038499 3.129000 129
2024.295700 -1.899209 3.098000 129
2024.298400 -8.133426 3.181000 129
2024.301200 -2.934948 3.011000 129
2024.303900 -9.032149 3.219000 129
2024.306600 -3.697812 3.118000 129
2024.309400 0.227215 3.095000 129
2024.312100 0.079660 3.127000 129
2024.314900 1.446791 2.969000 129
2024.317600 2.910400 2.949000 129
2024.320300 2.910620 2.993000 129
2024.323100 -4.004475 3.064000 129
2024.325800 -3.556009 3.280000 129
2024.328500 -0.569894 3.071000 129
2024.331300 0.611905 3.059000 129
2024.334000 1.844341 3.052000 129
2024.336800 6.428460 2.999000 129
2024.339500 1.199263 3.034000 129
2024.342200 -0.678228 3.108000 129
2024.345000 -4.001039 3.027000 129
2024.347700 0.291899 2.854000 129
2024.350400 4.471570 3.073000 129
2024.353200 -0.236080 3.159000 129
2024.355900 -4.170926 3.229000 129
2024.358700 -2.093095 3.908000 129
2024.361400 -1.782425 3.275000 129
2024.364100 -1.115983 3.010000 129
2024.366900 -0.052869 3.242000 129
2024.369600 1.284129 3.024000 129
2024.372300 0.223917 3.169000 129
2024.375100 -1.108629 3.384000 129
2024.377800 1.532748 3.080000 129
2024.380600 -0.074216 3.122000 129
2024.383300 -0.130233 2.999000 129
2024.386000 1.221562 2.954000 129
2024.388800 2.065005 3.044000 129
2024.391500 1.536426 2.944000 129
2024.394300 1.842486 2.992000 129
2024.397000 4.993541 3.107000 129
2024.399700 2.177419 3.169000 129
2024.402500 -0.308078 3.094000 129
2024.405200 -4.198558 3.027000 129
2024.407900 -1.302212 3.153000 129
2024.410700 1.258739 3.111000 129
2024.413400 -3.775272 3.202000 129
2024.416200 -1.569691 3.126000 129
2024.418900 -0.250060 3.035000 129
2024.421600 1.539392 3.082000 129
2024.424400 7.274412 3.242000 129
2024.427100 -3.602503 3.108000 129
2024.429800 2.991399 3.145000 129
2024.432600 -1.461157 3.176000 129
2024.435300 -2.182635 3.083000 129
2024.438100 -4.892591 3.166000 129
2024.440800 -3.886459 3.018000 129
2024.443500 0.745476 3.010000 129
2024.446300 -0.902098 3.067000 129
2024.449000 -3.668572 2.955000 129
2024.451700 -4.054251 3.091000 129
2024.454500 2.045527 3.016000 129
2024.457200 6.690417 3.090000 129
2024.460000 7.356741 3.048000 129
2024.462700 4.177187 3.214000 129
2024.465400 0.245409 3.157000 129
2024.468200 -3.127971 3.066000 129
2024.470900 -0.820216 3.126000 129
2024.473600 1.101304 3.113000 129
2024.476400 1.292185 3.005000 129
2024.479100 -2.400784 3.250000 129
2024.481900 -3.140417 3.146000 129
2024.484600 0.528112 3.211000 129
2024.487300 -5.854610 3.393000 129
2024.490100 2.506965 3.364000 129
2024.492800 1.190721 3.035000 129
2024.495600 -0.363251 3.056000 129
2024.498300 -3.218027 3.030000 129
2024.501000 0.366933 3.026000 129
2024.503800 -5.941872 3.135000 129
2024.506500 -4.210458 3.058000 129
2024.509200 -5.371313 3.060000 129
2024.512000 -0.801968 3.050000 129
2024.514700 -3.713376 3.013000 129
2024.517500 3.273394 3.073000 129
2024.520200 3.178431 3.217000 129
2024.522900 -2.256805 2.997000 129
2024.525700 0.356107 3.002000 129
2024.528400 -0.192682 3.035000 129
2024.531100 -1.110741 3.152000 129
2024.533900 -6.472678 3.020000 129
2024.536600 1.817718 3.134000 129
2024.539400 -1.854778 3.091000 129
2024.542100 -6.499915 3.060000 129
2024.544800 -2.798309 3.201000 129
2024.547600 -3.509615 3.265000 129
2024.550300 -5.937520 2.994000 129
2024.553000 -4.450669 3.149000 129
2024.555800 1.471259 3.211000 129
2024.558500 -2.939370 3.102000 129
2024.561300 -3.658927 3.133000 129
2024.564000 -6.744009 3.025000 129
2024.566700 -11.113303 3.260000 129
2024.569500 -2.983527 3.159000 129
2024.572200 0.358773 3.053000 129
2024.574900 2.406887 3.323000 129
2024.577700 -4.942923 3.377000 129
2024.580400 0.083842 3.068000 129
2024.583200 -5.901308 3.146000 129
2024.585900 -8.402849 3.207000 129
2024.588600 -3.383523 3.053000 129
2024.591400 -3.065089 3.175000 129
2024.594100 -5.254995 3.012000 129
2024.596900 -2.772774 3.112000 129
2024.599600 -4.672856 3.049000 129
2024.602300 -6.487004 3.081000 129
2024.605100 -5.763988 3.104000 129
2024.607800 -1.573222 3.109000 129
2024.610500 -5.209475 3.327000 129
2024.613300 6.325483 3.628000 129
2024.616000 0.837244 3.234000 129
2024.618800 -1.576747 3.325000 129
2024.621500 -1.833901 3.251000 129
2024.624200 -0.436985 3.335000 129
2024.627000 1.611245 3.286000 129
2024.629700 -3.198638 3.205000 129
2024.632400 4.137607 3.229000 129
2024.635200 -3.628759 3.141000 129
2024.637900 -4.186189 3.127000 129
2024.640700 -8.652173 3.244000 129
2024.643400 -2.291192 3.137000 129
2024.646100 -0.596975 3.074000 129
2024.648900 -1.137219 3.195000 129
2024.651600 -2.907455 3.234000 129
2024.654300 -1.976388 3.138000 129
2024.657100 -1.236677 3.196000 129
2024.659800 -4.025920 3.060000 129
2024.662600 -3.331444 3.141000 129
2024.665300 -3.555899 3.155000 129
2024.668000 -3.961931 3.062000 129
2024.670800 -1.268121 3.013000 129
2024.673500 1.931785 3.187000 129
2024.676200 -0.732811 3.059000 129
2024.679000 -5.720431 2.999000 129
2024.681700 -3.974935 3.006000 129
2024.684500 -1.379370 3.047000 129
2024.687200 -3.726678 3.009000 129
2024.689900 -5.271360 3.194000 129
2024.692700 3.429176 3.156000 129
2024.695400 5.412847 3.153000 129
2024.698200 4.953840 3.312000 129
2024.700900 4.093969 3.355000 129
2024.703600 3.347852 3.283000 129
2024.706400 2.763221 3.273000 129
2024.709100 0.770719 3.208000 129
2024.711800 1.859047 3.336000 129
2024.714600 3.128032 3.059000 129
2024.717300 -1.143872 3.225000 129
2024.720100 3.100999 3.030000 129
2024.722800 5.257965 3.061000 129
2024.725500 1.070886 2.982000 129
2024.728300 2.429763 3.018000 129
2024.731000 3.598701 3.151000 129
2024.733700 5.549664 3.007000 129
2024.736500 6.516771 3.059000 129
2024.739200 2.136893 3.276000 129
2024.742000 2.315286 3.161000 129
2024.744700 5.674659 3.209000 129
2024.747400 -4.394832 3.048000 129
2024.750200 -3.517859 3.234000 129
2024.752900 -2.833971 3.043000 129
2024.755600 0.191115 3.210000 129
2024.758400 -0.134140 3.119000 129
2024.761100 -0.972555 3.152000 129
2024.763900 -4.171179 3.106000 129
2024.766600 -3.241021 3.335000 129
2024.769300 -1.407574 3.285000 129
2024.772100 -2.749139 3.186000 129
2024.774800 -4.037017 3.271000 129
2024.777500 3.092440 4.053000 129
2024.780300 -2.024918 3.151000 129
2024.807700 -2.837047 3.037000 129
2024.810400 -7.978404 3.189000 129
2024.813100 -5.799301 3.250000 129
2024.815900 -3.351203 3.113000 129
2024.818600 -3.905116 3.135000 129
2024.821400 0.170082 3.238000 129
2024.824100 -0.530838 3.181000 129
2024.826800 1.720712 3.156000 129
2024.829600 -1.757463 3.030000 129
2024.832300 -2.545924 3.182000 129
2024.835000 -3.579921 3.310000 129
2024.837800 0.333513 3.078000 129
2024.840500 1.929486 3.235000 129
2024.843300 2.910989 3.315000 129
2024.846000 2.664909 3.247000 129
2024.848700 -0.905736 3.239000 129
2024.851500 -4.537712 3.207000 129
2024.854200 5.402542 3.198000 129
2024.856900 2.335203 3.277000 129
2024.859700 5.739660 3.200000 129
2024.862400 -1.626847 3.380000 129
2024.865200 0.116521 3.034000 129
2024.867900 3.665793 3.115000 129
2024.870600 3.813407 3.221000 129
2024.873400 5.518001 3.166000 129
2024.876100 5.380301 3.226000 129
2024.878900 8.070643 3.084000 129
2024.881600 6.007556 3.052000 129
2024.884300 7.283723 3.195000 129
2024.887100 -1.249985 3.389000 129
2024.889800 -0.236325 3.283000 129
2024.892500 3.954526 3.105000 129
2024.895300 5.041569 3.225000 129
2024.898000 6.647778 3.170000 129
2024.900800 0.261216 3.152000 129
2024.903500 3.628684 3.126000 129
2024.906200 5.176222 3.154000 129
2024.909000 -0.381969 3.059000 129
2024.911700 -3.020331 3.239000 129
2024.914400 -4.557703 3.322000 129
2024.917200 -2.872777 3.293000 129
2024.919900 -6.002220 3.278000 129
2024.922700 -3.240355 3.148000 129
2024.925400 3.267009 3.071000 129
2024.928100 4.406216 3.167000 129
2024.930900 -2.131269 3.210000 129
2024.933600 -2.632444 3.138000 129
2024.936300 1.558127 3.122000 129
2024.939100 3.776992 3.213000 129
2024.941800 0.296983 3.352000 129
2024.944600 -3.169751 3.134000 129
2024.947300 4.328523 2.925000 129
2024.950000 6.353375 3.205000 129
2024.952800 5.016461 3.265000 129
2024.955500 3.386384 3.178000 129
2024.958200 1.328780 3.306000 129
2024.961000 -1.368643 3.225000 129
2024.963700 -4.574392 3.115000 129
2024.966500 -2.653004 3.247000 129
2024.969200 -1.518046 3.187000 129
2024.971900 -1.174794 3.341000 129
2024.974700 3.313516 3.290000 129
2024.977400 3.392254 3.386000 129
2024.980200 4.337990 3.394000 129
2024.982900 2.548064 3.263000 129
2024.985600 6.691248 3.205000 129
2024.988400 7.323331 3.217000 129
2024.991100 4.010628 3.190000 129
2024.993800 4.769925 3.126000 129
2024.996600 3.154011 3.203000 129
2024.999300 0.761199 3.263000 129
2025.002100 -3.800905 3.705000 129
2025.004800 0.597027 3.269000 129
2025.007500 4.907779 3.175000 129
2025.010300 -0.584889 3.361000 129
2025.013000 0.342391 3.151000 129
2025.015700 -0.275614 3.273000 129
2025.018500 2.733823 3.357000 129
2025.021200 -3.786865 3.309000 129
2025.024000 -0.502210 3.479000 129
2025.026700 0.903281 3.266000 129
2025.029400 5.135318 3.332000 129
2025.032200 3.910549 3.103000 129
2025.034900 -1.136434 3.125000 129
2025.037600 -0.779966 3.226000 129
2025.040400 0.589538 3.244000 129
2025.043100 -1.268204 3.158000 129
2025.045900 2.462981 3.199000 129
2025.048600 0.433907 3.218000 129
2025.051300 4.300136 3.189000 129
2025.054100 -1.532875 3.108000 129
2025.056800 -0.428151 3.525000 129
2025.059500 -2.908206 3.270000 129
2025.062300 -1.450669 3.090000 129
2025.065000 2.313610 3.198000 129
2025.067800 7.553367 3.100000 129
2025.070500 1.467881 3.120000 129
2025.073200 1.856492 3.278000 129
2025.076000 -0.372590 3.269000 129
2025.078700 7.563117 3.170000 129
2025.081500 7.848014 3.252000 129
2025.084200 4.405731 3.262000 129
2025.086900 6.181443 3.211000 129
2025.089700 4.045172 3.169000 129
2025.092400 6.327779 3.234000 129
2025.095100 4.997327 3.238000 129
2025.097900 13.157723 3.418000 129
2025.100600 4.166067 3.204000 129
2025.103400 3.292146 3.352000 129
2025.106100 5.996226 3.106000 129
2025.108800 3.160177 3.419000 129
2025.111600 5.529697 3.348000 129
2025.114300 9.039310 3.301000 129
2025.117000 7.825761 3.291000 129
2025.119800 8.719620 3.375000 129
2025.122500 5.813675 3.160000 129
2025.125300 1.729032 3.003000 129
2025.128000 3.225660 3.075000 129
2025.130700 5.836088 3.138000 129
2025.133500 1.700666 3.229000 129
2025.136200 3.798634 3.089000 129
2025.138900 6.565390 3.178000 129
2025.141700 -0.481851 3.124000 129
2025.144400 -0.283572 3.142000 129
2025.147200 4.019615 3.192000 129
2025.149900 4.831413 3.088000 129
2025.152600 8.844993 3.155000 129
2025.155400 4.316347 3.162000 129
2025.158100 -1.435547 3.061000 129
2025.160800 3.361348 3.203000 129
2025.163600 6.505891 3.152000 129
2025.166300 8.307332 3.242000 129
2025.169100 5.666340 3.225000 129
2025.171800 6.087348 3.334000 129
2025.174500 6.645171 3.310000 129
2025.177300 11.791447 3.069000 129
2025.180000 7.586879 3.025000 129
2025.182800 4.853692 3.150000 129
2025.185500 0.130767 3.229000 129
2025.188200 3.946699 3.370000 129
2025.191000 6.647914 3.241000 129
2025.193700 8.898549 3.334000 129
2025.196400 11.715075 3.247000 129
2025.199200 12.866792 3.074000 129
2025.201900 9.826092 3.208000 129
2025.204700 6.392528 3.079000 129
2025.207400 7.212654 3.178000 129
2025.210100 1.748734 3.252000 129
2025.212900 -2.293125 3.386000 129
2025.215600 -0.912134 3.083000 129
2025.218300 -0.095146 3.292000 129
2025.221100 6.877835 3.192000 129
2025.223800 -0.664173 3.116000 129
2025.226600 0.594770 3.070000 129
2025.229300 -2.652170 3.130000 129
2025.232000 -3.286035 3.269000 129
2025.234800 0.669999 3.120000 129
2025.237500 5.756303 3.327000 129
2025.240200 4.474734 3.089000 129
2025.243000 6.353016 3.218000 129
2025.245700 2.298720 3.169000 129
2025.248500 5.813248 3.045000 129
2025.251200 9.454296 3.135000 129
2025.253900 4.746557 3.093000 129
2025.256700 4.865609 3.182000 129
2025.259400 -1.170678 3.100000 129
2025.262100 -0.669698 3.170000 129
2025.264900 1.326044 3.127000 129
2025.267600 1.685584 3.253000 129
2025.270400 0.550870 3.182000 129
2025.273100 -8.796957 3.028000 129
2025.275800 -6.208430 2.909000 129
2025.278600 2.719823 3.139000 129
2025.281300 -4.229911 2.960000 129
2025.284100 -2.158929 3.095000 129
2025.286800 -3.103855 2.989000 129
2025.289500 1.248659 3.099000 129
2025.292300 5.924878 3.248000 129
2025.295000 3.863302 3.217000 129
2025.297700 0.582215 3.036000 129
2025.300500 -1.484176 3.109000 129
2025.303200 7.703744 3.201000 129
2025.306000 3.421355 3.188000 129
2025.308700 5.259345 3.024000 129
2025.311400 7.192899 3.151000 129
2025.314200 4.703142 3.034000 129
2025.316900 9.368854 3.035000 129
2025.349800 -1.320020 3.188000 129
2025.352500 -1.068550 3.155000 129
2025.355200 0.447669 3.103000 129
2025.358000 -3.903436 3.196000 129
2025.360700 5.450293 3.156000 129
2025.363400 3.481794 3.124000 129
2025.366200 3.149967 3.113000 129
2025.368900 3.818020 2.995000 129
2025.371700 3.813741 3.091000 129
2025.374400 3.757370 3.070000 129
2025.377100 1.874798 3.074000 129
2025.379900 4.802887 3.085000 129
2025.382600 0.502919 3.061000 129
2025.385400 -0.699395 3.025000 129
2025.388100 -0.307745 3.220000 129
2025.390800 4.110723 3.267000 129
2025.393600 2.328831 3.367000 129
2025.396300 -0.168067 3.084000 129
2025.399000 -1.315144 3.119000 129
2025.401800 -0.487594 3.185000 129
2025.404500 0.018972 3.127000 129
2025.407300 -3.399848 3.074000 129
2025.410000 3.991361 3.096000 129
2025.412700 2.153396 3.084000 129
2025.415500 -2.061976 3.219000 129
2025.418200 0.922700 3.158000 129
2025.420900 -3.520801 3.250000 129
2025.423700 -5.338732 3.152000 129
2025.426400 -2.472600 3.297000 129
2025.429200 -4.675915 3.015000 129
2025.431900 1.778843 3.066000 129
2025.434600 -1.950586 3.196000 129
2025.437400 1.220510 3.223000 129
2025.440100 -1.612308 3.087000 129
2025.442800 3.199678 3.007000 129
2025.445600 3.096158 3.187000 129
2025.448300 6.094737 3.157000 129
2025.451100 4.923788 3.202000 129
2025.453800 0.941946 3.290000 129
2025.456500 2.987892 3.237000 129
2025.459300 8.021274 3.459000 129
2025.462000 3.865778 3.182000 129
2025.464800 5.410694 3.102000 129
2025.467500 2.811739 3.136000 129
2025.470200 6.194554 3.364000 129
2025.473000 -0.136254 3.049000 129
2025.475700 2.504081 3.054000 129
2025.478400 -1.057824 3.204000 129
2025.481200 -1.991391 3.272000 129
2025.483900 -1.109798 3.158000 129
2025.486700 3.564109 2.920000 129
2025.489400 -0.575811 3.099000 129
2025.492100 0.977012 3.048000 129
2025.494900 1.173111 3.143000 129
2025.497600 3.573403 3.056000 129
2025.500300 3.317432 3.056000 129
2025.503100 6.672698 3.112000 129
2025.505800 3.656183 3.106000 129
2025.508600 -0.524118 2.986000 129
2025.511300 -1.188184 3.121000 129
2025.514000 0.980478 2.979000 129
2025.516800 -3.757678 3.113000 129
2025.519500 2.058429 2.993000 129
2025.522200 -2.674737 3.166000 129
2025.525000 -1.606751 3.054000 129
2025.527700 0.168530 3.093000 129
2025.530500 0.922943 3.088000 129
2025.533200 -4.960325 3.183000 129
2025.535900 -2.377859 3.059000 129
2025.538700 -7.874285 2.971000 129
2025.541400 -6.384355 3.192000 129
2025.544100 -9.385683 3.248000 129
2025.546900 -3.744921 3.083000 129
2025.549600 -2.457762 3.171000 129
2025.552400 -9.298522 3.207000 129
2025.555100 -3.213857 3.113000 129
2025.557800 -0.664426 2.989000 129
2025.560600 -6.261923 2.973000 129
2025.563300 -4.866949 3.134000 129
2025.566100 0.324094 3.175000 129
2025.568800 -2.691359 3.017000 129
2025.571500 -2.844009 2.953000 129
2025.574300 -7.668586 3.084000 129
2025.577000 -1.560611 3.038000 129
2025.579700 -1.770804 3.086000 129
2025.582500 0.759087 3.117000 129
2025.585200 -3.129418 3.108000 129
2025.588000 -2.169825 3.008000 129
2025.590700 -0.254594 3.076000 129
2025.593400 -1.575473 3.101000 129
2025.596200 -0.554228 2.994000 129
2025.598900 -2.569291 3.212000 129
2025.601600 1.297576 3.155000 129
2025.604400 3.720604 3.222000 129
2025.607100 1.119378 3.191000 129
2025.609900 0.202341 3.119000 129
2025.612600 0.242085 3.126000 129
2025.615300 -0.936160 2.986000 129
2025.618100 4.769838 3.273000 129
2025.620800 -1.801330 3.054000 129
2025.623500 -8.208434 3.359000 129
2025.626300 5.075770 3.162000 129
2025.629000 -0.582143 3.215000 129
2025.631800 -0.468700 3.096000 129
2025.634500 1.838659 3.162000 129
2025.637200 -1.136817 3.080000 129
2025.640000 -0.712855 3.123000 129
2025.642700 -1.205931 3.107000 129
2025.645400 -5.390777 3.378000 129
2025.648200 -9.705093 3.357000 129
2025.650900 -5.465404 3.104000 129
2025.653700 -3.194116 3.066000 129
2025.656400 -3.788797 3.183000 129
2025.659100 -1.491133 3.046000 129
2025.661900 -3.507760 3.205000 129
2025.664600 2.558679 3.010000 129
2025.667400 -1.053092 3.128000 129
2025.670100 -0.848778 3.135000 129
2025.672800 4.683003 3.137000 129
2025.675600 1.984703 3.186000 129
2025.678300 -0.973488 3.188000 129
2025.681000 -2.884137 3.185000 129
2025.683800 7.994272 3.162000 129
2025.686500 -1.962194 3.168000 129
2025.689300 2.394495 3.186000 129
2025.692000 2.288317 3.171000 129
2025.694700 3.434810 3.129000 129
2025.697500 2.304612 3.073000 129
2025.700200 1.062549 3.007000 129
2025.702900 0.651234 3.098000 129
2025.705700 3.393391 3.173000 129
2025.708400 1.022678 3.075000 129
2025.711200 1.351549 3.073000 129
2025.713900 2.199540 3.011000 129
2025.716600 -0.704594 3.392000 129
2025.719400 -3.321969 3.114000 129
2025.722100 2.035754 3.137000 129
2025.724800 6.156425 3.010000 129
2025.727600 1.307036 2.975000 129
2025.730300 -1.486288 3.107000 129
2025.733100 4.394453 3.290000 129
2025.735800 1.093230 3.106000 129
2025.738500 -0.276928 3.202000 129
2025.741300 2.929169 3.005000 129
2025.744000 -4.121750 3.109000 129
2025.746700 2.072462 3.272000 129
2025.749500 -3.411878 3.277000 129
2025.752200 -0.428298 3.172000 129
2025.755000 -0.839139 3.190000 129
2025.757700 3.747892 3.283000 129
2025.760400 -3.171845 3.130000 129
2025.763200 -3.596808 3.161000 129
2025.765900 -2.497982 3.205000 129
2025.768700 -4.588249 3.095000 129
2025.771400 1.783212 3.077000 129
2025.774100 -5.538010 3.101000 129
2025.776900 -0.639130 3.167000 129
2025.779600 -6.483623 3.167000 129
2025.782300 -0.517757 2.985000 129
2025.785100 -1.825592 3.300000 129
2025.787800 -2.295915 3.156000 129
2025.790600 -3.206812 3.109000 129
2025.793300 -1.833278 3.100000 129
2025.796000 3.853673 3.177000 129
2025.798800 -3.427759 3.088000 129
2025.801500 -2.704893 3.196000 129
2025.804200 -3.163585 2.989000 129
2025.807000 0.953524 3.099000 129
2025.809700 -2.513211 3.136000 129
2025.812500 -2.250025 3.075000 129
2025.815200 -0.304783 3.071000 129
2025.817900 4.975924 3.026000 129
2025.820700 -0.340273 3.046000 129
2025.823400 -3.250574 3.099000 129
2025.826100 -4.214405 3.163000 129
2025.828900 -1.242975 3.202000 129
2025.831600 -0.952816 3.138000 129
2025.834400 0.259711 3.029000 129
2025.837100 -0.188150 3.061000 129
2025.839800 0.387446 3.102000 129
2025.842600 -1.956440 3.313000 129
2025.845300 2.027106 3.060000 129
2025.848000 1.026090 3.132000 129
2025.850800 1.978731 3.100000 129
2025.853500 -1.881382 3.005000 129
2025.856300 -7.180751 2.980000 129
2025.859000 -7.609002 3.061000 129
2025.861700 -2.475867 3.070000 129
2025.864500 0.949134 3.674000 129
2025.867200 0.370055 3.289000 129
2025.870000 4.636915 3.120000 129
2025.872700 -1.117438 3.012000 129
2025.875400 9.372524 3.063000 129
2025.878200 6.623521 3.094000 129
2025.880900 5.864105 3.156000 129
2025.883600 3.384949 2.980000 129
2025.886400 0.242911 3.137000 129
2025.889100 -2.187742 2.979000 129
2025.891900 -4.037228 2.997000 129
2025.894600 1.587534 3.091000 129
2025.897300 2.569449 3.106000 129
2025.900100 -4.164413 3.091000 129
2025.902800 -4.807227 3.110000 129
2025.905500 -4.725964 3.060000 129
2025.908300 1.363567 3.064000 129
2025.911000 -0.727056 3.337000 129
2025.913800 0.732610 3.040000 129
2025.916500 -1.577011 2.975000 129
2025.919200 3.976307 3.101000 129
2025.922000 1.299932 3.124000 129
2025.924700 -0.772927 3.229000 129
2025.927400 -0.088935 3.186000 129
2025.930200 3.706364 3.140000 129
2025.932900 0.592991 3.212000 129
2025.935700 -2.482082 3.169000 129
2025.938400 -1.895952 3.120000 129
2025.941100 1.565866 3.146000 129
2025.943900 -1.975038 3.260000 129
2025.946600 -1.552920 3.257000 129
2025.949300 0.144785 3.164000 129
2025.952100 0.069729 3.232000 129
2025.954800 1.576524 3.130000 129
2025.957600 5.188523 3.148000 129
2025.960300 2.364263 3.218000 129
2025.963000 5.272414 3.085000 129
2025.965800 6.480706 3.079000 129
2025.968500 11.546583 3.028000 129
2025.971300 4.615552 2.975000 129
2025.974000 2.479007 3.058000 129
2025.976700 0.891692 3.083000 129
2025.979500 3.819382 3.053000 129
2025.982200 -0.673579 2.990000 129
2025.984900 -0.510420 3.213000 129
2025.987700 3.390647 2.930000 129
2025.990400 -3.958062 2.995000 129
2025.993200 -4.250936 3.025000 129
2025.995900 -3.811663 3.046000 129
2025.998600 -2.304452 2.957000 129
2026.001400 0.010476 2.981000 129
2026.004100 -0.044551 2.959000 129
2026.006800 -0.993749 3.089000 129
2026.009600 3.766644 3.168000 129
2026.012300 0.323992 3.083000 129
2026.015100 -0.055161 3.037000 129
2026.017800 3.005590 3.043000 129
2026.020500 6.033997 3.126000 129
2026.023300 -1.161240 3.052000 129
2026.026000 -3.817638 3.101000 129
2026.028700 -8.037480 3.133000 129
2026.031500 -3.593116 3.120000 129
2026.034200 -0.072962 3.069000 129
2026.037000 -4.788706 3.149000 129
2026.039700 -3.843685 3.193000 129
2026.042400 -2.320266 3.076000 129
2026.045200 -1.317906 2.982000 129
2026.047900 -0.438804 3.122000 129
2026.050700 -2.973872 3.424000 129
2026.053400 -3.694205 3.620000 129
2026.056100 -2.933283 3.631000 129
2026.058900 1.914301 3.171000 129
2026.061600 2.865622 3.164000 129
2026.064300 4.221119 3.094000 129
2026.067100 3.170108 3.247000 129
2026.069800 0.057852 3.143000 129
2026.072600 -2.009028 3.230000 129
2026.075300 -0.221133 3.209000 129
2026.078000 -1.656179 3.368000 129
2026.080800 -3.318019 3.214000 129
2026.083500 -2.500044 3.157000 129
2026.086200 0.031930 3.202000 129
2026.089000 3.022936 3.060000 129
2026.091700 -1.146185 3.025000 129
2026.094500 -2.710388 3.061000 129
2026.097200 -1.285674 3.275000 129
2026.099900 0.755953 2.987000 129
2026.102700 -1.106670 3.073000 129
2026.105400 -1.892298 3.137000 129
2026.108100 4.352947 3.144000 129
2026.110900 3.419775 3.037000 129
2026.113600 -2.583312 3.313000 129
2026.116400 0.377076 2.981000 129
2026.119100 5.348616 3.081000 129
2026.121800 5.696978 3.135000 129
2026.124600 9.510655 3.187000 129
2026.127300 12.203594 3.179000 129
2026.130000 14.788333 3.055000 129
2026.132800 12.155236 3.068000 129
2026.135500 13.165518 3.054000 129
2026.138300 10.222864 2.926000 129
2026.141000 7.130674 2.959000 129
2026.143700 4.255268 3.084000 129
2026.146500 0.013783 3.010000 129
2026.149200 1.049896 3.034000 129
2026.152000 10.040839 3.006000 129
2026.154700 2.129473 3.134000 129
2026.157400 -0.360106 3.157000 129
2026.160200 3.144013 3.129000 129
2026.162900 3.975969 3.056000 129
2026.165600 5.763721 2.958000 129
2026.168400 3.584050 3.104000 129
2026.171100 2.527367 3.136000 129
2026.173900 7.284182 3.051000 129
2026.176600 5.967088 3.194000 129
2026.179300 3.546823 3.189000 129
2026.182100 3.348947 3.146000 129
2026.184800 3.828320 2.993000 129
2026.187500 0.075548 3.020000 129
2026.190300 0.485066 3.063000 129
2026.193000 -0.627009 2.982000 129
2026.195800 -0.999854 3.000000 129
2026.198500 5.915815 3.072000 129
2026.201200 -2.146605 2.926000 129
2026.204000 0.562119 3.098000 129
2026.206700 -0.996481 2.989000 129
2026.209400 0.223868 3.002000 129
2026.212200 -0.482715 2.965000 129
2026.214900 -1.516461 2.954000 129
2026.217700 -2.230187 3.060000 129
2026.220400 -0.022969 3.015000 129
2026.223100 1.548273 3.008000 129
2026.225900 -1.503528 3.087000 129
2026.228600 -4.918226 3.079000 129
2026.231300 0.315147 3.027000 129
2026.234100 -4.466576 2.978000 129
2026.236800 -1.542043 2.903000 129
