2013.927400 34.113900 4.892000 0
2013.930200 25.116839 5.033000 0
2013.932900 21.766353 4.917000 0
2013.935700 21.273758 5.695000 0
2013.938400 30.616648 5.467000 0
2013.941100 23.939254 5.324000 0
2013.943900 22.057208 4.870000 0
2013.946600 26.040492 4.785000 0
2013.949300 26.853634 4.865000 0
2013.952100 26.282589 4.942000 0
2013.954800 26.954691 4.710000 0
2013.957600 21.501919 4.831000 0
2013.960300 24.509156 4.850000 0
2013.963000 18.829466 4.737000 0
2013.965800 22.503369 4.986000 0
2013.968500 33.003052 5.102000 0
2013.971300 26.732642 4.972000 0
2013.974000 20.898845 5.125000 0
2013.976700 16.979297 4.682000 0
2013.979500 18.601119 4.977000 0
2013.982200 19.832281 4.903000 0
2013.984900 22.040779 4.982000 0
2013.987700 19.683104 4.775000 0
2013.990400 16.529472 4.835000 0
2013.993200 25.683969 4.945000 0
2013.995900 18.856295 5.066000 0
2013.998600 22.274065 5.034000 0
2014.001400 15.315405 4.959000 0
2014.004100 22.512236 5.048000 0
2014.006800 20.580553 4.908000 0
2014.009600 16.894869 4.712000 0
2014.012300 22.296315 4.801000 0
2014.015100 22.374039 4.830000 0
2014.017800 14.308639 4.755000 0
2014.020500 12.643754 4.895000 0
2014.023300 13.403549 5.309000 0
2014.026000 13.747824 4.959000 0
2014.028700 18.577608 8.840000 0
2014.094500 27.913474 5.002000 0
2014.097200 17.090836 5.545000 0
2014.099900 16.855892 5.443000 0
2014.102700 23.191217 5.645000 0
2014.105400 16.437587 5.530000 0
2014.108100 20.464476 5.429000 0
2014.110900 23.594738 5.375000 0
2014.113600 19.097576 5.268000 0
2014.116400 15.496835 6.490000 0
2014.157400 21.524731 9.437000 0
2014.160200 18.784203 5.103000 0
2014.162900 25.202701 4.948000 0
2014.165600 24.371215 4.896000 0
2014.168400 26.383886 5.367000 0
2014.171100 12.554227 5.198000 0
2014.173900 21.063622 5.423000 0
2014.176600 24.430462 5.760000 0
2014.179300 25.385919 5.304000 0
2014.182100 19.045254 5.259000 0
2014.184800 14.620721 4.894000 0
2014.187500 22.510564 4.862000 0
2014.190300 33.293084 5.033000 0
2014.193000 22.144450 5.240000 0
2014.195800 19.133343 5.169000 0
2014.198500 25.268906 5.900000 0
2014.201200 21.142447 4.731000 0
2014.204000 25.221274 5.249000 0
2014.206700 29.124535 5.329000 0
2014.209400 27.465541 4.931000 0
2014.212200 23.061568 5.053000 0
2014.214900 25.773824 5.181000 0
2014.217700 18.077912 5.132000 0
2014.220400 24.070109 5.007000 0
2014.223100 31.916675 4.958000 0
2014.225900 22.567779 5.107000 0
2014.228600 24.815839 5.111000 0
2014.231300 21.228054 4.741000 0
2014.234100 28.339494 4.860000 0
2014.236800 19.164774 5.231000 0
2014.239600 18.794062 5.348000 0
2014.242300 22.982129 4.867000 0
2014.245000 27.684010 4.738000 0
2014.247800 17.652568 6.413000 0
2014.250500 28.254841 5.857000 0
2014.253300 32.208561 5.158000 0
2014.256000 32.523973 5.676000 0
2014.258700 35.213891 5.415000 0
2014.261500 35.850909 5.861000 0
2014.264200 32.337611 5.393000 0
2014.266900 26.694651 4.828000 0
2014.269700 25.744436 5.095000 0
2014.272400 26.777930 5.360000 0
2014.275200 24.127931 5.327000 0
2014.277900 31.681674 5.000000 0
2014.280600 29.678504 5.458000 0
2014.283400 20.785483 5.186000 0
2014.286100 40.167280 5.142000 0
2014.288800 28.461034 5.403000 0
2014.291600 20.570577 4.975000 0
2014.294300 22.143046 5.281000 0
2014.297100 27.933066 4.872000 0
2014.299800 25.575098 4.917000 0
2014.302500 28.209900 4.871000 0
2014.305300 33.622900 4.987000 0
2014.308000 22.824065 4.959000 0
2014.310700 30.403910 5.097000 0
2014.313500 29.684603 5.092000 0
2014.316200 29.979641 4.852000 0
2014.319000 25.627298 5.606000 0
2014.321700 23.348433 5.396000 0
2014.324400 42.163131 5.801000 0
2014.327200 22.565111 5.235000 0
2014.329900 24.042788 4.769000 0
2014.332600 32.735977 4.802000 0
2014.335400 24.195124 4.856000 0
2014.338100 24.869206 4.910000 0
2014.340900 33.271033 4.667000 0
2014.343600 33.169966 5.035000 0
2014.346300 30.391361 4.819000 0
2014.349100 38.200194 5.249000 0
2014.351800 21.043403 5.516000 0
2014.354600 21.268852 4.892000 0
2014.357300 24.017865 4.828000 0
2014.360000 26.868329 5.127000 0
2014.362800 25.465748 5.115000 0
2014.365500 25.679025 5.136000 0
2014.368200 21.182763 5.175000 0
2014.371000 23.938185 4.700000 0
2014.373700 28.367771 5.330000 0
2014.376500 31.150869 4.964000 0
2014.379200 17.168340 5.107000 0
2014.381900 34.660316 5.055000 0
2014.384700 32.884558 5.017000 0
2014.387400 24.284493 5.090000 0
2014.390100 35.945974 5.210000 0
2014.392900 42.717491 5.080000 0
2014.395600 43.477025 5.237000 0
2014.398400 35.608450 5.038000 0
2014.401100 34.336110 5.381000 0
2014.403800 39.365408 5.247000 0
2014.406600 27.828391 5.470000 0
2014.409300 26.872939 5.574000 0
2014.412000 19.365190 5.163000 0
2014.414800 34.577935 5.121000 0
2014.417500 45.747576 5.426000 0
2014.420300 33.713593 5.233000 0
2014.423000 29.827724 5.345000 0
2014.425700 43.313680 4.960000 0
2014.428500 35.875846 5.493000 0
2014.431200 33.992452 5.264000 0
2014.433900 47.979963 5.244000 0
2014.436700 43.210531 5.995000 0
2014.439400 47.019859 5.994000 0
2014.442200 42.268149 5.626000 0
2014.444900 36.061410 5.819000 0
2014.447600 30.340717 5.829000 0
2014.450400 35.841855 5.367000 0
2014.453100 38.055273 5.318000 0
2014.455900 26.443438 5.623000 0
2014.458600 35.693085 5.816000 0
2014.461300 26.288925 5.112000 0
2014.464100 34.598399 5.657000 0
2014.466800 37.953648 5.406000 0
2014.469500 40.135177 5.161000 0
2014.472300 34.560236 5.410000 0
2014.475000 31.536352 5.286000 0
2014.477800 35.430933 5.849000 0
2014.480500 49.061752 6.917000 0
2014.483200 37.263996 6.417000 0
2014.486000 49.613614 6.885000 0
2014.488700 33.284732 6.103000 0
2014.491400 22.096358 5.588000 0
2014.494200 29.195272 6.087000 0
2014.496900 29.641937 5.655000 0
2014.499700 26.053837 5.678000 0
2014.502400 28.966648 5.552000 0
2014.505100 25.229094 5.421000 0
2014.507900 34.908698 5.831000 0
2014.510600 38.138441 5.719000 0
2014.513300 48.635891 6.132000 0
2014.516100 40.840424 6.548000 0
2014.518800 29.679309 6.194000 0
2014.521600 41.846229 5.958000 0
2014.524300 36.786637 5.967000 0
2014.527000 44.977860 5.853000 0
2014.529800 40.996045 5.955000 0
2014.532500 38.662911 6.165000 0
2014.535200 48.870647 5.667000 0
2014.538000 48.028273 5.734000 0
2014.540700 54.585760 5.703000 0
2014.543500 55.473088 6.728000 0
2014.546200 36.631390 6.199000 0
2014.548900 39.469642 5.342000 0
2014.551700 41.432660 7.005000 0
2014.554400 45.034813 5.783000 0
2014.557200 36.357680 5.661000 0
2014.559900 43.146783 6.126000 0
2014.562600 31.421895 5.482000 0
2014.565400 35.628644 5.161000 0
2014.568100 43.480770 5.440000 0
2014.570800 32.898933 5.888000 0
2014.573600 36.919650 5.997000 0
2014.576300 32.268876 5.665000 0
2014.579100 43.055598 5.526000 0
2014.581800 37.977913 5.397000 0
2014.584500 37.291298 5.604000 0
2014.587300 40.451090 5.839000 0
2014.590000 41.588593 5.589000 0
2014.592700 37.071178 5.519000 0
2014.595500 38.344076 5.390000 0
2014.598200 42.570797 6.746000 0
2014.601000 37.643767 6.669000 0
2014.603700 34.460631 5.404000 0
2014.606400 26.861585 5.582000 0
2014.609200 48.259686 5.321000 0
2014.611900 41.882785 5.408000 0
2014.614600 30.948973 5.446000 0
2014.617400 36.846204 5.311000 0
2014.620100 27.691531 5.612000 0
2014.622900 35.036830 5.308000 0
2014.625600 32.331290 6.990000 0
2014.633800 58.178889 10.397000 0
2014.636600 29.056332 5.600000 0
2014.639300 44.687097 5.094000 0
2014.642000 40.714927 5.886000 0
2014.644800 41.397428 5.431000 0
2014.647500 48.419345 5.801000 0
2014.650200 37.481319 5.794000 0
2014.653000 37.156847 5.424000 0
2014.655700 36.503889 5.636000 0
2014.658500 37.177408 5.466000 0
2014.661200 45.263506 5.419000 0
2014.663900 36.766647 5.362000 0
2014.666700 40.386148 5.286000 0
2014.669400 36.696330 5.533000 0
2014.672100 36.633549 5.543000 0
2014.674900 27.652014 5.666000 0
2014.677600 29.560265 5.968000 0
2014.680400 34.335689 5.344000 0
2014.683100 29.548970 5.348000 0
2014.685800 30.212284 5.647000 0
2014.688600 33.154664 6.078000 0
2014.691300 46.554012 5.324000 0
2014.694000 26.372398 5.532000 0
2014.696800 39.009748 5.440000 0
2014.699500 32.400183 5.631000 0
2014.702300 28.130518 5.287000 0
2014.705000 19.371018 6.025000 0
2014.707700 35.475577 5.629000 0
2014.710500 32.772946 5.795000 0
2014.713200 35.811606 5.769000 0
2014.715900 29.767346 5.898000 0
2014.718700 39.618818 5.588000 0
2014.721400 33.599711 5.417000 0
2014.724200 40.162288 5.364000 0
2014.726900 35.233378 5.395000 0
2014.729600 38.243601 5.673000 0
2014.732400 29.656450 5.328000 0
2014.735100 25.042950 5.922000 0
2014.737900 29.162044 5.901000 0
2014.740600 38.664885 5.974000 0
2014.743300 42.983938 5.790000 0
2014.746100 40.378551 5.627000 0
2014.748800 30.001057 5.644000 0
2014.751500 32.809834 6.140000 0
2014.754300 37.862154 6.608000 0
2014.757000 37.294517 5.350000 0
2014.759800 34.549421 5.405000 0
2014.762500 35.681469 5.778000 0
2014.765200 39.513913 5.479000 0
2014.768000 33.288910 5.507000 0
2014.770700 29.779207 5.533000 0
2014.773400 37.688986 6.196000 0
2014.778900 26.730174 5.949000 0
2014.781700 36.006619 6.151000 0
2014.784400 25.019621 5.905000 0
2014.787100 30.457274 5.950000 0
2014.789900 35.816624 5.960000 0
2014.792600 28.875683 5.631000 0
2014.795300 36.335509 5.510000 0
2014.798100 32.175126 5.297000 0
2014.800800 24.887603 5.801000 0
2014.803600 35.566948 5.722000 0
2014.806300 28.678252 5.962000 0
2014.809000 32.915538 5.460000 0
2014.811800 21.356828 5.813000 0
2014.814500 36.529219 5.579000 0
2014.817200 34.563734 5.635000 0
2014.820000 25.130412 5.743000 0
2014.822700 28.757329 5.759000 0
2014.825500 33.712532 6.352000 0
2014.828200 27.518059 5.404000 0
2014.830900 19.982964 6.256000 0
2014.833700 28.947359 5.571000 0
2014.836400 8.393199 5.576000 0
2014.839200 26.924678 5.850000 0
2014.841900 28.057678 5.709000 0
2014.844600 25.049331 6.256000 0
2014.847400 19.258870 7.196000 0
2014.850100 33.262029 6.181000 0
2014.852800 28.560015 5.938000 0
2014.855600 24.224157 5.609000 0
2014.858300 28.878005 6.098000 0
2014.861100 33.289206 5.919000 0
2014.863800 18.202162 6.319000 0
2014.866500 26.171243 5.878000 0
2014.869300 19.437987 5.807000 0
2014.872000 21.356545 5.845000 0
2014.874700 33.975410 5.874000 0
2014.877500 25.053271 6.503000 0
2014.880200 30.096987 5.958000 0
2014.883000 16.276935 5.534000 0
2014.885700 21.724753 5.723000 0
2014.888400 28.825186 6.441000 0
2014.891200 29.728220 6.155000 0
2014.893900 36.273129 5.823000 0
2014.896600 26.043836 5.936000 0
2014.899400 24.231533 5.952000 0
2014.902100 26.771088 5.655000 0
2014.904900 28.946902 5.514000 0
2014.907600 24.120550 5.680000 0
2014.910300 24.280297 5.431000 0
2014.913100 23.789719 5.680000 0
2014.915800 27.399918 5.653000 0
2014.918500 27.785388 5.855000 0
2014.921300 24.854965 5.485000 0
2014.924000 26.561236 6.267000 0
2014.926800 17.371910 6.122000 0
2014.929500 17.708207 5.834000 0
2014.932200 21.176052 5.808000 0
2014.935000 19.480749 5.789000 0
2014.937700 25.702943 5.927000 0
2014.940500 19.661296 5.688000 0
2014.943200 20.919046 5.625000 0
2014.945900 19.096597 5.730000 0
2014.948700 21.504767 5.662000 0
2014.951400 24.427163 5.393000 0
2014.954100 38.242497 5.733000 0
2014.956900 31.441917 6.620000 0
2014.959600 15.516364 5.788000 0
2014.962400 16.811210 6.008000 0
2014.965100 12.812936 6.180000 0
2014.967800 13.342800 5.822000 0
2014.970600 20.936530 5.718000 0
2014.973300 28.246896 5.612000 0
2014.976000 16.073502 6.295000 0
2014.978800 23.768440 6.415000 0
2014.981500 22.428741 5.811000 0
2014.984300 20.148682 5.550000 0
2014.987000 8.671791 6.359000 0
2014.989700 9.721279 5.482000 0
2014.992500 5.630859 5.726000 0
2014.995200 17.440295 5.560000 0
2014.997900 11.682170 5.356000 0
2015.000700 16.961579 6.244000 0
2015.003400 12.930508 5.639000 0
2015.006200 16.026261 6.503000 0
2015.008900 11.785296 6.111000 0
2015.011600 5.380832 5.293000 0
2015.014400 8.736613 5.895000 0
2015.017100 8.808300 5.786000 0
2015.019800 2.797504 5.706000 0
2015.022600 3.503354 5.888000 0
2015.025300 4.778718 5.660000 0
2015.028100 3.989989 5.780000 0
2015.030800 4.286499 6.207000 0
2015.033500 8.203506 5.645000 0
2015.036300 6.939789 5.636000 0
2015.039000 15.232887 6.302000 0
2015.041800 9.460497 5.677000 0
2015.044500 12.011629 5.656000 0
2015.047200 12.667188 5.775000 0
2015.050000 12.428588 5.462000 0
2015.052700 21.304064 5.865000 0
2015.055400 17.207900 5.742000 0
2015.058200 3.750880 5.621000 0
2015.060900 7.451477 6.004000 0
2015.063700 14.388407 5.499000 0
2015.066400 26.693641 5.757000 0
2015.069100 21.902083 6.338000 0
2015.071900 13.942114 5.574000 0
2015.074600 9.696977 5.630000 0
2015.077300 -0.266066 5.781000 0
2015.080100 11.933704 5.866000 0
2015.082800 19.271832 5.297000 0
2015.085600 19.609907 5.697000 0
2015.088300 8.321019 6.433000 0
2015.091000 4.874996 5.781000 0
2015.093800 6.961092 5.634000 0
2015.096500 5.790747 5.978000 0
2015.099200 8.309110 5.788000 0
2015.102000 10.948732 5.660000 0
2015.104700 12.142438 5.616000 0
2015.107500 15.754478 5.901000 0
2015.110200 19.750287 5.822000 0
2015.112900 6.411509 5.690000 0
2015.115700 11.250147 5.880000 0
2015.118400 9.294090 5.808000 0
2015.121100 22.444254 5.588000 0
2015.123900 18.101883 5.577000 0
2015.126600 7.086363 5.971000 0
2015.129400 15.159322 6.244000 0
2015.132100 13.869835 6.086000 0
2015.134800 11.838221 6.177000 0
2015.137600 9.824080 6.256000 0
2015.140300 18.164060 5.700000 0
2015.143100 24.285490 6.008000 0
2015.145800 7.475761 5.928000 0
2015.148500 11.273534 6.506000 0
2015.151300 14.208694 6.378000 0
2015.154000 20.022294 6.266000 0
2015.156700 6.944165 5.958000 0
2015.159500 9.926330 5.886000 0
2015.162200 10.331552 5.842000 0
2015.165000 9.813987 6.643000 0
2015.167700 26.049237 6.229000 0
2015.170400 17.040364 6.476000 0
2015.173200 12.389558 6.453000 0
2015.175900 7.055226 6.670000 0
2015.178600 13.039530 5.799000 0
2015.181400 14.782730 6.090000 0
2015.184100 14.644086 6.462000 0
2015.186900 10.193207 6.778000 0
2015.189600 8.594288 6.449000 0
2015.192300 17.642604 6.603000 0
2015.195100 16.812469 7.447000 0
2015.197800 15.814025 6.203000 0
2015.200500 11.497579 6.165000 0
2015.203300 18.766441 6.740000 0
2015.206000 20.983754 6.212000 0
2015.208800 12.055202 6.742000 0
2015.211500 17.734958 7.020000 0
2015.214200 12.502326 6.998000 0
2015.217000 16.234552 9.492000 0
2015.227900 23.222205 6.092000 0
2015.230700 23.561830 6.589000 0
2015.233400 13.652339 5.888000 0
2015.236100 14.154880 5.967000 0
2015.238900 10.881459 6.380000 0
2015.241600 12.628822 6.546000 0
2015.244400 11.034001 6.666000 0
2015.247100 20.118917 6.678000 0
2015.249800 15.560536 6.362000 0
2015.252600 9.617632 6.711000 0
2015.255300 23.310421 6.314000 0
2015.258000 10.957732 6.006000 0
2015.260800 18.057173 6.483000 0
2015.263500 15.268296 6.283000 0
2015.266300 18.985313 6.399000 0
2015.269000 14.450024 6.876000 0
2015.271700 16.137981 6.382000 0
2015.274500 19.252475 5.822000 0
2015.277200 25.431707 6.076000 0
2015.279900 27.322037 6.289000 0
2015.282700 19.141547 6.429000 0
2015.285400 21.269867 6.328000 0
2015.288200 16.793126 6.740000 0
2015.290900 15.527263 6.387000 0
2015.293600 29.415286 6.078000 0
2015.296400 32.396889 6.490000 0
2015.299100 31.407494 6.391000 0
2015.301800 23.891878 5.983000 0
2015.304600 23.073488 6.062000 0
2015.307300 27.256251 5.728000 0
2015.310100 21.859005 6.045000 0
2015.312800 12.610027 6.352000 0
2015.315500 23.693682 5.704000 0
2015.318300 20.210986 7.206000 0
2015.321000 27.049750 6.267000 0
2015.323800 23.134935 5.912000 0
2015.326500 19.707723 6.242000 0
2015.329200 22.297043 6.097000 0
2015.332000 20.596454 5.613000 0
2015.334700 31.814699 5.734000 0
2015.337400 33.796433 5.776000 0
2015.340200 23.118940 6.054000 0
2015.342900 32.568530 6.450000 0
2015.345700 21.235685 6.922000 0
2015.348400 21.183101 5.972000 0
2015.351100 31.119971 6.021000 0
2015.353900 25.539105 5.637000 0
2015.356600 33.546780 6.444000 0
2015.359300 24.903905 6.211000 0
2015.362100 23.638008 6.450000 0
2015.364800 22.078944 6.057000 0
2015.367600 26.270676 6.672000 0
2015.370300 39.640443 6.152000 0
2015.373000 22.222683 5.990000 0
2015.375800 24.942456 6.467000 0
2015.378500 36.154575 6.158000 0
2015.381200 27.164197 6.605000 0
2015.384000 38.770106 6.039000 0
2015.386700 29.157678 5.630000 0
2015.389500 32.712381 5.967000 0
2015.392200 32.108965 5.920000 0
2015.394900 27.779125 6.096000 0
2015.397700 41.787193 5.873000 0
2015.400400 26.431470 6.008000 0
2015.403100 30.994378 5.888000 0
2015.405900 22.204988 5.873000 0
2015.408600 27.984136 5.738000 0
2015.411400 31.574857 6.060000 0
2015.414100 27.300335 5.555000 0
2015.416800 17.348557 5.890000 0
2015.419600 22.189170 5.716000 0
2015.422300 14.133869 6.154000 0
2015.425100 31.255846 7.002000 0
2015.427800 29.873128 5.720000 0
2015.430500 29.919282 5.654000 0
2015.433300 19.912554 6.905000 0
2015.436000 18.722454 6.076000 0
2015.438700 38.233308 5.928000 0
2015.441500 25.867136 5.912000 0
2015.444200 27.046908 5.796000 0
2015.447000 23.142564 6.044000 0
2015.449700 21.787372 6.434000 0
2015.452400 20.739277 5.774000 0
2015.455200 19.059942 6.481000 0
2015.457900 30.498062 6.037000 0
2015.460600 32.038367 6.085000 0
2015.463400 27.367317 6.101000 0
2015.466100 32.261015 5.768000 0
2015.468900 33.160287 5.873000 0
2015.471600 29.683499 6.239000 0
2015.474300 25.683042 5.782000 0
2015.477100 22.687059 6.324000 0
2015.479800 29.158291 6.388000 0
2015.482500 29.207941 6.811000 0
2015.485300 20.660972 6.014000 0
2015.488000 33.959482 6.285000 0
2015.490800 33.427316 7.960000 0
2015.493500 29.801799 6.310000 0
2015.496200 19.475834 6.339000 0
2015.499000 34.235112 6.177000 0
2015.501700 30.576280 5.734000 0
2015.504400 35.521078 5.834000 0
2015.507200 22.653040 6.078000 0
2015.509900 34.313121 5.695000 0
2015.512700 23.360316 6.180000 0
2015.515400 27.536776 5.790000 0
2015.518100 26.441983 5.771000 0
2015.520900 24.587230 6.252000 0
2015.523600 28.004949 5.755000 0
2015.526400 26.062659 5.789000 0
2015.529100 16.028974 5.935000 0
2015.531800 39.335136 5.698000 0
2015.534600 31.386217 6.224000 0
2015.537300 33.127086 5.788000 0
2015.540000 26.499856 6.276000 0
2015.542800 25.257473 5.970000 0
2015.545500 38.819050 6.032000 0
2015.548300 44.367424 5.950000 0
2015.551000 43.624868 5.705000 0
2015.553700 33.250285 5.936000 0
2015.556500 36.710423 5.825000 0
2015.559200 31.985784 5.674000 0
2015.561900 38.026152 5.435000 0
2015.564700 28.551163 6.397000 0
2015.567400 47.318540 6.401000 0
2015.570200 34.851505 6.083000 0
2015.572900 33.195925 5.720000 0
2015.575600 41.595396 6.363000 0
2015.578400 30.455370 6.197000 0
2015.581100 36.151927 5.509000 0
2015.583800 35.892553 6.077000 0
2015.586600 36.771593 6.333000 0
2015.589300 27.600335 5.746000 0
2015.592100 42.137430 5.906000 0
2015.594800 38.284302 5.701000 0
2015.597500 35.523260 5.925000 0
2015.600300 38.882475 6.084000 0
2015.603000 44.427575 6.160000 0
2015.605700 52.144765 5.760000 0
2015.608500 47.918111 6.252000 0
2015.611200 33.669446 5.497000 0
2015.614000 39.704869 5.954000 0
2015.616700 35.338347 5.751000 0
2015.619400 47.710911 6.645000 0
2015.622200 41.017456 5.960000 0
2015.624900 31.972155 5.933000 0
2015.627700 40.672760 6.149000 0
2015.630400 43.695583 6.175000 0
2015.633100 37.207481 5.486000 0
2015.635900 49.452174 5.768000 0
2015.638600 35.187180 5.818000 0
2015.641300 31.644253 6.285000 0
2015.644100 46.056006 6.381000 0
2015.646800 30.592167 6.622000 0
2015.649600 38.323932 6.511000 0
2015.652300 37.672169 5.472000 0
2015.655000 34.646458 5.600000 0
2015.657800 54.913233 6.145000 0
2015.660500 47.022579 5.916000 0
2015.663200 36.411968 5.902000 0
2015.666000 47.414728 6.061000 0
2015.668700 36.258160 6.478000 0
2015.671500 39.929886 5.873000 0
2015.674200 45.592354 6.355000 0
2015.676900 34.906855 6.076000 0
2015.679700 33.397539 6.391000 0
2015.682400 37.550071 6.264000 0
2015.685100 33.243635 5.805000 0
2015.687900 36.218275 5.624000 0
2015.690600 39.517873 6.114000 0
2015.693400 30.475476 6.250000 0
2015.696100 39.291116 5.734000 0
2015.698800 35.464799 5.620000 0
2015.701600 31.313389 5.609000 0
2015.704300 30.470134 5.579000 0
2015.707000 32.485936 5.613000 0
2015.709800 32.685556 5.382000 0
2015.712500 34.916457 5.995000 0
2015.715300 36.176120 5.695000 0
2015.718000 34.447150 5.890000 0
2015.720700 27.337276 6.446000 0
2015.723500 22.406092 6.273000 0
2015.726200 38.868408 5.897000 0
2015.729000 36.894373 5.738000 0
2015.731700 23.682932 5.773000 0
2015.734400 39.913648 6.079000 0
2015.737200 39.503961 5.689000 0
2015.739900 33.529010 5.646000 0
2015.742600 34.391265 6.211000 0
2015.745400 31.268083 6.636000 0
2015.748100 31.565781 6.348000 0
2015.750900 37.441026 5.908000 0
2015.753600 35.360252 6.354000 0
2015.759100 37.056868 11.714000 0
2015.761800 26.958078 5.549000 0
2015.764500 37.461676 5.681000 0
2015.767300 31.205826 5.917000 0
2015.770000 41.708262 6.123000 0
2015.772800 32.562270 5.847000 0
2015.775500 34.386667 5.516000 0
2015.778200 35.568602 5.925000 0
2015.781000 32.469157 6.037000 0
2015.783700 35.187255 5.980000 0
2015.786400 38.356995 5.993000 0
2015.789200 29.865424 5.823000 0
2015.791900 33.321550 5.843000 0
2015.794700 20.904424 5.607000 0
2015.797400 26.114097 5.840000 0
2015.800100 29.824609 6.877000 0
2015.802900 23.038978 6.205000 0
2015.805600 30.892294 6.027000 0
2015.808400 25.531554 6.422000 0
2015.811100 35.829858 5.954000 0
2015.813800 28.879225 5.873000 0
2015.816600 26.278687 6.397000 0
2015.819300 23.719331 5.636000 0
2015.822000 35.810185 6.061000 0
2015.824800 23.046309 6.023000 0
2015.827500 20.068746 5.920000 0
2015.830300 21.273586 6.462000 0
2015.833000 21.169822 6.212000 0
2015.835700 29.750530 6.553000 0
2015.838500 13.892859 8.430000 0
2015.841200 17.131698 6.961000 0
2015.843900 13.088176 7.323000 0
2015.860400 27.914660 6.082000 0
2015.863100 21.260334 6.359000 0
2015.865800 27.887117 6.378000 0
2015.868600 16.988536 6.371000 0
2015.871300 22.224765 6.181000 0
2015.874100 24.641849 6.361000 0
2015.885000 21.923062 7.043000 0
2015.887700 18.943070 6.469000 0
2015.890500 15.171647 6.303000 0
2015.893200 22.630100 6.335000 0
2015.896000 17.807379 6.086000 0
2015.898700 18.519527 6.879000 0
2015.901400 0.167578 7.827000 0
2015.904200 19.896854 6.399000 0
2015.906900 12.889968 6.095000 0
2015.909700 22.412583 7.739000 0
2015.915100 19.911620 7.252000 0
2015.920600 11.182441 6.663000 0
2015.923300 9.930089 5.934000 0
2015.926100 7.500101 6.078000 0
2015.928800 9.825746 6.309000 0
2015.931600 5.842055 6.350000 0
2015.934300 12.940918 6.122000 0
2015.937000 12.862420 6.784000 0
2015.945200 9.335893 6.478000 0
2015.948000 2.957293 6.857000 0
2015.950700 3.117935 7.733000 0
2015.953500 16.702470 6.891000 0
2015.961700 8.578796 6.569000 0
2015.964400 8.977714 6.389000 0
2015.967100 9.663760 6.302000 0
2015.972600 10.368164 7.278000 0
2015.975400 32.726833 7.907000 0
2015.978100 15.235982 7.395000 0
2015.980800 12.025425 7.958000 0
2015.983600 6.681468 6.870000 0
2015.986300 17.118705 7.341000 0
2015.989000 22.039315 7.521000 0
2015.991800 5.843978 6.698000 0
2015.994500 -2.948475 6.987000 0
2015.997300 4.447425 6.928000 0
2016.000000 -3.996014 6.538000 0
2016.002700 11.388014 6.655000 0
2016.005500 12.566830 6.639000 0
2016.008200 10.932958 6.513000 0
2016.011000 3.143157 6.576000 0
2016.013700 6.383422 6.879000 0
2016.016400 5.168199 7.202000 0
2016.019200 15.508458 6.853000 0
2016.021900 17.475396 6.697000 0
2016.024600 4.429849 6.572000 0
2016.027400 7.597176 6.760000 0
2016.030100 4.977778 6.635000 0
2016.032900 0.526505 6.620000 0
2016.035600 9.827226 6.597000 0
2016.038300 10.016424 6.606000 0
2016.041100 19.015105 6.282000 0
2016.043800 5.210346 6.642000 0
2016.046500 9.312018 6.123000 0
2016.049300 5.788505 6.034000 0
2016.052000 9.016105 6.514000 0
2016.054800 16.375728 6.424000 0
2016.057500 5.467159 6.549000 0
2016.060200 6.518902 6.187000 0
2016.063000 2.193955 6.119000 0
2016.065700 8.394352 6.651000 0
2016.071200 5.447147 6.868000 0
2016.073900 6.828202 7.223000 0
2016.076700 8.718981 6.890000 0
2016.079400 14.714315 6.604000 0
2016.082100 18.169668 6.384000 0
2016.084900 9.580951 7.171000 0
2016.087600 21.400312 7.245000 0
2016.090300 21.143551 6.794000 0
2016.093100 9.922896 7.503000 0
2016.095800 12.993840 6.534000 0
2016.098600 6.118990 6.547000 0
2016.101300 2.163421 6.681000 0
2016.104000 12.050460 7.372000 0
2016.106800 20.256825 7.076000 0
2016.109500 11.293998 7.063000 0
2016.112300 14.844557 7.257000 0
2016.115000 2.541613 6.807000 0
2016.117700 2.057970 6.635000 0
2016.120500 9.261776 6.607000 0
2016.123200 -3.426379 7.575000 0
2016.125900 19.188567 7.406000 0
2016.128700 8.188992 6.858000 0
2016.131400 4.596007 6.556000 0
2016.136900 12.363296 6.772000 0
2016.139600 19.445836 6.651000 0
2016.142400 12.462828 6.683000 0
2016.147800 8.103089 6.798000 0
2016.150600 6.630873 6.806000 0
2016.153300 10.054131 6.724000 0
2016.156100 10.214724 7.150000 0
2016.158800 14.765531 7.470000 0
2016.169700 11.590554 6.963000 0
2016.175200 9.397032 6.852000 0
2016.178000 13.229492 6.965000 0
2016.186200 18.323500 7.515000 0
2016.194400 -0.933400 7.373000 0
2016.197100 6.167143 6.759000 0
2016.202600 9.851596 6.859000 0
2016.205300 10.784959 7.057000 0
2016.208100 18.113477 7.680000 0
2016.216300 4.703155 6.903000 0
2016.221800 10.164832 7.082000 0
2016.230000 12.209370 7.172000 0
2016.240900 15.225437 8.196000 0
2016.246400 26.101178 7.988000 0
2016.251900 13.539607 7.009000 0
2016.254600 17.777770 7.109000 0
2016.260100 22.868329 8.068000 0
2016.262800 31.363872 7.727000 0
2016.265600 21.945337 6.968000 0
2016.268300 38.626494 7.276000 0
2016.271000 15.113911 7.116000 0
2016.276500 16.336612 7.939000 0
2016.282000 2.505477 7.636000 0
2016.284700 16.267318 6.966000 0
2016.287500 21.765127 7.006000 0
2016.295700 14.967566 7.164000 0
2016.303900 23.212923 7.601000 0
2016.309400 21.954660 6.587000 0
2016.320300 38.344902 7.225000 0
2016.323100 17.841744 7.815000 0
2016.325800 32.760169 7.986000 0
2016.334000 17.034105 7.250000 0
2016.353200 42.757187 7.730000 0
2016.355900 25.480523 7.400000 0
2016.361400 26.442098 6.771000 0
2016.364100 27.118693 6.700000 0
2016.366900 25.559108 6.991000 0
2016.372300 25.111425 7.693000 0
2016.375100 36.275875 7.335000 0
2016.377800 28.325643 7.509000 0
2016.383300 1.854487 7.601000 0
2016.386000 32.636699 6.757000 0
2016.391500 29.208276 7.566000 0
2016.405200 21.957430 7.102000 0
2016.410700 16.717516 7.272000 0
2016.416200 27.508116 7.219000 0
2016.421600 36.371868 6.882000 0
2016.424400 27.128429 7.143000 0
2016.429800 28.940970 7.198000 0
2016.438100 32.524708 6.876000 0
2016.462700 31.608116 8.249000 0
2016.468200 22.555000 6.852000 0
2016.470900 36.157649 7.622000 0
2016.473600 23.403622 7.200000 0
2016.484600 26.919228 7.015000 0
2016.512000 44.787255 7.654000 0
2016.514700 29.584044 7.203000 0
2016.520200 41.494149 7.268000 0
2016.522900 20.730181 7.592000 0
2016.531100 25.790284 7.181000 0
2016.550300 39.416007 9.073000 0
2016.555800 35.992099 7.611000 0
2016.558500 30.192719 7.174000 0
2016.561300 51.105014 7.209000 0
2016.566700 27.502246 7.360000 0
2016.583200 38.639131 7.286000 0
2016.607800 25.797475 7.351000 0
2016.637900 35.442201 7.778000 0
2016.670800 38.668911 6.900000 0
2016.673500 38.464628 7.166000 0
2016.684500 20.907007 8.131000 0
2016.695400 38.664419 7.744000 0
2016.700900 27.422195 7.696000 0
2016.709100 32.092104 7.913000 0
2016.711800 17.744245 7.154000 0
2016.714600 13.043155 6.848000 0
2016.750200 23.686896 6.848000 0
2016.752900 24.260305 6.653000 0
2016.758400 27.616273 6.966000 0
2016.774800 32.525950 7.124000 0
2016.788500 46.440205 7.062000 0
2016.802200 26.520004 7.874000 0
2016.804900 34.524335 7.120000 0
2016.807700 39.823598 7.804000 0
2016.824100 21.857107 7.814000 0
2016.829600 28.376195 6.688000 0
2016.835000 26.996898 6.842000 0
2016.846000 27.473218 6.753000 0
2016.859700 24.062184 7.112000 0
2016.862400 34.212580 7.080000 0
2016.898000 27.237648 7.491000 0
2016.919900 16.495077 8.140000 0
2016.939100 7.458970 7.755000 0
2016.985600 16.332846 7.433000 0
2016.988400 19.841079 7.857000 0
2016.991100 16.934328 7.138000 0
2016.996600 10.704961 7.103000 0
2016.999300 17.188626 6.942000 0
2017.002100 18.822899 7.369000 0
2017.004800 12.604633 7.601000 0
2017.018500 13.493647 7.615000 0
2017.048600 23.740649 8.595000 0
2017.076000 13.704585 7.690000 0
2017.081500 17.564523 8.860000 0
2017.119800 5.696212 7.884000 0
2017.130700 15.808307 7.249000 0
2017.133500 16.488301 7.849000 0
2017.136200 15.178630 7.417000 0
2017.138900 16.547724 7.609000 0
2017.141700 5.780275 8.943000 0
2017.144400 10.134737 7.893000 0
2017.169100 9.993027 7.648000 0
2017.185500 19.189816 7.516000 0
2017.196400 19.923264 8.206000 0
2017.201900 19.168743 7.575000 0
2017.207400 13.622732 7.688000 0
2017.218300 -26.353640 5.745000 0
2017.221100 -57.742290 4.107000 0
2017.223800 -61.590900 4.059000 0
2017.229300 -49.357149 4.002000 0
2017.234800 -61.459982 4.331000 0
2017.240200 -54.721026 4.097000 0
2017.243000 -37.607210 4.463000 0
2017.248500 -57.577435 3.814000 0
2017.253900 -23.325979 4.584000 0
2017.259400 -48.226620 4.619000 0
2017.264900 -57.489753 4.392000 0
2017.270400 -49.655837 4.313000 0
2017.275800 -61.719610 3.865000 0
2017.278600 -59.342054 3.923000 0
2017.281300 -60.891726 4.126000 0
2017.284100 -56.901282 3.826000 0
2017.286800 -55.054010 4.167000 0
2017.289500 -52.701793 3.844000 0
2017.292300 -54.218816 4.140000 0
2017.295000 -52.869904 3.978000 0
2017.297700 -58.172161 5.982000 0
2017.300500 -53.160014 3.833000 0
2017.303200 -55.801795 4.024000 0
2017.306000 -53.990409 3.449000 0
2017.308700 -55.965842 3.525000 0
2017.311400 -54.278603 3.655000 0
2017.314200 -45.323545 3.674000 0
2017.316900 -47.826126 3.781000 0
2017.319600 -44.384109 3.664000 0
2017.322400 -37.067612 3.795000 0
2017.325100 -42.062550 3.782000 0
2017.330600 -54.174200 3.536000 0
2017.336100 -42.391186 3.635000 0
2017.341500 -48.530854 3.996000 0
2017.347000 -42.827598 3.939000 0
2017.352500 -47.685902 3.892000 0
2017.355200 -44.868905 3.852000 0
2017.358000 -50.517787 4.161000 0
2017.360700 -54.136984 4.302000 0
2017.363400 -55.035729 3.808000 0
2017.368900 -51.136551 3.870000 0
2017.371700 -55.141808 3.743000 0
2017.374400 -50.503875 4.262000 0
2017.377100 -41.814457 4.114000 0
2017.379900 -60.264630 4.309000 0
2017.382600 -58.126298 4.058000 0
2017.385400 -60.665721 4.205000 0
2017.388100 -52.299424 4.272000 0
2017.390800 -44.198576 4.482000 0
2017.393600 -49.318711 3.865000 0
2017.396300 -44.104802 4.278000 0
2017.399000 -46.774290 4.382000 0
2017.401800 -47.125974 4.028000 0
2017.404500 -43.445286 4.935000 0
2017.407300 -47.637929 4.194000 0
2017.410000 -46.837978 4.270000 0
2017.412700 -51.398320 4.092000 0
2017.415500 -46.358182 4.177000 0
2017.418200 -52.984121 4.192000 0
2017.420900 -44.478280 3.998000 0
2017.423700 -33.095134 4.221000 0
2017.426400 -49.116737 4.133000 0
2017.429200 -42.762145 4.084000 0
2017.431900 -58.030085 4.080000 0
2017.434600 -48.202113 3.981000 0
2017.437400 -47.266096 4.113000 0
2017.440100 -40.312292 4.020000 0
2017.442800 -45.113492 4.198000 0
2017.445600 -48.606786 4.124000 0
2017.448300 -39.530980 4.290000 0
2017.451100 -43.571354 4.110000 0
2017.453800 -42.196423 4.584000 0
2017.456500 -35.212351 4.348000 0
2017.459300 -46.723579 4.566000 0
2017.464800 -42.484201 3.672000 0
2017.467500 -38.090402 3.713000 0
2017.470200 -44.565314 3.960000 0
2017.473000 -34.997703 3.979000 0
2017.475700 -35.538014 3.689000 0
2017.478400 -47.762950 3.585000 0
2017.481200 -54.614459 3.594000 0
2017.486700 -44.329413 3.609000 0
2017.489400 -46.351684 3.723000 0
2017.492100 -48.225441 3.525000 0
2017.494900 -51.239917 3.574000 0
2017.497600 -47.799621 3.856000 0
2017.500300 -53.024732 3.575000 0
2017.503100 -52.781642 3.508000 0
2017.505800 -45.592545 3.573000 0
2017.508600 -51.675297 3.701000 0
2017.511300 -50.943892 3.565000 0
2017.514000 -34.618773 3.684000 0
2017.516800 -45.210578 3.883000 0
2017.519500 -42.254013 3.590000 0
2017.522200 -28.883668 3.485000 0
2017.525000 -44.370320 3.416000 0
2017.527700 -49.487401 3.964000 0
2017.530500 -40.472527 3.689000 0
2017.533200 -53.288956 3.642000 0
2017.535900 -32.985509 3.646000 0
2017.538700 -41.485180 3.424000 0
2017.541400 -41.914974 3.500000 0
2017.544100 -40.355844 3.557000 0
2017.546900 -45.263905 3.598000 0
2017.549600 -47.690924 3.516000 0
2017.552400 -35.094182 3.686000 0
2017.555100 -45.882293 3.615000 0
2017.557800 -44.730413 3.553000 0
2017.560600 -40.489851 3.780000 0
2017.563300 -53.350994 3.845000 0
2017.566100 -41.398507 3.561000 0
2017.568800 -42.532632 3.611000 0
2017.571500 -45.220716 3.660000 0
2017.574300 -37.972255 3.581000 0
2017.577000 -44.722274 3.596000 0
2017.579700 -48.867232 3.502000 0
2017.582500 -40.910730 3.477000 0
2017.585200 -39.351585 3.588000 0
2017.588000 -42.919042 3.664000 0
2017.590700 -45.237777 3.703000 0
2017.593400 -35.393430 3.543000 0
2017.596200 -42.719778 3.455000 0
2017.598900 -47.933293 3.737000 0
2017.601600 -51.379720 3.483000 0
2017.604400 -46.512940 3.666000 0
2017.607100 -46.923223 3.647000 0
2017.609900 -47.211366 3.649000 0
2017.612600 -43.382503 3.454000 0
2017.615300 -45.763552 3.570000 0
2017.618100 -46.379566 3.759000 0
2017.620800 -37.086476 4.127000 0
2017.623500 -46.361302 3.552000 0
2017.626300 -42.062202 3.609000 0
2017.629000 -49.104901 3.911000 0
2017.631800 -45.089749 3.722000 0
2017.634500 -38.829331 3.507000 0
2017.637200 -42.508842 3.528000 0
2017.640000 -46.950615 3.642000 0
2017.642700 -49.138028 3.431000 0
2017.645400 -62.836378 3.752000 0
2017.648200 -40.331106 3.514000 0
2017.650900 -44.571378 3.414000 0
2017.653700 -45.328105 3.549000 0
2017.656400 -48.916309 3.634000 0
2017.659100 -48.789468 3.709000 0
2017.661900 -41.241197 4.044000 0
2017.664600 -44.904306 3.691000 0
2017.667400 -48.501062 3.664000 0
2017.670100 -51.889130 3.732000 0
2017.672800 -48.846162 3.551000 0
2017.675600 -47.437956 3.316000 0
2017.678300 -53.069956 3.561000 0
2017.681000 -55.702923 3.619000 0
2017.683800 -49.122762 3.589000 0
2017.686500 -52.137698 3.928000 0
2017.689300 -48.146578 3.277000 0
2017.692000 -50.017479 3.381000 0
2017.694700 -50.196342 3.530000 0
2017.697500 -40.980249 3.615000 0
2017.700200 -40.019062 3.768000 0
2017.702900 -39.096825 3.766000 0
2017.705700 -45.931727 3.737000 0
2017.708400 -46.396411 3.466000 0
2017.711200 -45.898292 3.294000 0
2017.713900 -54.507871 3.515000 0
2017.716600 -44.035369 3.593000 0
2017.719400 -42.672141 3.454000 0
2017.722100 -49.966480 3.507000 0
2017.724800 -40.927707 3.553000 0
2017.727600 -40.582276 3.523000 0
2017.730300 -47.067275 3.552000 0
2017.733100 -47.953654 3.380000 0
2017.735800 -44.152368 3.433000 0
2017.738500 -39.712902 3.487000 0
2017.741300 -46.914858 3.591000 0
2017.744000 -47.084006 3.420000 0
2017.746700 -46.338919 3.366000 0
2017.749500 -49.391282 3.464000 0
2017.752200 -51.069690 3.575000 0
2017.755000 -50.324556 3.330000 0
2017.757700 -46.060366 3.671000 0
2017.760400 -51.311828 3.492000 0
2017.763200 -42.444746 3.522000 0
2017.765900 -37.485455 3.578000 0
2017.768700 -43.496608 3.302000 0
2017.771400 -37.338449 3.580000 0
2017.774100 -53.374799 3.519000 0
2017.776900 -48.417557 3.385000 0
2017.779600 -52.694848 3.514000 0
2017.782300 -52.590551 3.514000 0
2017.785100 -48.130602 3.503000 0
2017.787800 -54.562033 3.651000 0
2017.790600 -49.301761 3.520000 0
2017.793300 -51.966766 3.373000 0
2017.796000 -49.112994 3.556000 0
2017.798800 -47.919421 3.564000 0
2017.801500 -49.201976 3.471000 0
2017.804200 -47.138627 3.589000 0
2017.807000 -41.022358 3.709000 0
2017.809700 -55.880069 3.372000 0
2017.812500 -50.126764 3.489000 0
2017.815200 -47.281345 3.426000 0
2017.817900 -42.809791 3.564000 0
2017.820700 -40.844057 3.717000 0
2017.823400 -54.565075 3.529000 0
2017.826100 -46.779806 3.401000 0
2017.828900 -45.577169 3.401000 0
2017.831600 -48.515157 3.368000 0
2017.834400 -47.576638 3.606000 0
2017.837100 -46.616663 3.587000 0
2017.839800 -52.249133 3.591000 0
2017.842600 -49.705864 3.444000 0
2017.845300 -48.786033 3.364000 0
2017.848000 -47.236477 3.503000 0
2017.850800 -51.456925 3.591000 0
2017.853500 -55.241716 3.599000 0
2017.856300 -55.426326 3.711000 0
2017.859000 -55.411223 3.680000 0
2017.861700 -56.974100 3.511000 0
2017.864500 -49.556500 3.486000 0
2017.870000 -54.301045 3.399000 0
2017.872700 -54.086154 3.555000 0
2017.875400 -55.212940 3.517000 0
2017.878200 -62.257700 4.306000 0
2017.880900 19.121397 3.612000 0
2017.883600 19.369001 3.522000 0
2017.886400 17.037987 3.659000 0
2017.889100 17.244849 3.590000 0
2017.891900 9.239343 3.644000 0
2017.894600 12.551713 3.522000 0
2017.897300 22.377896 3.457000 0
2017.900100 16.291103 3.366000 0
2017.902800 13.189165 3.368000 0
2017.905500 15.787221 3.340000 0
2017.908300 12.557708 3.290000 0
2017.911000 17.128008 3.430000 0
2017.913800 6.309020 3.605000 0
2017.916500 14.627802 3.462000 0
2017.919200 13.386871 3.420000 0
2017.922000 12.376084 3.321000 0
2017.924700 13.452982 3.443000 0
2017.927400 16.853334 3.565000 0
2017.930200 5.159273 3.421000 0
2017.932900 9.226787 3.703000 0
2017.935700 68.452192 4.710000 0
2017.938400 26.101083 3.553000 0
2017.941100 9.946688 3.374000 0
2017.943900 7.411642 3.326000 0
2017.946600 12.394926 3.355000 0
2017.949300 16.555068 3.380000 0
2017.952100 13.827023 3.453000 0
2017.954800 13.858125 3.798000 0
2017.957600 15.603353 3.558000 0
2017.960300 9.766590 3.602000 0
2017.963000 17.756900 3.685000 0
2017.965800 15.813803 3.719000 0
2017.968500 12.253486 3.433000 0
2017.971300 16.546076 3.338000 0
2017.974000 16.944279 3.574000 0
2017.976700 8.832731 3.567000 0
2017.979500 12.566553 3.276000 0
2017.982200 8.286715 3.439000 0
2017.984900 5.225213 3.476000 0
2017.987700 3.184538 3.552000 0
2017.990400 7.039906 3.315000 0
2017.993200 6.498403 3.436000 0
2017.995900 9.987729 3.313000 0
2017.998600 7.180499 3.482000 0
2018.001400 0.507840 3.222000 0
2018.004100 -1.173330 3.436000 0
2018.006800 7.843987 3.428000 0
2018.009600 8.282304 3.377000 0
2018.012300 3.381749 3.511000 0
2018.015100 8.838474 3.460000 0
2018.017800 10.248073 3.531000 0
2018.020500 8.467188 3.835000 0
2018.023300 7.782983 3.413000 0
2018.026000 16.048258 3.353000 0
2018.028700 9.426042 3.442000 0
2018.031500 16.420889 3.364000 0
2018.034200 6.913801 3.306000 0
2018.037000 -0.147980 3.453000 0
2018.039700 1.738017 3.363000 0
2018.042400 -0.593529 3.501000 0
2018.045200 0.579577 3.402000 0
2018.047900 3.194021 3.394000 0
2018.050700 5.159334 3.374000 0
2018.053400 7.368683 3.480000 0
2018.056100 11.728385 3.445000 0
2018.058900 12.610257 3.561000 0
2018.061600 11.059706 3.397000 0
2018.064300 5.908422 3.458000 0
2018.067100 3.021580 3.305000 0
2018.069800 9.787848 3.542000 0
2018.072600 12.012725 3.554000 0
2018.075300 6.730394 3.363000 0
2018.078000 7.526146 3.454000 0
2018.080800 2.897730 3.412000 0
2018.083500 5.879630 3.278000 0
2018.086200 10.511480 3.511000 0
2018.089000 8.621352 3.449000 0
2018.091700 3.603064 3.538000 0
2018.094500 13.533908 3.619000 0
2018.097200 8.816270 3.494000 0
2018.099900 13.084326 3.566000 0
2018.102700 8.503651 3.966000 0
2018.105400 8.034021 3.480000 0
2018.108100 1.774911 3.520000 0
2018.110900 9.597172 3.544000 0
2018.113600 -0.165990 3.702000 0
2018.116400 6.760269 3.382000 0
2018.119100 0.957794 3.511000 0
2018.121800 6.023522 3.630000 0
2018.124600 5.110719 3.543000 0
2018.127300 5.562728 3.518000 0
2018.130000 9.584735 3.690000 0
2018.132800 8.532223 3.549000 0
2018.135500 8.656083 3.612000 0
2018.138300 9.884413 3.560000 0
2018.141000 6.268830 3.531000 0
2018.143700 7.960881 3.476000 0
2018.146500 1.279358 3.868000 0
2018.149200 7.478509 3.779000 0
2018.152000 15.094040 3.726000 0
2018.154700 3.330977 3.907000 0
2018.157400 1.846165 3.691000 0
2018.160200 8.685637 3.629000 0
2018.162900 1.385135 3.775000 0
2018.165600 3.344650 3.669000 0
2018.168400 0.195320 3.786000 0
2018.171100 3.125661 3.708000 0
2018.173900 3.948056 3.458000 0
2018.176600 4.737897 3.711000 0
2018.179300 11.106353 3.614000 0
2018.182100 9.046689 3.616000 0
2018.184800 11.498155 3.368000 0
2018.187500 11.417998 3.423000 0
2018.190300 7.401518 3.509000 0
2018.193000 12.501884 3.535000 0
2018.195800 5.925777 3.480000 0
2018.198500 4.237340 3.447000 0
2018.201200 7.214881 3.382000 0
2018.204000 18.077709 3.528000 0
2018.206700 12.231969 3.473000 0
2018.209400 10.078975 3.728000 0
2018.212200 15.907002 3.553000 0
2018.214900 11.263258 3.461000 0
2018.220400 8.415543 3.457000 0
2018.223100 9.993109 3.333000 0
2018.225900 12.347213 3.514000 0
2018.228600 10.487273 3.354000 0
2018.231300 7.352488 3.443000 0
2018.234100 12.202929 3.284000 0
2018.236800 7.526208 3.572000 0
2018.239600 18.351496 3.519000 0
2018.242300 11.485563 3.360000 0
2018.245000 10.354444 3.343000 0
2018.247800 11.449002 3.301000 0
2018.250500 18.031275 3.198000 0
2018.253300 15.308995 3.412000 0
2018.256000 8.929407 3.412000 0
2018.258700 15.545325 3.442000 0
2018.261500 13.861343 3.488000 0
2018.264200 13.291045 3.658000 0
2018.266900 15.602085 3.274000 0
2018.269700 15.767870 3.311000 0
2018.272400 13.027364 3.349000 0
2018.275200 11.009365 3.229000 0
2018.277900 20.521108 3.548000 0
2018.280600 17.748938 3.494000 0
2018.283400 20.718917 3.562000 0
2018.286100 16.423714 3.467000 0
2018.288800 14.172468 3.402000 0
2018.291600 14.780012 3.531000 0
2018.294300 19.091480 3.497000 0
2018.297100 8.358500 3.338000 0
2018.299800 8.358532 3.308000 0
2018.302500 10.974335 3.290000 0
2018.305300 19.311334 3.495000 0
2018.308000 10.891499 3.457000 0
2018.310700 13.410344 3.367000 0
2018.313500 13.838037 3.330000 0
2018.316200 14.666076 3.330000 0
2018.319000 16.254732 3.661000 0
2018.321700 11.963868 3.316000 0
2018.324400 13.270565 3.343000 0
2018.327200 -55.773455 3.698000 0
2018.329900 -57.813778 3.522000 0
2018.332600 -55.424589 3.445000 0
2018.335400 -50.630442 3.502000 0
2018.338100 -57.204360 3.580000 0
2018.340900 -53.056533 3.655000 0
2018.343600 -53.867600 3.291000 0
2018.346300 -51.684205 3.119000 0
2018.349100 -10.969372 3.526000 0
2018.351800 21.244837 3.474000 0
2018.354600 -54.116714 3.408000 0
2018.357300 -55.588701 3.510000 0
2018.360000 -50.469237 3.248000 0
2018.362800 -52.427818 3.555000 0
2018.365500 -48.266541 3.585000 0
2018.368200 -51.581803 3.424000 0
2018.371000 -38.387380 3.512000 0
2018.373700 -32.123795 3.914000 0
2018.376500 -49.448697 3.794000 0
2018.379200 -49.853226 4.229000 0
2018.381900 -18.735250 3.873000 0
2018.384700 -45.332008 3.654000 0
2018.387400 -14.657073 3.538000 0
2018.390100 -45.492592 3.630000 0
2018.392900 -48.355075 3.574000 0
2018.395600 -51.569541 3.506000 0
2018.398400 -44.612116 3.598000 0
2018.401100 -43.769456 3.457000 0
2018.403800 -45.503158 3.450000 0
2018.406600 -48.563175 3.533000 0
2018.409300 -54.702627 3.513000 0
2018.412000 -45.742376 3.476000 0
2018.414800 -50.112631 3.592000 0
2018.417500 -48.335990 3.574000 0
2018.420300 -47.719973 3.684000 0
2018.423000 -47.716842 3.335000 0
2018.425700 -53.452886 3.625000 0
2018.428500 -46.523720 3.471000 0
2018.431200 -49.610114 3.532000 0
2018.433900 -56.001603 3.555000 0
2018.436700 -51.076035 3.450000 0
2018.439400 -48.739707 3.504000 0
2018.442200 -40.503417 3.521000 0
2018.444900 -62.112156 3.511000 0
2018.447600 -48.334849 3.605000 0
2018.450400 -49.300710 3.518000 0
2018.453100 -47.115293 3.407000 0
2018.455900 -51.064127 3.495000 0
2018.458600 -50.666481 3.542000 0
2018.461300 -48.654641 3.485000 0
2018.464100 -42.640167 3.407000 0
2018.466800 -45.001918 3.670000 0
2018.469500 -53.281389 3.621000 0
2018.472300 -49.714329 3.442000 0
2018.475000 -47.942214 3.588000 0
2018.477800 -46.447633 3.389000 0
2018.480500 -48.948814 3.415000 0
2018.483200 -51.488570 3.546000 0
2018.486000 -51.346952 3.501000 0
2018.488700 -49.686834 3.555000 0
2018.491400 -49.786208 3.605000 0
2018.494200 -44.928294 3.498000 0
2018.496900 -55.737629 3.610000 0
2018.499700 -53.621729 3.625000 0
2018.502400 -43.374918 3.556000 0
2018.505100 -53.843471 3.761000 0
2018.507900 -61.200867 3.327000 0
2018.510600 -41.467125 3.638000 0
2018.513300 -53.813675 3.644000 0
2018.516100 -51.944142 3.480000 0
2018.518800 -50.903257 3.498000 0
2018.521600 -53.384337 3.572000 0
2018.524300 -54.948929 3.733000 0
2018.527000 -50.260706 3.584000 0
2018.529800 -42.079521 3.502000 0
2018.532500 -49.017655 3.678000 0
2018.535200 -49.403918 3.864000 0
2018.538000 -58.616293 3.656000 0
2018.540700 -49.846806 3.696000 0
2018.543500 -48.502478 3.511000 0
2018.546200 -46.025175 3.371000 0
2018.548900 -46.869923 3.564000 0
2018.551700 -41.329906 3.473000 0
2018.554400 -38.144753 3.345000 0
2018.557200 -41.553886 3.583000 0
2018.559900 -46.322783 3.767000 0
2018.562600 -41.063671 3.395000 0
2018.565400 -44.602922 3.461000 0
2018.568100 -40.388796 3.368000 0
2018.570800 -37.983633 3.491000 0
2018.573600 -45.647916 3.565000 0
2018.576300 -44.711690 3.648000 0
2018.579100 -51.627968 3.827000 0
2018.581800 -43.384653 3.630000 0
2018.584500 -34.551268 3.656000 0
2018.587300 -48.536476 3.804000 0
2018.590000 -2.095973 3.480000 0
2018.592700 -53.944388 3.607000 0
2018.595500 -48.538490 3.593000 0
2018.598200 -46.453769 3.565000 0
2018.601000 -41.126799 3.479000 0
2018.603700 -49.240935 3.563000 0
2018.606400 -44.118981 3.442000 0
2018.609200 -57.364880 3.375000 0
2018.611900 -51.380781 3.497000 0
2018.614600 -38.050593 3.382000 0
2018.617400 -52.172362 3.594000 0
2018.620100 -44.914034 3.568000 0
2018.622900 -49.181736 3.744000 0
2018.625600 -51.384276 3.601000 0
2018.628300 -51.756736 3.503000 0
2018.631100 -37.099335 3.492000 0
2018.633800 -45.180677 3.493000 0
2018.636600 -55.299234 3.706000 0
2018.639300 -46.487469 3.416000 0
2018.642000 -46.458639 3.520000 0
2018.644800 -41.727138 3.314000 0
2018.647500 -43.077221 3.440000 0
2018.650200 -38.344247 3.508000 0
2018.653000 -42.283719 3.419000 0
2018.655700 -42.957677 3.392000 0
2018.658500 -41.208158 3.470000 0
2018.661200 -43.862060 3.241000 0
2018.663900 -45.065919 3.466000 0
2018.666700 -47.494418 3.329000 0
2018.669400 -45.388235 3.494000 0
2018.672100 -54.753017 3.529000 0
2018.674900 -17.708551 3.549000 0
2018.677600 23.245699 3.362000 0
2018.680400 -44.350877 3.588000 0
2018.683100 -44.324596 3.440000 0
2018.685800 -47.862282 3.419000 0
2018.688600 -36.691902 3.517000 0
2018.691300 -41.702554 3.357000 0
2018.694000 -49.356167 3.620000 0
2018.696800 -49.037817 3.476000 0
2018.699500 -44.293382 3.313000 0
2018.702300 -48.861048 3.618000 0
2018.705000 -48.387548 3.548000 0
2018.707700 -41.176989 3.341000 0
2018.710500 -44.958620 3.413000 0
2018.713200 -50.731959 3.479000 0
2018.715900 -47.747220 3.556000 0
2018.718700 -49.753748 3.326000 0
2018.721400 -46.118855 3.683000 0
2018.724200 -55.283278 3.728000 0
2018.726900 -44.611188 3.386000 0
2018.729600 -44.114965 3.398000 0
2018.732400 -47.728116 3.360000 0
2018.735100 -43.969616 3.517000 0
2018.737900 -49.286522 3.348000 0
2018.740600 -44.681681 3.340000 0
2018.743300 -52.085628 3.306000 0
2018.746100 -55.406015 3.269000 0
2018.748800 -48.914509 3.446000 0
2018.751500 -46.610732 3.503000 0
2018.754300 -52.684412 3.386000 0
2018.757000 -50.517049 3.375000 0
2018.759800 -50.189145 3.308000 0
2018.762500 -54.796097 3.419000 0
2018.765200 -50.083653 3.671000 0
2018.768000 -54.103655 3.410000 0
2018.770700 -50.653359 3.659000 0
2018.773400 -52.864580 3.589000 0
2018.776200 -53.309213 3.420000 0
2018.778900 -46.620392 3.255000 0
2018.781700 -48.351947 3.514000 0
2018.784400 -41.730945 3.346000 0
2018.787100 -43.933291 3.510000 0
2018.789900 -48.908942 3.766000 0
2018.792600 -53.319883 3.387000 0
2018.795300 -54.804057 3.341000 0
2018.798100 -56.564440 3.299000 0
2018.800800 -56.515963 3.325000 0
2018.803600 -57.347618 3.183000 0
2018.806300 -53.836314 3.506000 0
2018.809000 10.835972 3.466000 0
2018.811800 6.072262 3.454000 0
2018.814500 18.191653 3.381000 0
2018.817200 20.881168 3.208000 0
2018.820000 16.056846 3.252000 0
2018.822700 16.483763 3.481000 0
2018.825500 10.518966 3.774000 0
2018.828200 17.599493 3.408000 0
2018.830900 25.103398 3.591000 0
2018.833700 12.752793 3.592000 0
2018.836400 14.217633 3.369000 0
2018.839200 13.081112 3.374000 0
2018.841900 8.158112 3.653000 0
2018.844600 13.157765 3.436000 0
2018.847400 17.033304 3.420000 0
2018.850100 12.057463 3.512000 0
2018.852800 13.407449 3.426000 0
2018.855600 7.105591 3.323000 0
2018.858300 4.929440 3.305000 0
2018.861100 5.041640 3.411000 0
2018.863800 0.969596 3.634000 0
2018.866500 7.985677 3.376000 0
2018.869300 3.836421 3.258000 0
2018.872000 9.137979 3.291000 0
2018.874700 8.629844 3.517000 0
2018.877500 6.930706 3.373000 0
2018.880200 6.521421 3.343000 0
2018.883000 5.009369 3.462000 0
2018.885700 6.679187 3.475000 0
2018.888400 1.059620 3.259000 0
2018.891200 5.642654 3.525000 0
2018.893900 10.754563 3.421000 0
2018.896600 14.379271 3.554000 0
2018.899400 12.246967 3.834000 0
2018.902100 14.563522 3.349000 0
2018.904900 11.521337 3.468000 0
2018.907600 9.816985 3.490000 0
2018.910300 9.319731 3.426000 0
2018.913100 11.279153 3.652000 0
2018.915800 11.854352 3.733000 0
2018.918500 12.467822 3.532000 0
2018.921300 15.241399 3.408000 0
2018.924000 9.602670 3.504000 0
2018.926800 6.641344 3.272000 0
2018.929500 4.958641 3.465000 0
2018.932200 7.238486 3.497000 0
2018.935000 -1.020817 3.557000 0
2018.937700 5.801377 3.706000 0
2018.940500 5.309730 3.494000 0
2018.943200 1.006480 3.410000 0
2018.945900 8.800031 3.519000 0
2018.948700 0.545201 3.407000 0
2018.951400 3.703598 3.503000 0
2018.954100 5.964931 3.322000 0
2018.956900 4.688351 3.419000 0
2018.959600 3.788798 3.282000 0
2018.962400 5.089644 3.317000 0
2018.965100 3.130370 3.545000 0
2018.967800 8.449234 3.372000 0
2018.970600 13.196964 3.395000 0
2018.973300 8.336330 3.215000 0
2018.976000 1.960937 3.428000 0
2018.978800 -1.198126 3.300000 0
2018.981500 4.547176 3.295000 0
2018.984300 5.683116 3.581000 0
2018.987000 5.903225 3.766000 0
2018.989700 5.962713 3.791000 0
2018.992500 -1.389707 3.583000 0
2018.995200 1.723729 3.577000 0
2018.997900 6.143604 3.866000 0
2019.000700 1.851013 3.596000 0
2019.003400 -2.674058 3.764000 0
2019.006200 -0.119304 3.342000 0
2019.008900 2.259730 3.313000 0
2019.011600 2.069266 3.376000 0
2019.014400 -2.909953 3.326000 0
2019.017100 -4.902265 3.399000 0
2019.019800 -8.699062 3.511000 0
2019.022600 -1.224211 3.418000 0
2019.025300 -2.403847 3.495000 0
2019.028100 -2.982577 3.614000 0
2019.030800 -0.539067 3.490000 0
2019.033500 -0.730060 3.293000 0
2019.036300 -8.301777 3.490000 0
2019.039000 -6.329679 3.259000 0
2019.041800 -0.131069 3.313000 0
2019.044500 -4.781937 3.398000 0
2019.047200 3.533622 3.439000 0
2019.050000 -1.311978 3.446000 0
2019.052700 -2.579502 3.309000 0
2019.055400 -2.999666 3.312000 0
2019.058200 0.157314 3.461000 0
2019.060900 -4.002089 3.525000 0
2019.063700 0.531841 3.287000 0
2019.066400 -3.306925 3.358000 0
2019.069100 -4.879483 3.489000 0
2019.071900 -1.704452 3.360000 0
2019.074600 0.588411 3.366000 0
2019.077300 -2.731632 3.295000 0
2019.080100 1.728139 3.301000 0
2019.082800 1.875266 3.565000 0
2019.085600 -4.346659 3.334000 0
2019.088300 2.983453 3.459000 0
2019.091000 1.519430 3.316000 0
2019.093800 2.470526 3.368000 0
2019.096500 0.432181 3.542000 0
2019.099200 3.996544 3.266000 0
2019.102000 4.367166 3.483000 0
2019.104700 -4.496128 3.454000 0
2019.107500 -6.199088 3.363000 0
2019.110200 -2.737279 3.349000 0
2019.112900 -1.869057 3.511000 0
2019.115700 -0.490419 3.669000 0
2019.118400 -1.976475 3.475000 0
2019.121100 6.628688 3.468000 0
2019.123900 6.941317 3.462000 0
2019.126600 5.860797 3.317000 0
2019.129400 2.798756 3.404000 0
2019.132100 -3.870731 3.395000 0
2019.134800 -6.670345 3.553000 0
2019.137600 9.924514 3.687000 0
2019.140300 10.634494 3.474000 0
2019.143100 -7.892076 3.558000 0
2019.145800 -1.487805 3.480000 0
2019.148500 -6.060032 3.389000 0
2019.151300 -4.146872 3.274000 0
2019.154000 -4.134272 3.405000 0
2019.156700 -6.717401 3.366000 0
2019.159500 -2.231236 3.671000 0
2019.162200 -4.639014 3.468000 0
2019.165000 -3.159579 3.465000 0
2019.167700 -0.500329 3.681000 0
2019.170400 -6.212202 3.369000 0
2019.173200 -8.933008 3.497000 0
2019.175900 -10.011340 3.349000 0
2019.178600 -3.636036 3.428000 0
2019.181400 -1.022836 3.311000 0
2019.184100 0.295520 3.427000 0
2019.186900 1.866641 3.514000 0
2019.189600 0.021722 3.602000 0
2019.192300 2.245039 3.420000 0
2019.195100 3.979903 3.472000 0
2019.197800 2.324459 3.576000 0
2019.200500 0.339013 3.397000 0
2019.203300 -3.496125 3.333000 0
2019.206000 -2.393811 3.198000 0
2019.208800 -1.334364 3.223000 0
2019.211500 -2.036608 3.363000 0
2019.214200 0.501760 3.303000 0
2019.217000 3.772986 3.241000 0
2019.219700 2.801334 3.345000 0
2019.222500 2.868344 3.334000 0
2019.225200 3.915371 3.388000 0
2019.227900 0.170639 3.467000 0
2019.230700 -0.713736 3.318000 0
2019.233400 -3.475227 3.422000 0
2019.236100 -2.001685 3.351000 0
2019.238900 3.579893 3.453000 0
2019.241600 11.832256 3.479000 0
2019.244400 7.374435 3.358000 0
2019.247100 5.667351 3.438000 0
2019.249800 6.246970 3.397000 0
2019.252600 5.196066 3.172000 0
2019.255300 -0.726145 3.641000 0
2019.258000 6.191166 3.489000 0
2019.260800 11.265607 3.321000 0
2019.263500 10.972731 3.592000 0
2019.266300 18.180747 3.367000 0
2019.269000 11.114458 3.536000 0
2019.271700 11.018415 3.526000 0
2019.274500 9.880909 3.349000 0
2019.277200 19.716141 3.664000 0
2019.279900 6.993471 3.658000 0
2019.282700 11.450981 3.577000 0
2019.285400 8.635301 3.311000 0
2019.288200 6.625560 3.419000 0
2019.290900 9.619697 3.473000 0
2019.293600 15.667720 3.811000 0
2019.296400 12.293323 3.505000 0
2019.299100 8.847928 3.311000 0
2019.301800 15.785312 3.250000 0
2019.304600 5.809922 3.370000 0
2019.307300 11.723685 3.364000 0
2019.310100 8.775439 3.439000 0
2019.312800 11.479461 3.509000 0
2019.315500 5.732116 3.290000 0
2019.318300 9.888420 3.308000 0
2019.321000 10.456184 3.305000 0
2019.323800 6.357369 3.168000 0
2019.326500 6.666158 3.499000 0
2019.329200 5.662477 3.509000 0
2019.332000 7.204888 3.582000 0
2019.334700 5.678133 3.548000 0
2019.337400 12.295867 3.668000 0
2019.340200 9.662374 3.268000 0
2019.342900 8.777964 3.361000 0
2019.345700 11.042119 3.320000 0
2019.348400 8.384535 3.650000 0
2019.351100 6.389405 4.453000 0
2019.356600 5.205214 3.827000 0
2019.359300 10.814339 3.395000 0
2019.362100 7.645442 3.362000 0
2019.364800 7.559379 3.479000 0
2019.367600 2.428110 3.540000 0
2019.370300 4.662877 3.456000 0
2019.373000 14.669117 3.509000 0
2019.375800 13.295890 3.631000 0
2019.378500 7.006010 3.673000 0
2019.381200 13.688631 3.542000 0
2019.384000 14.205540 3.431000 0
2019.386700 16.315113 3.507000 0
2019.389500 13.942815 3.552000 0
2019.392200 6.673399 4.047000 0
2019.394900 12.062559 3.307000 0
2019.397700 6.908627 3.344000 0
2019.400400 10.642904 3.397000 0
2019.403100 15.232812 3.488000 0
2019.405900 16.166422 3.574000 0
2019.408600 4.578570 3.381000 0
2019.411400 9.873291 3.528000 0
2019.414100 11.445770 3.420000 0
2019.416800 12.657991 3.280000 0
2019.419600 11.985604 3.615000 0
2019.422300 11.954304 3.354000 0
2019.425100 19.124280 3.581000 0
2019.427800 5.046562 3.791000 0
2019.430500 17.381716 3.608000 0
2019.433300 13.324988 3.377000 0
2019.436000 8.722888 3.314000 0
2019.438700 18.476742 3.663000 0
2019.441500 4.267570 3.501000 0
2019.444200 15.014342 3.769000 0
2019.447000 17.835998 3.406000 0
2019.449700 12.223806 3.514000 0
2019.452400 10.752712 3.490000 0
2019.455200 24.234376 3.636000 0
2019.457900 12.383496 3.680000 0
2019.460600 11.259801 3.619000 0
2019.463400 10.418751 3.668000 0
2019.466100 16.440450 3.871000 0
2019.468900 11.344721 3.758000 0
2019.471600 16.584933 3.568000 0
2019.474300 16.973476 3.623000 0
2019.477100 16.111493 3.630000 0
2019.479800 16.179726 3.496000 0
2019.482500 6.694375 3.576000 0
2019.485300 10.283406 3.522000 0
2019.488000 7.328916 3.651000 0
2019.490800 12.396750 3.443000 0
2019.493500 13.818233 3.432000 0
2019.496200 13.016268 3.551000 0
2019.499000 14.357546 3.726000 0
2019.501700 17.513714 3.430000 0
2019.504400 15.807512 3.587000 0
2019.507200 10.912474 3.608000 0
2019.509900 5.521555 3.598000 0
2019.512700 18.433750 3.393000 0
2019.515400 13.493210 3.576000 0
2019.518100 13.469417 3.519000 0
2019.520900 10.026664 3.548000 0
2019.523600 11.032383 3.444000 0
2019.526400 18.651094 3.432000 0
2019.529100 16.610408 3.569000 0
2019.531800 14.313570 3.824000 0
2019.534600 14.963651 3.920000 0
2019.537300 13.053521 3.742000 0
2019.540000 10.320290 3.560000 0
2019.542800 8.638907 3.665000 0
2019.545500 19.679484 3.819000 0
2019.548300 8.272858 3.484000 0
2019.551000 14.061302 3.492000 0
2019.553700 18.804719 3.461000 0
2019.556500 14.755857 3.608000 0
2019.559200 11.487218 3.389000 0
2019.561900 7.738587 3.367000 0
2019.564700 14.264598 3.421000 0
2019.567400 5.909974 3.443000 0
2019.570200 10.971939 3.389000 0
2019.572900 6.074359 3.669000 0
2019.575600 14.938830 3.526000 0
2019.578400 15.832804 3.455000 0
2019.581100 6.477361 3.636000 0
2019.583800 9.031987 3.570000 0
2019.586600 11.656027 3.512000 0
2019.589300 18.383769 3.545000 0
2019.592100 13.134864 3.664000 0
2019.594800 18.733736 3.795000 0
2019.597500 15.130694 3.547000 0
2019.600300 22.571909 3.775000 0
2019.603000 18.724009 3.431000 0
2019.605700 15.822199 3.455000 0
2019.608500 16.094545 3.740000 0
2019.611200 11.700880 3.649000 0
2019.614000 21.756303 3.786000 0
2019.616700 14.166781 3.621000 0
2019.624900 26.578589 3.476000 0
2019.627700 10.409194 3.607000 0
2019.630400 32.461017 3.534000 0
2019.633100 15.006915 3.449000 0
2019.635900 18.949608 3.523000 0
2019.638600 20.579614 3.618000 0
2019.641300 12.831687 3.527000 0
2019.644100 19.946440 3.341000 0
2019.646800 14.063601 3.276000 0
2019.649600 29.293366 3.863000 0
2019.652300 20.744603 3.623000 0
2019.655000 22.507892 3.463000 0
2019.657800 16.197667 3.408000 0
2019.660500 10.536013 3.776000 0
2019.663200 19.628402 3.847000 0
2019.666000 15.473162 4.764000 0
2019.668700 14.927594 3.815000 0
2019.671500 8.909321 4.133000 0
2019.674200 10.783788 4.046000 0
2019.676900 16.109289 3.703000 0
2019.679700 18.209973 3.491000 0
2019.682400 22.178505 3.456000 0
2019.685100 26.682069 3.543000 0
2019.687900 21.629709 3.899000 0
2019.690600 18.655307 3.789000 0
2019.693400 10.936911 3.850000 0
2019.696100 22.371550 3.799000 0
2019.698800 20.145233 3.693000 0
2019.701600 18.519823 3.682000 0
2019.704300 19.017568 3.522000 0
2019.707000 21.079370 3.606000 0
2019.709800 18.279990 3.752000 0
2019.712500 17.989891 3.812000 0
2019.715300 22.116554 3.611000 0
2019.726200 14.342842 7.041000 0
2019.729000 21.853808 4.300000 0
2019.731700 14.887366 5.938000 0
2019.734400 21.427082 4.361000 0
2019.737200 21.846395 3.563000 0
2019.739900 17.267444 3.697000 0
2019.742600 19.962699 3.725000 0
2019.745400 22.074517 3.553000 0
2019.748100 18.262215 3.783000 0
2019.753600 15.726687 3.910000 0
2019.756300 11.312224 3.906000 0
2019.759100 21.936302 3.836000 0
2019.761800 11.601512 3.829000 0
2019.764500 20.397110 3.666000 0
2019.767300 15.402260 3.386000 0
2019.770000 13.874696 3.468000 0
2019.772800 23.204704 3.613000 0
2019.775500 17.059101 3.829000 0
2019.778200 12.591036 3.474000 0
2019.781000 16.354591 3.412000 0
2019.783700 14.470689 3.646000 0
2019.786400 12.582429 3.693000 0
2019.789200 11.628858 3.606000 0
2019.791900 17.525984 3.990000 0
2019.794700 16.511858 3.767000 0
2019.797400 20.966531 3.548000 0
2019.800100 16.087043 3.473000 0
2019.802900 16.801412 3.689000 0
2019.805600 11.950729 3.469000 0
2019.808400 13.583989 3.453000 0
2019.811100 10.951292 3.616000 0
2019.813800 9.970659 3.690000 0
2019.816600 16.147121 3.993000 0
2019.819300 5.743765 3.453000 0
2019.822000 12.065619 3.547000 0
2019.824800 7.833743 3.583000 0
2019.827500 6.931181 3.616000 0
2019.830300 6.253020 4.026000 0
2019.833000 1.149256 3.752000 0
2019.835700 5.803964 3.399000 0
2019.838500 4.992293 3.497000 0
2019.841200 6.951132 3.536000 0
2019.843900 8.918611 3.724000 0
2019.846700 5.909953 3.410000 0
2019.849400 10.120907 3.568000 0
2019.852200 5.320903 3.477000 0
2019.854900 0.485571 3.412000 0
2019.857600 9.114169 3.462000 0
2019.863100 6.092768 3.640000 0
2019.865800 3.710552 3.645000 0
2019.868600 5.373970 3.415000 0
2019.871300 -0.371801 3.582000 0
2019.874100 1.835283 3.546000 0
2019.876800 11.363207 3.731000 0
2019.879500 8.772546 3.593000 0
2019.882300 9.725087 3.637000 0
2019.885000 10.298496 3.434000 0
2019.887700 4.481504 3.605000 0
2019.890500 4.894082 3.761000 0
2019.893200 8.150534 3.948000 0
2019.896000 8.334813 3.437000 0
2019.898700 11.894961 3.660000 0
2019.901400 13.101012 3.453000 0
2019.904200 1.287288 3.823000 0
2019.906900 1.540402 3.648000 0
2019.909700 6.896017 3.585000 0
2019.912400 9.593435 3.672000 0
2019.915100 6.811054 3.847000 0
2019.917900 7.234599 3.615000 0
2019.920600 6.461876 3.539000 0
2019.923300 8.471523 3.423000 0
2019.926100 4.792535 3.719000 0
2019.928800 3.070180 3.720000 0
2019.931600 -4.133511 3.721000 0
2019.934300 2.550352 3.585000 0
2019.937000 8.161854 3.812000 0
2019.939800 -5.505525 3.877000 0
2019.942500 -6.676493 3.506000 0
2019.945200 -2.715673 3.789000 0
2019.948000 3.345727 3.641000 0
2019.950700 2.523369 3.837000 0
2019.953500 2.624904 3.509000 0
2019.956200 3.939552 3.713000 0
2019.958900 4.954211 3.659000 0
2019.961700 1.910230 3.572000 0
2019.964400 -2.102852 3.589000 0
2019.967100 -5.606806 3.573000 0
2019.969900 -5.420932 3.776000 0
2019.972600 -2.574402 3.597000 0
2019.975400 7.379267 3.709000 0
2019.978100 7.853416 3.493000 0
2019.980800 3.824859 3.442000 0
2019.983600 -2.818098 3.597000 0
2019.986300 -1.251861 3.673000 0
2019.989000 10.157749 3.908000 0
2019.991800 17.896412 3.911000 0
2019.994500 6.204960 3.678000 0
2019.997300 -5.286141 3.549000 0
2020.000000 5.053420 3.382000 0
2020.002700 5.306448 3.742000 0
2020.005500 3.537264 3.854000 0
2020.008200 -0.995608 3.804000 0
2020.011000 -5.393409 3.729000 0
2020.016400 -5.346367 3.647000 0
2020.019200 -7.712108 3.529000 0
2020.021900 -2.397170 3.694000 0
2020.024600 -0.195717 3.672000 0
2020.027400 -2.562389 4.058000 0
2020.030100 -9.024788 3.605000 0
2020.032900 -1.609060 3.871000 0
2020.035600 -2.421340 3.759000 0
2020.038300 -3.526142 3.567000 0
2020.043800 -13.966220 3.615000 0
2020.046500 -2.516548 3.612000 0
2020.049300 -11.056061 3.627000 0
2020.052000 -15.690461 3.482000 0
2020.054800 -13.784838 3.471000 0
2020.057500 -10.594407 3.496000 0
2020.060200 -8.509664 3.657000 0
2020.063000 -5.602611 3.645000 0
2020.065700 -4.299214 3.507000 0
2020.068400 -4.621600 3.573000 0
2020.071200 -2.920419 3.410000 0
2020.073900 -6.795364 3.409000 0
2020.076700 -7.657585 3.819000 0
2020.079400 -4.168251 3.371000 0
2020.082100 -7.645898 3.631000 0
2020.084900 -1.775615 3.490000 0
2020.087600 -3.343254 3.432000 0
2020.090300 0.673985 3.632000 0
2020.093100 -3.445670 3.551000 0
2020.095800 -0.413726 3.758000 0
2020.098600 2.613424 3.729000 0
2020.101300 -1.622145 3.461000 0
2020.104000 -2.716105 3.733000 0
2020.106800 -8.274741 3.532000 0
2020.112300 -3.841009 3.549000 0
2020.115000 -2.158953 3.594000 0
2020.117700 -4.857596 3.620000 0
2020.120500 -10.567789 3.548000 0
2020.123200 -5.451945 3.559000 0
2020.125900 -6.903999 3.645000 0
2020.128700 -7.958574 3.597000 0
2020.131400 -5.147558 3.849000 0
2020.134200 -12.764063 3.688000 0
2020.136900 -14.614270 3.921000 0
2020.139600 -12.049730 3.562000 0
2020.142400 -11.924737 3.551000 0
2020.145100 -6.690868 3.514000 0
2020.147800 -2.580477 3.491000 0
2020.150600 -6.806692 3.592000 0
2020.153300 -12.690435 3.386000 0
2020.156100 -7.699842 3.505000 0
2020.158800 -6.397035 3.388000 0
2020.161500 -7.218093 3.521000 0
2020.164300 0.399071 3.466000 0
2020.167000 1.231081 3.596000 0
2020.169700 3.408988 3.517000 0
2020.172500 -1.746023 3.822000 0
2020.175200 -1.198534 3.563000 0
2020.178000 -7.082074 3.352000 0
2020.180700 -6.062329 3.485000 0
2020.183400 -6.825088 3.597000 0
2020.186200 -7.413066 3.425000 0
2020.188900 -8.116059 3.497000 0
2020.191600 -0.863796 3.435000 0
2020.194400 3.528034 3.419000 0
2020.197100 0.556578 3.461000 0
2020.199900 1.154530 3.521000 0
2020.202600 -1.594969 3.529000 0
2020.205300 -5.955607 3.604000 0
2020.208100 1.280911 3.540000 0
2020.210800 0.022755 3.459000 0
2020.213600 4.987574 4.096000 0
2020.216300 5.870589 3.665000 0
2020.219000 0.613084 3.628000 0
2020.221800 -8.113733 3.485000 0
2020.224500 0.360477 3.428000 0
2020.227200 3.638949 3.637000 0
2020.230000 4.114804 3.511000 0
2020.232700 10.302553 3.468000 0
2020.235500 8.662473 3.371000 0
2020.238200 10.277215 3.465000 0
2020.240900 5.424871 3.525000 0
2020.243700 2.490370 3.643000 0
2020.246400 10.370612 3.658000 0
2020.249100 4.650574 3.312000 0
2020.251900 0.192041 3.457000 0
2020.254600 6.440204 3.515000 0
2020.257400 2.664642 3.493000 0
2020.260100 4.714763 3.412000 0
2020.262800 2.991306 3.330000 0
2020.265600 2.975771 3.516000 0
2020.268300 9.541929 3.567000 0
2020.276500 1.915046 3.463000 0
2020.279300 9.804090 3.900000 0
2020.282000 8.851911 3.789000 0
2020.284700 0.749752 3.342000 0
2020.287500 4.043561 3.503000 0
2020.290200 -0.153760 3.706000 0
2020.293000 -0.180353 3.561000 0
2020.295700 7.411000 3.520000 0
2020.298400 5.594175 3.678000 0
2020.301200 10.229723 3.595000 0
2020.303900 5.039357 3.428000 0
2020.306600 15.411715 3.571000 0
2020.314900 6.197146 3.750000 0
2020.317600 -1.222055 3.423000 0
2020.320300 4.242336 3.410000 0
2020.323100 7.200178 3.499000 0
2020.325800 9.811604 3.565000 0
2020.328500 3.289565 3.443000 0
2020.331300 0.376645 3.477000 0
2020.334000 5.908539 3.306000 0
2020.336800 8.018336 3.366000 0
2020.339500 7.700110 3.415000 0
2020.342200 5.314357 3.553000 0
2020.345000 -1.255805 3.487000 0
2020.347700 7.034271 3.352000 0
2020.350400 6.633801 3.727000 0
2020.353200 7.967621 3.628000 0
2020.355900 2.465958 3.566000 0
2020.358700 1.859390 3.481000 0
2020.361400 2.600532 3.397000 0
2020.364100 1.074127 3.502000 0
2020.366900 8.550542 3.947000 0
2020.369600 8.352965 3.660000 0
2020.372300 7.035859 3.574000 0
2020.375100 5.059309 3.607000 0
2020.377800 13.481077 3.565000 0
2020.380600 8.570233 3.555000 0
2020.383300 14.239921 3.732000 0
2020.386000 1.652133 3.535000 0
2020.388800 15.311495 3.784000 0
2020.391500 14.213710 3.508000 0
2020.394300 10.790924 3.715000 0
2020.397000 12.256210 3.553000 0
2020.399700 11.362104 3.775000 0
2020.402500 6.359783 3.788000 0
2020.405200 13.026864 3.664000 0
2020.407900 9.690613 3.484000 0
2020.410700 8.192950 3.321000 0
2020.413400 6.620018 3.315000 0
2020.418900 1.427033 3.411000 0
2020.421600 7.804302 3.830000 0
2020.424400 16.962863 4.729000 0
2020.427100 9.723701 3.577000 0
2020.429800 3.465404 3.714000 0
2020.432600 10.257239 3.493000 0
2020.435300 11.523674 3.717000 0
2020.438100 9.980142 3.579000 0
2020.440800 13.079423 3.811000 0
2020.443500 5.338708 3.428000 0
2020.446300 5.053888 3.379000 0
2020.449000 -0.628806 3.513000 0
2020.451700 8.210590 3.556000 0
2020.454500 10.684756 3.482000 0
2020.457200 7.563351 3.421000 0
2020.460000 13.218636 3.563000 0
2020.462700 12.516550 3.645000 0
2020.465400 6.610701 3.613000 0
2020.468200 14.713434 3.758000 0
2020.470900 10.520083 3.681000 0
2020.473600 11.034056 3.862000 0
2020.476400 12.199511 4.024000 0
2020.479100 6.305158 3.798000 0
2020.481900 10.457225 3.829000 0
2020.484600 11.043662 3.623000 0
2020.487300 8.841566 3.713000 0
2020.490100 11.242800 3.525000 0
2020.495600 11.225798 3.607000 0
2020.498300 17.728727 3.636000 0
2020.501000 15.699254 3.708000 0
2020.503800 19.500977 3.852000 0
2020.506500 24.028726 3.709000 0
2020.509200 0.832148 3.711000 0
2020.512000 6.820689 3.642000 0
2020.514700 11.084478 3.641000 0
2020.517500 5.914337 3.705000 0
2020.520200 9.844584 3.919000 0
2020.522900 0.796615 3.608000 0
2020.525700 11.034643 3.689000 0
2020.528400 14.043259 3.668000 0
2020.531100 11.647718 3.712000 0
2020.533900 13.615102 3.929000 0
2020.536600 8.402260 3.759000 0
2020.539400 8.534294 3.686000 0
2020.542100 10.134219 3.519000 0
2020.544800 8.716072 3.704000 0
2020.547600 12.812728 3.578000 0
2020.550300 17.864441 3.605000 0
2020.553000 3.478123 3.784000 0
2020.555800 6.542533 3.774000 0
2020.558500 9.971153 3.696000 0
2020.561300 13.589448 3.739000 0
2020.564000 20.038052 3.587000 0
2020.569500 11.022903 3.410000 0
2020.572200 17.674570 3.627000 0
2020.574900 18.461287 3.530000 0
2020.577700 13.746514 3.616000 0
2020.580400 24.338313 3.481000 0
2020.583200 16.408565 3.770000 0
2020.585900 14.789469 3.377000 0
2020.588600 4.407450 3.482000 0
2020.591400 14.367791 3.488000 0
2020.594100 16.797901 3.641000 0
2020.596900 11.216308 3.677000 0
2020.599600 13.574556 3.454000 0
2020.602300 16.768892 3.581000 0
2020.605100 10.654427 3.724000 0
2020.607800 13.171909 3.594000 0
2020.610500 20.230480 3.595000 0
2020.613300 18.418148 3.773000 0
2020.616000 5.282862 3.946000 0
2020.618800 19.300602 3.806000 0
2020.621500 4.294455 3.993000 0
2020.624200 15.397391 3.531000 0
2020.627000 20.898244 3.645000 0
2020.629700 21.977306 3.447000 0
2020.632400 25.326444 3.487000 0
2020.635200 8.656387 3.758000 0
2020.637900 22.415635 3.672000 0
2020.640700 20.178610 3.409000 0
2020.643400 16.586955 3.555000 0
2020.646100 9.704360 3.509000 0
2020.648900 22.191378 3.841000 0
2020.651600 21.445862 3.646000 0
2020.654300 24.143397 3.733000 0
2020.657100 27.611428 3.788000 0
2020.659800 12.717022 3.626000 0
2020.662600 21.621035 3.941000 0
2020.665300 21.911678 3.652000 0
2020.668000 21.772359 3.554000 0
2020.670800 19.564345 3.476000 0
2020.673500 13.556063 3.380000 0
2020.676200 17.921814 3.554000 0
2020.679000 10.909758 3.723000 0
2020.681700 18.085540 3.690000 0
2020.684500 20.677441 3.469000 0
2020.687200 16.507255 3.583000 0
2020.689900 15.647103 3.402000 0
2020.692700 14.554965 3.688000 0
2020.695400 15.318853 3.670000 0
2020.698200 21.032689 3.704000 0
2020.700900 17.691630 3.374000 0
2020.703600 13.091621 3.417000 0
2020.706400 17.834465 3.903000 0
2020.709100 15.254538 3.498000 0
2020.711800 17.301679 3.488000 0
2020.714600 21.756589 3.581000 0
2020.717300 22.302855 3.697000 0
2020.720100 14.232840 3.525000 0
2020.722800 12.919270 3.238000 0
2020.725500 8.585814 3.419000 0
2020.728300 10.814012 3.665000 0
2020.731000 13.458791 3.768000 0
2020.733700 14.750724 3.440000 0
2020.736500 16.219258 3.427000 0
2020.739200 10.749515 3.498000 0
2020.742000 11.045346 3.569000 0
2020.744700 14.805998 3.659000 0
2020.747400 11.576890 3.328000 0
2020.750200 9.408330 3.472000 0
2020.752900 7.945739 3.727000 0
2020.755600 10.794453 3.295000 0
2020.758400 9.283707 3.421000 0
2020.761100 10.029080 3.526000 0
2020.763900 8.605998 3.529000 0
2020.766600 12.115138 3.466000 0
2020.772100 11.625862 3.944000 0
2020.774800 2.313384 3.638000 0
2020.777500 13.500436 3.500000 0
2020.780300 9.978102 3.450000 0
2020.783000 12.069298 3.554000 0
2020.785800 3.324152 3.655000 0
2020.788500 13.252640 3.603000 0
2020.791200 18.516835 3.759000 0
2020.794000 5.253770 3.557000 0
2020.796700 5.247492 3.531000 0
2020.802200 6.359438 3.640000 0
2020.804900 8.638769 3.561000 0
2020.807700 7.997032 3.695000 0
2020.810400 8.495327 3.886000 0
2020.813100 6.113673 3.702000 0
2020.815900 7.440100 3.473000 0
2020.818600 7.412698 3.468000 0
2020.821400 7.782489 3.663000 0
2020.824100 -0.961459 3.946000 0
2020.826800 5.346893 3.930000 0
2020.829600 4.830629 3.507000 0
2020.832300 5.910751 3.534000 0
2020.835000 6.676332 3.725000 0
2020.837800 1.570513 3.473000 0
2020.840500 -4.066804 3.571000 0
2020.843300 2.233638 3.840000 0
2020.846000 -0.868348 3.826000 0
2020.848700 3.520406 3.476000 0
2020.851500 1.496177 3.529000 0
2020.854200 5.089614 3.672000 0
2020.856900 7.990965 3.710000 0
2020.859700 7.763618 3.791000 0
2020.862400 6.530014 3.684000 0
2020.865200 8.311915 4.061000 0
2020.867900 -0.726397 3.915000 0
2020.870600 6.080506 3.575000 0
2020.873400 4.270237 3.525000 0
2020.876100 1.301804 3.748000 0
2020.878900 2.002426 3.619000 0
2020.881600 -1.201092 3.524000 0
2020.884300 -0.014088 3.439000 0
2020.887100 -0.167669 3.798000 0
2020.889800 -3.531375 3.821000 0
2020.892500 1.459625 3.704000 0
2020.895300 8.874419 3.670000 0
2020.898000 3.373082 3.737000 0
2020.900800 6.565803 3.724000 0
2020.903500 -3.432624 3.611000 0
2020.906200 2.451959 3.956000 0
2020.909000 1.969008 3.858000 0
2020.911700 -2.507135 3.990000 0
2020.914400 4.652908 3.769000 0
2020.917200 0.021840 3.638000 0
2020.919900 -2.314489 3.455000 0
2020.922700 2.152363 3.703000 0
2020.925400 2.779892 3.712000 0
2020.928100 0.760889 3.560000 0
2020.930900 -2.861488 3.718000 0
2020.933600 -1.131301 3.571000 0
2020.936300 0.350511 3.506000 0
2020.939100 5.278404 3.574000 0
2020.941800 0.782721 3.724000 0
2020.944600 4.120427 3.470000 0
2020.947300 0.150447 3.569000 0
2020.950000 1.685338 3.619000 0
2020.952800 3.044081 3.585000 0
2020.955500 6.297955 3.635000 0
2020.958200 1.382829 3.792000 0
2020.961000 0.446024 3.410000 0
2020.963700 0.624136 3.548000 0
2020.966500 -2.090119 3.499000 0
2020.969200 -1.079613 3.703000 0
2020.971900 -0.399916 3.589000 0
2020.974700 -6.153119 3.683000 0
2020.977400 3.596180 3.711000 0
2020.980200 -3.866111 4.083000 0
2020.982900 -3.860087 3.684000 0
2020.985600 -0.411720 3.588000 0
2020.988400 3.051513 3.477000 0
2020.991100 -4.039238 3.631000 0
2020.993800 -0.719579 3.571000 0
2020.996600 -0.056605 3.549000 0
2021.002100 5.957334 3.733000 0
2021.004800 1.996067 3.412000 0
2021.007500 -8.754711 3.478000 0
2021.010300 5.081547 3.555000 0
2021.013000 3.461902 3.539000 0
2021.015700 -1.940233 3.639000 0
2021.018500 -0.829919 3.601000 0
2021.021200 -4.233892 3.548000 0
2021.024000 -6.814152 3.639000 0
2021.026700 0.162033 3.426000 0
2021.029400 -1.756273 4.218000 0
2021.034900 -7.945670 3.506000 0
2021.037600 0.325628 3.620000 0
2021.040400 4.247379 3.613000 0
2021.043100 -1.710273 3.369000 0
2021.045900 2.670755 3.411000 0
2021.048600 1.431083 3.487000 0
2021.051300 -2.041193 3.657000 0
2021.054100 -3.280473 3.622000 0
2021.056800 -4.877905 3.894000 0
2021.059500 -6.575018 3.933000 0
2021.062300 -1.342845 3.603000 0
2021.065000 -2.479287 3.762000 0
2021.067800 0.613734 3.989000 0
2021.070500 1.825826 3.996000 0
2021.073200 -9.700930 3.612000 0
2021.076000 -12.422981 3.496000 0
2021.078700 -8.188437 3.498000 0
2021.081500 1.267957 3.543000 0
2021.084200 -3.556374 3.670000 0
2021.086900 -1.627767 3.599000 0
2021.089700 -1.876122 3.482000 0
2021.092400 -0.751680 3.354000 0
2021.095100 7.354550 3.666000 0
2021.097900 1.644974 3.812000 0
2021.100600 6.692720 3.565000 0
2021.103400 3.243744 3.506000 0
2021.106100 -3.044227 3.716000 0
2021.108800 -0.906694 3.630000 0
2021.111600 -2.409781 3.534000 0
2021.114300 1.721667 3.879000 0
2021.117000 -3.839566 3.518000 0
2021.119800 -0.622354 3.464000 0
2021.122500 -2.962065 3.380000 0
2021.125300 2.663694 4.312000 0
2021.128000 4.019227 4.022000 0
2021.130700 -7.107259 4.061000 0
2021.133500 -15.832265 4.100000 0
2021.136200 -5.487936 3.516000 0
2021.138900 -5.303841 3.483000 0
2021.141700 -2.707291 3.600000 0
2021.144400 -2.465828 3.400000 0
2021.147200 -1.550944 3.351000 0
2021.149900 3.214579 3.477000 0
2021.152600 -0.646511 3.465000 0
2021.155400 2.599743 3.768000 0
2021.158100 3.433243 3.697000 0
2021.160800 4.113898 3.639000 0
2021.163600 1.039787 3.751000 0
2021.166300 -0.318448 3.778000 0
2021.169100 0.911461 3.451000 0
2021.171800 -4.795990 3.465000 0
2021.174500 0.421317 3.633000 0
2021.177300 -6.656391 3.619000 0
2021.180000 -7.519788 3.528000 0
2021.182800 -7.972322 3.463000 0
2021.185500 -7.706750 3.590000 0
2021.188200 -2.927823 3.554000 0
2021.191000 1.619764 3.624000 0
2021.193700 -1.785828 3.546000 0
2021.196400 -4.631302 3.398000 0
2021.199200 -9.683347 3.820000 0
2021.201900 0.638177 3.646000 0
2021.204700 -0.625036 3.756000 0
2021.207400 5.579166 3.967000 0
2021.210100 -2.288906 3.545000 0
2021.212900 -2.717980 3.623000 0
2021.215600 -4.809843 3.421000 0
2021.218300 -5.892206 3.394000 0
2021.223800 -2.798465 3.675000 0
2021.226600 2.527437 3.643000 0
2021.229300 0.420285 3.864000 0
2021.232000 0.624269 3.546000 0
2021.234800 4.784452 3.483000 0
2021.237500 -1.655535 3.553000 0
2021.240200 -2.213592 3.475000 0
2021.243000 1.483224 3.452000 0
2021.245700 -8.343212 3.563000 0
2021.248500 -6.326001 3.478000 0
2021.251200 -4.690078 3.318000 0
2021.253900 -5.221545 3.492000 0
2021.256700 -2.321708 3.436000 0
2021.259400 -1.467186 3.817000 0
2021.262100 4.909771 3.471000 0
2021.264900 -3.149319 3.557000 0
2021.267600 2.569282 3.880000 0
2021.273100 -5.572375 4.957000 0
2021.275800 5.082824 3.841000 0
2021.278600 1.391381 3.531000 0
2021.281300 1.621708 3.828000 0
2021.284100 -3.228848 3.871000 0
2021.286800 3.284424 3.801000 0
2021.289500 4.486641 3.893000 0
2021.292300 2.447618 3.729000 0
2021.295000 4.572530 3.542000 0
2021.297700 2.669273 3.634000 0
2021.300500 0.801420 3.695000 0
2021.303200 3.463639 3.585000 0
2021.306000 3.194025 3.825000 0
2021.308700 6.471592 3.739000 0
2021.311400 5.247831 4.121000 0
2021.314200 1.042889 3.525000 0
2021.316900 6.903308 3.564000 0
2021.319600 6.091326 3.781000 0
2021.322400 2.855822 3.985000 0
2021.325100 13.410884 3.750000 0
2021.327900 -3.145799 3.817000 0
2021.330600 10.342235 3.588000 0
2021.333300 4.049776 3.705000 0
2021.336100 13.561248 3.781000 0
2021.338800 9.637677 3.823000 0
2021.341500 11.401580 4.569000 0
2021.344300 2.758100 3.764000 0
2021.347000 2.786836 3.404000 0
2021.349800 4.784984 3.491000 0
2021.352500 7.992532 3.592000 0
2021.355200 2.874529 3.916000 0
2021.358000 12.046647 3.650000 0
2021.360700 -1.145550 3.649000 0
2021.363400 3.811705 3.586000 0
2021.366200 8.072803 3.513000 0
2021.368900 1.561883 3.519000 0
2021.371700 10.606626 3.450000 0
2021.374400 9.148559 3.504000 0
2021.377100 -0.326023 3.787000 0
2021.379900 5.138804 3.749000 0
2021.382600 6.921136 3.775000 0
2021.385400 -6.758287 3.816000 0
2021.388100 -0.604990 3.526000 0
2021.390800 4.503858 3.426000 0
2021.393600 10.736723 3.612000 0
2021.396300 4.979632 3.525000 0
2021.399000 10.764145 3.610000 0
2021.401800 6.821460 3.672000 0
2021.404500 12.298148 3.618000 0
2021.407300 11.243505 3.449000 0
2021.410000 4.752456 3.599000 0
2021.412700 6.663114 3.602000 0
2021.415500 2.314252 3.690000 0
2021.418200 7.173313 3.802000 0
2021.420900 12.360154 3.578000 0
2021.423700 11.384300 3.665000 0
2021.426400 9.112697 3.702000 0
2021.429200 4.859290 4.081000 0
2021.431900 8.926350 3.795000 0
2021.434600 10.597322 3.786000 0
2021.437400 0.345339 3.792000 0
2021.440100 2.295142 3.801000 0
2021.442800 9.118942 3.800000 0
2021.445600 9.263648 3.616000 0
2021.448300 8.418454 3.792000 0
2021.451100 0.272080 3.826000 0
2021.453800 7.449011 5.240000 0
2021.456500 8.437083 3.654000 0
2021.459300 4.042855 3.534000 0
2021.462000 7.010231 3.693000 0
2021.464800 4.189233 3.607000 0
2021.467500 6.787032 3.805000 0
2021.470200 20.319121 4.006000 0
2021.473000 8.486731 3.669000 0
2021.475700 11.061420 3.546000 0
2021.478400 3.386484 3.487000 0
2021.481200 3.052975 3.792000 0
2021.483900 8.671815 3.750000 0
2021.486700 10.254021 3.671000 0
2021.489400 -0.475250 3.776000 0
2021.492100 0.130993 3.933000 0
2021.494900 10.984518 3.565000 0
2021.497600 9.159813 3.676000 0
2021.500300 11.103702 3.685000 0
2021.503100 8.319792 3.540000 0
2021.505800 8.821889 3.516000 0
2021.508600 18.106137 3.581000 0
2021.511300 10.811542 3.748000 0
2021.514000 10.286661 3.603000 0
2021.516800 10.147856 3.516000 0
2021.519500 11.734422 3.726000 0
2021.522200 1.012766 3.611000 0
2021.525000 6.786114 3.734000 0
2021.527700 7.108033 3.608000 0
2021.530500 7.541907 3.499000 0
2021.533200 5.087479 3.423000 0
2021.535900 4.368925 3.643000 0
2021.538700 14.297254 3.954000 0
2021.541400 2.758460 3.669000 0
2021.544100 8.766590 3.705000 0
2021.546900 5.697529 3.633000 0
2021.549600 6.799511 3.647000 0
2021.552400 12.746252 3.730000 0
2021.555100 7.853141 3.720000 0
2021.557800 10.964021 3.858000 0
2021.560600 10.920583 3.767000 0
2021.563300 11.483441 3.684000 0
2021.566100 12.086927 3.948000 0
2021.568800 12.124803 4.065000 0
2021.571500 -0.326282 3.595000 0
2021.574300 4.959179 3.567000 0
2021.577000 11.136161 3.651000 0
2021.579700 7.416203 3.616000 0
2021.582500 19.879704 4.035000 0
2021.585200 11.217849 3.541000 0
2021.588000 10.944392 3.635000 0
2021.590700 8.265657 3.447000 0
2021.593400 12.365004 3.537000 0
2021.596200 14.741656 3.694000 0
2021.598900 18.836141 3.519000 0
2021.601600 12.536714 3.538000 0
2021.604400 10.127494 3.527000 0
2021.607100 13.155212 3.639000 0
2021.609900 16.467068 3.499000 0
2021.612600 10.868931 3.619000 0
2021.615300 8.225882 3.555000 0
2021.618100 12.369868 3.467000 0
2021.620800 13.817958 3.563000 0
2021.623500 19.367132 3.434000 0
2021.626300 14.440232 3.527000 0
2021.629000 8.502533 3.656000 0
2021.631800 8.687686 3.611000 0
2021.634500 27.305103 3.594000 0
2021.637200 13.983593 3.626000 0
2021.640000 14.728819 3.680000 0
2021.642700 14.548407 3.920000 0
2021.645400 8.295056 3.760000 0
2021.648200 20.995328 3.657000 0
2021.650900 13.368056 3.862000 0
2021.653700 14.072329 3.530000 0
2021.656400 16.679125 3.519000 0
2021.659100 10.083966 3.638000 0
2021.661900 14.784237 3.630000 0
2021.664600 14.381129 3.371000 0
2021.667400 8.145372 3.444000 0
2021.670100 18.457304 3.904000 0
2021.672800 3.788272 3.733000 0
2021.675600 11.922478 3.558000 0
2021.678300 1.604478 3.651000 0
2021.681000 13.998511 3.689000 0
2021.683800 21.680672 3.569000 0
2021.686500 15.548736 3.626000 0
2021.689300 6.393856 3.592000 0
2021.692000 8.409955 3.458000 0
2021.694700 6.713092 3.370000 0
2021.697500 7.399185 3.675000 0
2021.700200 12.284373 3.868000 0
2021.702900 14.830609 3.798000 0
2021.705700 -4.395292 3.812000 0
2021.708400 8.282023 3.654000 0
2021.711200 9.450142 4.179000 0
2021.713900 6.456563 3.631000 0
2021.716600 10.332065 3.561000 0
2021.722100 5.449954 3.662000 0
2021.724800 1.860727 3.629000 0
2021.727600 3.729158 3.540000 0
2021.730300 6.977159 3.625000 0
2021.733100 6.527780 3.462000 0
2021.735800 3.993066 3.582000 0
2021.738500 1.662532 3.562000 0
2021.741300 10.521576 3.545000 0
2021.744000 8.121428 3.474000 0
2021.746700 10.087515 3.569000 0
2021.749500 8.357152 3.405000 0
2021.752200 6.957744 3.597000 0
2021.755000 1.125878 3.820000 0
2021.757700 -10.794932 3.817000 0
2021.760400 -7.390394 3.877000 0
2021.763200 1.568688 3.715000 0
2021.765900 1.747979 3.605000 0
2021.768700 3.502826 3.668000 0
2021.771400 1.368986 3.443000 0
2021.774100 2.508635 3.484000 0
2021.776900 4.482877 3.806000 0
2021.779600 4.768586 3.605000 0
2021.782300 2.823883 3.473000 0
2021.785100 9.207832 3.607000 0
2021.787800 7.844401 3.632000 0
2021.790600 8.309673 3.726000 0
2021.793300 1.789668 3.475000 0
2021.796000 0.315441 3.587000 0
2021.798800 -2.563987 3.593000 0
2021.801500 2.530458 3.649000 0
2021.804200 -5.332193 3.798000 0
2021.807000 -6.700924 3.597000 0
2021.809700 0.531365 3.489000 0
2021.812500 10.137670 3.728000 0
2021.815200 2.960089 3.526000 0
2021.817900 4.363644 3.433000 0
2021.820700 8.928377 3.964000 0
2021.823400 5.530360 3.773000 0
2021.826100 10.985629 3.575000 0
2021.828900 9.818265 3.418000 0
2021.831600 0.300277 3.717000 0
2021.834400 -0.550203 3.781000 0
2021.837100 -4.016229 3.554000 0
2021.839800 -1.475699 3.694000 0
2021.842600 1.744570 3.688000 0
2021.845300 0.233401 3.525000 0
2021.848000 -0.549042 3.639000 0
2021.850800 -4.561491 3.618000 0
2021.853500 -8.850282 3.728000 0
2021.856300 -9.358892 3.514000 0
2021.859000 -5.826788 3.491000 0
2021.861700 -0.697666 3.612000 0
2021.864500 -0.295066 3.548000 0
2021.867200 -1.346683 3.510000 0
2021.870000 -4.694611 3.578000 0
2021.872700 -0.903720 3.597000 0
2021.875400 -5.640506 3.649000 0
2021.878200 -1.964266 3.567000 0
2021.880900 -11.627169 3.702000 0
2021.883600 -3.920565 3.485000 0
2021.886400 -2.244579 3.555000 0
2021.889100 -8.139717 3.521000 0
2021.891900 -4.063222 3.687000 0
2021.894600 -3.550853 3.515000 0
2021.897300 -3.355670 3.388000 0
2021.900100 -10.156463 3.621000 0
2021.902800 -6.369401 3.517000 0
2021.905500 -6.369344 3.577000 0
2021.908300 -6.014858 3.609000 0
2021.911000 -12.737558 3.842000 0
2021.913800 -6.442546 3.682000 0
2021.916500 -5.037764 3.645000 0
2021.919200 -4.928695 3.502000 0
2021.922000 -7.794482 3.840000 0
2021.924700 -7.019584 3.529000 0
2021.927400 -0.924232 3.486000 0
2021.930200 -6.138293 3.762000 0
2021.932900 -2.901778 3.798000 0
2021.935700 -3.896374 3.931000 0
2021.938400 -6.198483 3.661000 0
2021.941100 2.530122 3.970000 0
2021.943900 -5.196924 3.853000 0
2021.946600 -2.387640 3.508000 0
2021.949300 -3.636498 3.695000 0
2021.952100 -8.951543 3.586000 0
2021.954800 -6.569441 3.980000 0
2021.957600 -2.431212 3.658000 0
2021.960300 -4.178975 3.611000 0
2021.963000 -1.701666 4.064000 0
2021.965800 -4.884763 3.911000 0
2021.968500 -9.478080 3.781000 0
2021.971300 -4.562490 3.791000 0
2021.974000 2.817713 3.623000 0
2021.976700 -2.609835 3.809000 0
2021.979500 -0.954013 3.832000 0
2021.982200 3.657149 3.638000 0
2021.984900 -4.596353 3.969000 0
2021.987700 -3.125027 3.823000 0
2021.990400 4.666340 3.797000 0
2021.993200 0.265837 3.854000 0
2021.995900 -1.898837 3.965000 0
2021.998600 4.532933 3.831000 0
2022.001400 3.403274 3.853000 0
2022.004100 2.011105 4.031000 0
2022.006800 -10.478579 3.879000 0
2022.009600 -8.567262 4.051000 0
2022.012300 -8.406817 3.620000 0
2022.015100 1.019908 3.631000 0
2022.017800 -4.303493 3.494000 0
2022.020500 -10.346378 3.757000 0
2022.023300 -5.525583 4.222000 0
2022.026000 -11.565308 3.645000 0
2022.028700 -14.920524 3.773000 0
2022.031500 -6.277677 3.796000 0
2022.034200 -4.366765 3.679000 0
2022.037000 -3.111546 3.532000 0
2022.039700 -11.578549 3.715000 0
2022.042400 -0.956095 3.849000 0
2022.045200 -2.321989 3.506000 0
2022.047900 -8.880545 3.825000 0
2022.050700 -4.985232 3.567000 0
2022.053400 -12.108883 3.691000 0
2022.056100 -10.448181 3.641000 0
2022.061600 -4.616860 3.228000 0
2022.064300 3.080856 3.352000 0
2022.067100 -12.212986 3.698000 0
2022.069800 -6.204718 3.753000 0
2022.072600 -5.835841 3.717000 0
2022.075300 -3.993172 3.748000 0
2022.078000 -3.395420 3.584000 0
2022.080800 -5.677836 3.588000 0
2022.086200 -3.030086 3.733000 0
2022.089000 -6.644213 3.634000 0
2022.091700 -1.362502 3.822000 0
2022.094500 -6.685658 3.707000 0
2022.097200 -7.121296 3.575000 0
2022.099900 -7.634240 3.691000 0
2022.102700 -11.647915 3.833000 0
2022.105400 -3.416545 3.779000 0
2022.108100 -4.677655 3.710000 0
2022.110900 0.187606 3.714000 0
2022.113600 -0.574556 3.607000 0
2022.116400 -4.363297 3.571000 0
2022.119100 -8.500772 3.579000 0
2022.121800 -1.286043 3.833000 0
2022.124600 -5.124847 3.676000 0
2022.127300 -3.552838 3.803000 0
2022.130000 -3.618831 3.924000 0
2022.132800 0.291657 3.756000 0
2022.135500 -6.045483 3.599000 0
2022.138300 -2.022153 3.624000 0
2022.141000 -0.089736 3.665000 0
2022.143700 -2.964685 3.897000 0
2022.146500 -5.108207 3.685000 0
2022.149200 -8.883057 3.956000 0
2022.152000 -10.174526 4.108000 0
2022.154700 -10.078589 3.734000 0
2022.157400 -2.205401 3.571000 0
2022.160200 -6.896929 3.688000 0
2022.162900 -1.857431 3.538000 0
2022.165600 -1.774916 3.539000 0
2022.168400 -0.310246 3.585000 0
2022.171100 -4.440905 3.586000 0
2022.173900 -0.719510 3.698000 0
2022.176600 -5.977669 3.675000 0
2022.179300 5.378787 3.682000 0
2022.182100 -1.019877 3.770000 0
2022.184800 4.293589 3.779000 0
2022.187500 -2.058568 3.841000 0
2022.190300 3.414952 3.693000 0
2022.193000 -2.188682 3.626000 0
2022.195800 -6.126789 3.493000 0
2022.198500 -7.940226 3.750000 0
2022.201200 -4.633685 3.872000 0
2022.204000 -3.090857 3.788000 0
2022.206700 1.715403 3.615000 0
2022.209400 15.897409 3.931000 0
2022.212200 4.375437 3.526000 0
2022.214900 -2.952308 3.604000 0
2022.217700 -1.929220 3.667000 0
2022.220400 8.901977 3.778000 0
2022.223100 -2.024457 3.778000 0
2022.225900 0.178647 3.571000 0
2022.228600 -4.980293 3.803000 0
2022.231300 -3.187078 3.644000 0
2022.234100 -5.372637 3.572000 0
2022.236800 -0.761358 3.751000 0
2022.239600 -1.676070 3.726000 0
2022.242300 4.075997 3.913000 0
2022.245000 4.098878 3.687000 0
2022.247800 1.376436 3.703000 0
2022.250500 -0.799291 3.561000 0
2022.253300 3.024429 3.413000 0
2022.256000 6.983841 3.481000 0
2022.258700 0.436759 3.945000 0
2022.261500 5.458777 3.592000 0
2022.264200 3.740479 3.700000 0
2022.266900 4.261519 3.688000 0
2022.269700 4.360304 3.434000 0
2022.272400 0.946799 3.571000 0
2022.275200 -1.236201 3.566000 0
2022.277900 7.453542 3.853000 0
2022.280600 3.887372 3.910000 0
2022.283400 9.738351 3.689000 0
2022.286100 7.993148 3.696000 0
2022.288800 4.522902 3.919000 0
2022.291600 -2.837554 3.705000 0
2022.294300 -0.002085 3.720000 0
2022.297100 -1.253066 3.620000 0
2022.299800 -0.041034 3.864000 0
2022.302500 1.646769 3.787000 0
2022.305300 -2.329232 3.708000 0
2022.308000 4.133933 3.573000 0
2022.310700 1.463778 3.667000 0
2022.313500 8.311472 3.629000 0
2022.316200 0.543510 3.534000 0
2022.319000 4.532167 3.619000 0
2022.321700 2.494302 3.768000 0
2022.324400 6.875999 3.477000 0
2022.327200 5.370980 3.639000 0
2022.329900 6.215657 3.645000 0
2022.332600 5.103846 3.727000 0
2022.335400 2.250992 4.176000 0
2022.338100 1.198074 3.964000 0
2022.340900 6.246901 3.749000 0
2022.343600 8.556834 3.913000 0
2022.346300 8.991229 3.649000 0
2022.349100 12.441062 3.464000 0
2022.351800 11.411271 3.620000 0
2022.354600 9.984720 3.563000 0
2022.357300 4.060734 3.684000 0
2022.360000 13.106197 3.637000 0
2022.362800 10.006616 4.045000 0
2022.365500 9.329893 3.683000 0
2022.368200 -0.273369 3.905000 0
2022.371000 9.659054 3.967000 0
2022.373700 6.113639 3.719000 0
2022.376500 10.274737 3.716000 0
2022.379200 8.788208 3.915000 0
2022.381900 5.855184 4.094000 0
2022.384700 4.279427 3.971000 0
2022.387400 13.543361 3.805000 0
2022.390100 9.296842 3.598000 0
2022.392900 8.092360 3.837000 0
2022.395600 7.454894 4.099000 0
2022.398400 6.585318 3.675000 0
2022.401100 7.972978 3.550000 0
2022.403800 7.804276 3.569000 0
2022.406600 15.961259 3.622000 0
2022.409300 4.827807 3.718000 0
2022.412000 9.960058 3.694000 0
2022.414800 3.348804 3.617000 0
2022.417500 5.183444 3.822000 0
2022.420300 7.764461 3.952000 0
2022.423000 10.765592 3.519000 0
2022.425700 8.126548 3.802000 0
2022.428500 6.416714 3.640000 0
2022.431200 7.285320 3.634000 0
2022.433900 6.972831 3.930000 0
2022.436700 8.224399 3.715000 0
2022.439400 3.018727 3.866000 0
2022.442200 7.827017 3.786000 0
2022.444900 4.530278 3.873000 0
2022.447600 7.988585 3.524000 0
2022.450400 18.878724 3.743000 0
2022.453100 16.022141 3.676000 0
2022.455900 11.093307 3.776000 0
2022.458600 12.557953 3.648000 0
2022.461300 7.747793 3.704000 0
2022.464100 2.500268 3.693000 0
2022.466800 10.130516 3.539000 0
2022.469500 13.417045 3.579000 0
2022.472300 5.593105 3.736000 0
2022.475000 13.172220 3.616000 0
2022.477800 8.162801 3.892000 0
2022.480500 20.585620 3.699000 0
2022.483200 8.927864 3.802000 0
2022.486000 10.193482 3.760000 0
2022.488700 21.417601 3.843000 0
2022.491400 16.933226 3.750000 0
2022.494200 19.521141 3.711000 0
2022.496900 16.103806 3.666000 0
2022.499700 12.625705 3.834000 0
2022.502400 11.719516 3.778000 0
2022.505100 4.080963 3.876000 0
2022.507900 14.310567 3.931000 0
2022.510600 16.961309 3.579000 0
2022.513300 16.915759 3.562000 0
2022.516100 15.434292 3.503000 0
2022.518800 8.734177 3.609000 0
2022.521600 18.010097 4.189000 0
2022.524300 11.970505 3.704000 0
2022.527000 22.716728 3.547000 0
2022.529800 9.742913 3.492000 0
2022.532500 5.949779 3.767000 0
2022.535200 4.323516 3.789000 0
2022.538000 15.924141 3.851000 0
2022.540700 17.050629 3.778000 0
2022.543500 19.807956 3.900000 0
2022.546200 14.985259 3.555000 0
2022.548900 13.479511 3.618000 0
2022.551700 8.631528 3.877000 0
2022.554400 19.672681 3.862000 0
2022.557200 6.668548 3.889000 0
2022.559900 11.553651 3.769000 0
2022.562600 5.432764 3.599000 0
2022.565400 17.728512 3.609000 0
2022.568100 19.451638 3.465000 0
2022.570800 22.918801 3.557000 0
2022.573600 14.180518 4.026000 0
2022.576300 15.766744 3.567000 0
2022.579100 13.294466 3.780000 0
2022.581800 19.841781 3.633000 0
2022.584500 16.878166 3.897000 0
2022.587300 12.328958 3.739000 0
2022.590000 13.093461 3.824000 0
2022.592700 8.509046 3.849000 0
2022.595500 13.955944 3.739000 0
2022.598200 7.578665 3.788000 0
2022.601000 8.137635 3.686000 0
2022.603700 11.302499 3.745000 0
2022.606400 8.769453 3.706000 0
2022.609200 8.397554 3.839000 0
2022.611900 4.006653 3.798000 0
2022.614600 3.176841 3.621000 0
2022.617400 10.949072 3.419000 0
2022.620100 11.673400 3.694000 0
2022.622900 19.597698 3.623000 0
2022.625600 11.465158 3.680000 0
2022.628300 17.213699 3.742000 0
2022.633800 7.177758 3.692000 0
2022.636600 11.305201 3.574000 0
2022.639300 10.003965 3.567000 0
2022.642000 16.048795 4.388000 0
2022.644800 -1.234704 4.854000 0
2022.647500 6.951213 3.581000 0
2022.650200 10.200187 4.319000 0
2022.653000 14.135715 3.596000 0
2022.655700 12.870757 3.667000 0
2022.661200 15.939374 3.520000 0
2022.663900 3.993515 3.782000 0
2022.666700 7.259016 3.611000 0
2022.669400 6.134199 3.627000 0
2022.672100 11.034417 3.792000 0
2022.674900 12.111883 3.541000 0
2022.677600 3.994133 3.603000 0
2022.680400 9.425557 3.546000 0
2022.683100 7.358838 3.744000 0
2022.685800 17.469152 3.598000 0
2022.688600 19.100532 3.720000 0
2022.691300 16.808880 3.603000 0
2022.694000 3.268267 4.375000 0
2022.696800 5.604617 3.634000 0
2022.699500 6.633052 3.475000 0
2022.702300 9.053386 3.671000 0
2022.705000 10.797887 3.633000 0
2022.707700 9.633445 3.613000 0
2022.710500 6.298814 3.663000 0
2022.713200 7.559475 3.623000 0
2022.715900 10.493215 3.635000 0
2022.718700 12.454686 3.529000 0
2022.721400 7.730579 3.607000 0
2022.724200 10.874157 3.596000 0
2022.726900 8.608246 3.597000 0
2022.729600 8.126470 3.558000 0
2022.732400 12.908318 3.769000 0
2022.735100 10.025818 3.585000 0
2022.737900 11.701912 3.462000 0
2022.740600 8.035754 3.661000 0
2022.743300 9.719806 3.626000 0
2022.746100 13.443419 3.683000 0
2022.748800 9.419925 3.494000 0
2022.751500 5.347702 3.398000 0
2022.754300 8.240022 3.550000 0
2022.757000 10.963385 3.366000 0
2022.759800 9.482289 3.724000 0
2022.762500 5.102338 3.825000 0
2022.776200 7.205221 3.760000 0
2022.778900 11.902042 3.887000 0
2022.781700 13.034487 3.812000 0
2022.787100 6.347143 3.632000 0
2022.789900 11.091492 3.589000 0
2022.792600 9.583551 3.777000 0
2022.795300 9.668377 3.720000 0
2022.798100 1.291994 4.226000 0
2022.800800 8.532471 3.655000 0
2022.803600 10.148816 3.577000 0
2022.806300 11.352120 3.558000 0
2022.809000 12.371406 3.739000 0
2022.811800 1.917696 3.742000 0
2022.814500 8.679087 3.607000 0
2022.817200 9.254602 3.676000 0
2022.820000 8.818281 3.786000 0
2022.822700 3.966197 3.783000 0
2022.825500 -2.646600 3.780000 0
2022.828200 7.672927 3.656000 0
2022.830900 7.715832 3.678000 0
2022.833700 2.847227 3.500000 0
2022.836400 -6.444933 3.778000 0
2022.839200 2.789547 3.740000 0
2022.841900 7.733546 3.742000 0
2022.844600 4.069199 3.864000 0
2022.847400 3.429738 3.567000 0
2022.850100 5.851897 3.748000 0
2022.852800 1.097883 3.795000 0
2022.855600 -0.548975 3.818000 0
2022.858300 5.447874 3.634000 0
2022.861100 -1.365926 3.735000 0
2022.863800 2.448030 3.642000 0
2022.866500 -2.376889 3.660000 0
2022.869300 -1.472145 3.819000 0
2022.872000 2.138413 3.672000 0
2022.874700 -0.367722 3.623000 0
2022.877500 -11.438860 3.459000 0
2022.880200 -6.630144 3.612000 0
2022.883000 -7.094196 3.601000 0
2022.885700 -7.722379 3.644000 0
2022.888400 -3.261946 3.575000 0
2022.891200 -5.570912 3.633000 0
2022.893900 -1.708003 3.592000 0
2022.896600 -4.736295 3.782000 0
2022.899400 -7.170599 3.790000 0
2022.902100 2.314956 3.946000 0
2022.904900 -5.174229 3.651000 0
2022.907600 -2.286581 3.689000 0
2022.910300 -0.328835 3.701000 0
2022.913100 2.986587 4.059000 0
2022.915800 -7.226214 3.584000 0
2022.918500 -6.179744 3.724000 0
2022.921300 -6.502166 3.781000 0
2022.924000 -3.926895 3.700000 0
2022.926800 -0.716222 3.654000 0
2022.929500 -0.558925 3.856000 0
2022.932200 -5.097080 3.541000 0
2022.935000 -9.174383 4.100000 0
2022.937700 -3.463188 3.758000 0
2022.940500 -5.105836 3.658000 0
2022.943200 -3.083086 3.887000 0
2022.945900 -2.173535 3.516000 0
2022.948700 -0.680365 3.654000 0
2022.951400 -6.939968 3.819000 0
2022.954100 -5.385635 3.571000 0
2022.956900 -2.005215 3.406000 0
2022.959600 -2.207768 3.556000 0
2022.962400 -4.714922 3.555000 0
2022.965100 -9.227196 3.673000 0
2022.967800 -11.531332 3.978000 0
2022.970600 -6.374602 3.660000 0
2022.973300 -14.261236 3.559000 0
2022.976000 -7.814629 3.775000 0
2022.978800 -8.207692 3.745000 0
2022.981500 -8.493390 3.701000 0
2022.984300 -1.307450 3.648000 0
2022.987000 -6.688341 3.742000 0
2022.989700 0.541148 3.821000 0
2022.992500 -6.842273 3.715000 0
2022.995200 -3.186837 3.839000 0
2022.997900 -3.286962 3.523000 0
2023.000700 -3.569553 3.576000 0
2023.003400 -9.859624 3.659000 0
2023.006200 2.436130 3.898000 0
2023.008900 -11.005836 3.763000 0
2023.011600 -10.873300 3.696000 0
2023.014400 -10.319519 3.587000 0
2023.017100 -6.978831 3.625000 0
2023.019800 -5.352628 3.504000 0
2023.022600 -9.920777 3.520000 0
2023.025300 -2.241413 3.703000 0
2023.028100 -0.990142 3.640000 0
2023.030800 -7.512633 3.675000 0
2023.033500 -13.734626 3.782000 0
2023.044500 1.890497 6.327000 0
2023.047200 -5.319944 3.726000 0
2023.050000 -5.603543 3.822000 0
2023.052700 -5.204068 3.544000 0
2023.055400 -9.796232 3.967000 0
2023.058200 0.139748 4.042000 0
2023.060900 -5.762655 3.520000 0
2023.063700 -6.195725 3.825000 0
2023.066400 -5.014491 3.982000 0
2023.069100 -10.338049 3.737000 0
2023.074600 -6.508155 3.590000 0
2023.077300 -16.582198 3.784000 0
2023.082800 -10.165300 3.494000 0
2023.085600 -12.438225 3.774000 0
2023.088300 -11.841113 3.797000 0
2023.091000 -14.237136 3.694000 0
2023.093800 -13.064040 3.443000 0
2023.096500 -10.371385 3.476000 0
2023.099200 -3.924022 3.467000 0
2023.102000 -0.379400 3.752000 0
2023.104700 -7.839694 3.969000 0
2023.107500 -13.905654 3.686000 0
2023.110200 -15.762845 3.754000 0
2023.112900 -12.435623 3.654000 0
2023.115700 -7.633985 3.494000 0
2023.118400 -8.749041 3.573000 0
2023.121100 -0.482878 3.509000 0
2023.123900 -6.771249 3.806000 0
2023.126600 -0.068769 4.097000 0
2023.129400 -13.516810 3.821000 0
2023.132100 -10.557297 4.148000 0
2023.134800 -9.049910 4.626000 0
2023.137600 -9.784052 4.354000 0
2023.140300 2.071928 3.950000 0
2023.143100 -8.345642 4.526000 0
2023.145800 -2.568371 4.349000 0
2023.148500 -3.494598 4.074000 0
2023.151300 -7.896438 4.461000 0
2023.154000 0.484162 3.925000 0
2023.156700 -6.102966 4.501000 0
2023.159500 -6.152802 4.224000 0
2023.162200 -1.348580 4.926000 0
2023.165000 6.041855 4.017000 0
2023.167700 6.998105 4.566000 0
2023.170400 -5.142768 3.831000 0
2023.173200 -12.311573 4.075000 0
2023.175900 -11.331906 4.205000 0
2023.178600 -3.477602 3.958000 0
2023.181400 -10.717402 4.209000 0
2023.184100 -5.041046 6.205000 0
2023.186900 0.634075 6.768000 0
2023.189600 -7.969844 4.850000 0
2023.192300 -7.373527 3.997000 0
2023.195100 -6.245663 4.342000 0
2023.197800 -7.543107 3.942000 0
2023.200500 -11.094553 3.726000 0
2023.203300 -4.543691 4.044000 0
2023.206000 -1.833377 4.163000 0
2023.208800 -9.619930 3.645000 0
2023.211500 -10.764174 3.739000 0
2023.214200 -13.893806 3.659000 0
2023.217000 -9.121580 3.870000 0
2023.219700 0.640768 3.802000 0
2023.222500 -3.518221 4.839000 0
2023.225200 -5.666195 4.698000 0
2023.227900 -5.802927 4.677000 0
2023.230700 -11.450302 4.288000 0
2023.233400 -4.427793 4.182000 0
2023.236100 -12.721251 4.415000 0
2023.238900 -6.071673 3.903000 0
2023.241600 -13.192310 4.799000 0
2023.244400 -13.703131 12.065000 0
2023.247100 -2.405215 5.525000 0
2023.249800 -7.565596 7.166000 0
2023.252600 1.953500 8.352000 0
2023.255300 -7.306711 7.138000 0
2023.258000 -8.713400 5.419000 0
2023.260800 4.480041 6.980000 0
2023.263500 -7.228835 6.237000 0
2023.266300 -1.532819 6.320000 0
2023.269000 -1.688108 6.383000 0
2023.271700 -0.193150 8.024000 0
2023.274500 -5.502657 9.920000 0
2023.277200 -5.963425 9.502000 0
2023.279900 5.125906 6.348000 0
2023.282700 7.261415 5.385000 0
2023.285400 3.945735 4.558000 0
2023.288200 -12.986006 5.497000 0
2023.290900 2.472131 6.520000 0
2023.296400 5.132757 3.592000 0
2023.299100 -0.618638 3.685000 0
2023.301800 1.167746 3.774000 0
2023.304600 0.251356 3.519000 0
2023.307300 -5.205881 3.555000 0
2023.310100 -5.187127 3.442000 0
2023.312800 -10.024105 3.482000 0
2023.315500 1.855550 3.664000 0
2023.318300 -1.171146 3.855000 0
2023.321000 1.092618 3.512000 0
2023.323800 -3.807197 3.670000 0
2023.326500 2.836592 3.582000 0
2023.329200 5.198911 3.448000 0
2023.332000 6.900322 3.392000 0
2023.334700 8.322567 3.339000 0
2023.337400 0.380301 3.268000 0
2023.340200 9.934808 3.626000 0
2023.342900 4.055398 3.680000 0
2023.348400 3.338969 3.484000 0
2023.351100 2.139839 3.980000 0
2023.353900 6.093974 3.599000 0
2023.356600 -7.523352 3.635000 0
2023.359300 -3.672227 3.657000 0
2023.362100 2.425876 3.673000 0
2023.364800 -8.294187 3.560000 0
2023.367600 -7.712456 3.773000 0
2023.370300 0.097311 3.611000 0
2023.373000 0.859551 3.564000 0
2023.375800 -0.417676 3.689000 0
2023.378500 3.093444 3.574000 0
2023.381200 5.940065 3.925000 0
2023.384000 5.805974 3.681000 0
2023.386700 5.099547 3.641000 0
2023.389500 1.021249 3.583000 0
2023.392200 3.369833 3.421000 0
2023.394900 2.919993 3.544000 0
2023.397700 1.441061 3.695000 0
2023.400400 1.660338 3.642000 0
2023.403100 -4.590754 3.666000 0
2023.405900 4.766857 3.679000 0
2023.408600 -1.239995 3.510000 0
2023.411400 11.326725 3.776000 0
2023.414100 5.818204 3.718000 0
2023.416800 4.853425 3.678000 0
2023.419600 5.628038 3.583000 0
2023.422300 10.337738 3.674000 0
2023.427800 7.135996 3.884000 0
2023.430500 7.593150 3.772000 0
2023.433300 1.465422 4.025000 0
2023.436000 3.615322 3.927000 0
2023.441500 5.938004 3.826000 0
2023.444200 7.808776 3.906000 0
2023.447000 5.612432 4.130000 0
2023.449700 8.817240 3.837000 0
2023.452400 14.418146 4.097000 0
2023.455200 5.162810 4.163000 0
2023.457900 8.285930 3.638000 0
2023.460600 0.290235 4.053000 0
2023.463400 2.250185 3.987000 0
2023.466100 10.034884 4.017000 0
2023.468900 8.570155 3.942000 0
2023.471600 7.615367 3.900000 0
2023.474300 14.838910 3.699000 0
2023.477100 13.231927 3.701000 0
2023.479800 7.054160 3.664000 0
2023.482500 5.862809 3.994000 0
2023.485300 15.090840 3.674000 0
2023.488000 8.233351 3.739000 0
2023.490800 15.020184 3.673000 0
2023.493500 7.768667 4.007000 0
2023.496200 10.877703 3.801000 0
2023.499000 2.157980 3.859000 0
2023.501700 14.029148 3.950000 0
2023.504400 6.436946 4.010000 0
2023.507200 13.237908 3.812000 0
2023.509900 6.457989 3.855000 0
2023.512700 6.101184 3.838000 0
2023.515400 9.103644 3.676000 0
2023.518100 16.231851 3.758000 0
2023.520900 14.156098 3.866000 0
2023.523600 4.659817 3.999000 0
2023.526400 17.741528 3.783000 0
2023.529100 13.956842 3.551000 0
2023.531800 8.579004 4.021000 0
2023.534600 5.035085 3.681000 0
2023.537300 13.972955 4.271000 0
2023.540000 12.967724 3.896000 0
2023.542800 18.043341 3.693000 0
2023.545500 14.210918 3.674000 0
2023.551000 12.410736 3.806000 0
2023.553700 7.448153 3.877000 0
2023.556500 14.878291 3.829000 0
2023.561900 16.216021 3.520000 0
2023.564700 8.801032 3.604000 0
2023.567400 1.754408 3.924000 0
2023.570200 9.913373 3.815000 0
2023.572900 18.513793 4.367000 0
2023.575600 13.749264 3.645000 0
2023.578400 7.528238 3.688000 0
2023.581100 4.216796 3.590000 0
2023.583800 12.005421 3.544000 0
2023.586600 17.246462 3.575000 0
2023.589300 18.927203 3.607000 0
2023.592100 15.456298 3.785000 0
2023.594800 9.667170 3.682000 0
2023.597500 17.073128 3.777000 0
2023.600300 17.723343 3.682000 0
2023.603000 18.143443 3.526000 0
2023.605700 14.058633 3.694000 0
2023.608500 20.939979 3.914000 0
2023.611200 16.676315 3.711000 0
2023.614000 17.744737 3.667000 0
2023.616700 4.655215 3.904000 0
2023.619400 12.734780 3.624000 0
2023.622200 19.623324 3.689000 0
2023.624900 11.741023 3.483000 0
2023.627700 17.389628 3.507000 0
2023.630400 17.009451 3.509000 0
2023.633100 14.044349 3.554000 0
2023.635900 8.451042 3.784000 0
2023.638600 5.966048 3.683000 0
2023.641300 8.255121 3.917000 0
2023.644100 16.165874 3.759000 0
2023.646800 9.885036 3.892000 0
2023.649600 2.900800 3.900000 0
2023.652300 12.820037 3.751000 0
2023.655000 5.452326 3.683000 0
2023.657800 9.088101 3.718000 0
2023.660500 6.091447 3.785000 0
2023.663200 14.905836 3.588000 0
2023.666000 7.030597 3.598000 0
2023.668700 5.031028 3.617000 0
2023.671500 16.214755 3.749000 0
2023.674200 12.254222 3.633000 0
2023.676900 10.639723 3.796000 0
2023.679700 4.471407 3.674000 0
2023.682400 0.747939 3.678000 0
2023.685100 12.147503 3.854000 0
2023.687900 2.544143 3.919000 0
2023.690600 5.984741 3.810000 0
2023.693400 7.468345 3.769000 0
2023.696100 10.653984 3.771000 0
2023.698800 7.690667 3.559000 0
2023.701600 10.401257 3.584000 0
2023.704300 9.258002 3.692000 0
2023.707000 6.039805 3.605000 0
2023.709800 9.946424 3.419000 0
2023.712500 15.594325 3.500000 0
2023.715300 12.767988 3.585000 0
2023.718000 11.699018 3.824000 0
2023.720700 9.784144 3.497000 0
2023.723500 4.970960 3.557000 0
2023.726200 14.439277 3.591000 0
2023.729000 6.509242 3.735000 0
2023.731700 10.137800 3.631000 0
2023.734400 11.948516 3.580000 0
2023.737200 5.417829 3.615000 0
2023.739900 6.718878 3.621000 0
2023.742600 13.616133 3.591000 0
2023.745400 7.814951 3.660000 0
2023.748100 2.498649 3.654000 0
2023.750900 13.633895 3.792000 0
2023.753600 1.732121 3.634000 0
2023.756300 2.981658 3.714000 0
2023.759100 14.084736 3.551000 0
2023.761800 5.496946 3.845000 0
2023.764500 10.653544 3.659000 0
2023.767300 5.125694 3.654000 0
2023.770000 9.848130 3.483000 0
2023.772800 15.297138 3.874000 0
2023.775500 12.386535 3.802000 0
2023.778200 9.852470 3.749000 0
2023.781000 6.812025 3.863000 0
2023.783700 2.505123 3.747000 0
2023.786400 7.145863 3.544000 0
2023.789200 6.649292 3.471000 0
2023.791900 5.079418 3.567000 0
2023.794700 5.555292 3.548000 0
2023.797400 9.026965 3.528000 0
2023.800100 2.280477 3.936000 0
2023.802900 9.299847 3.570000 0
2023.805600 10.915163 3.501000 0
2023.808400 10.768423 3.600000 0
2023.811100 5.011726 3.694000 0
2023.813800 -2.053906 3.693000 0
2023.816600 0.335555 3.834000 0
2023.819300 -2.075801 3.550000 0
2023.822000 -3.054947 3.525000 0
2023.824800 -1.150823 3.830000 0
2023.827500 6.548615 3.586000 0
2023.830300 -1.356546 3.745000 0
2023.833000 1.029690 3.758000 0
2023.835700 -3.371601 3.647000 0
2023.838500 -1.044273 3.608000 0
2023.841200 -3.865434 3.535000 0
2023.843900 -2.790955 3.550000 0
2023.846700 3.914387 3.523000 0
2023.849400 2.521341 3.381000 0
2023.852200 7.175337 3.817000 0
2023.854900 2.921005 3.646000 0
2023.857600 -0.532397 3.568000 0
2023.860400 3.207528 3.495000 0
2023.863100 -5.545798 3.629000 0
2023.865800 -4.765014 3.713000 0
2023.868600 0.584404 3.594000 0
2023.871300 -10.481367 3.565000 0
2023.874100 -2.209283 3.695000 0
2023.876800 4.679641 3.723000 0
2023.879500 5.089980 3.630000 0
2023.882300 8.203521 3.402000 0
2023.885000 1.730930 3.602000 0
2023.887700 1.000938 3.911000 0
2023.890500 -6.195484 3.709000 0
2023.893200 -2.216031 3.592000 0
2023.896000 -2.701752 3.632000 0
2023.898700 2.381395 3.696000 0
2023.901400 -2.711554 3.790000 0
2023.904200 -3.733278 3.843000 0
2023.906900 -2.945164 3.569000 0
2023.909700 -1.143549 3.593000 0
2023.912400 0.078869 3.511000 0
2023.915100 2.488488 3.708000 0
2023.917900 -2.432967 3.808000 0
2023.920600 1.688310 3.500000 0
2023.923300 4.833957 3.426000 0
2023.926100 -6.854031 3.567000 0
2023.928800 -6.467386 3.609000 0
2023.931600 -5.031076 3.543000 0
2023.934300 -2.314214 3.590000 0
2023.937000 -0.784712 3.525000 0
2023.939800 1.431909 3.671000 0
2023.942500 -0.370059 3.405000 0
2023.945200 -11.911239 3.519000 0
2023.948000 -10.441839 3.638000 0
2023.950700 -9.044197 3.687000 0
2023.953500 -8.080662 3.684000 0
2023.956200 -9.954014 3.908000 0
2023.958900 -1.665355 3.360000 0
2023.961700 -6.018336 3.788000 0
2023.964400 -2.837418 3.520000 0
2023.967100 -7.011371 3.443000 0
2023.969900 -6.819498 3.581000 0
2023.972600 -5.873967 3.561000 0
2023.975400 -9.184298 3.492000 0
2023.978100 -3.749150 3.566000 0
2023.980800 -7.120706 3.678000 0
2023.983600 -2.993664 3.806000 0
2023.986300 -3.742426 3.531000 0
2023.989000 -3.412817 3.523000 0
2023.991800 -2.896153 3.544000 0
2023.994500 -1.715606 3.675000 0
2023.997300 -7.430707 3.652000 0
2024.000000 -3.630146 3.481000 0
2024.002700 -6.016118 3.685000 0
2024.005500 -4.198302 3.549000 0
2024.008200 -6.185174 3.517000 0
2024.011000 -2.342974 3.715000 0
2024.013700 0.454290 3.512000 0
2024.016400 -4.649933 3.549000 0
2024.019200 -4.868674 3.786000 0
2024.021900 -4.815736 4.065000 0
2024.024600 -0.361283 3.466000 0
2024.027400 -4.818955 3.512000 0
2024.030100 3.188646 3.914000 0
2024.032900 -4.262626 3.371000 0
2024.035600 -1.984906 3.490000 0
2024.038300 -9.729708 3.669000 0
2024.041100 -3.949027 3.667000 0
2024.043800 -9.868786 3.641000 0
2024.046500 -7.485114 3.648000 0
2024.049300 -6.482627 3.546000 0
2024.052000 -15.514027 3.785000 0
2024.054800 -12.942404 3.591000 0
2024.057500 -13.197973 3.754000 0
2024.060200 -7.495230 3.690000 0
2024.063000 -9.917177 3.877000 0
2024.065700 -13.623780 4.026000 0
2024.068400 -11.736166 3.840000 0
2024.071200 -14.725985 3.768000 0
2024.073900 -7.585930 3.424000 0
2024.076700 -11.684151 3.607000 0
2024.079400 -8.625817 3.638000 0
2024.082100 -6.849464 3.487000 0
2024.084900 -8.889181 3.747000 0
2024.087600 -9.534820 3.721000 0
2024.090300 -5.408581 3.724000 0
2024.093100 -1.312236 3.524000 0
2024.095800 -1.900291 3.518000 0
2024.098600 -8.300142 3.442000 0
2024.101300 -9.777711 3.738000 0
2024.104000 -10.585671 3.508000 0
2024.106800 -4.544307 3.532000 0
2024.109500 -4.214134 3.604000 0
2024.112300 -4.187575 3.803000 0
2024.115000 -5.481519 3.799000 0
2024.117700 -6.494162 3.445000 0
2024.120500 -8.774355 3.369000 0
2024.123200 -8.591511 3.514000 0
2024.125900 -0.526565 3.512000 0
2024.128700 -4.145140 3.598000 0
2024.131400 -8.458124 3.452000 0
2024.134200 -5.372629 3.416000 0
2024.136900 -5.595835 3.339000 0
2024.139600 -5.532296 3.537000 0
2024.142400 -5.481303 3.497000 0
2024.145100 -1.427434 3.542000 0
2024.147800 0.321957 3.565000 0
2024.150600 -0.715258 3.550000 0
2024.153300 0.576999 3.677000 0
2024.156100 0.890593 3.705000 0
2024.158800 -0.913600 3.629000 0
2024.161500 -7.412659 3.664000 0
2024.164300 -16.159495 3.604000 0
2024.167000 -6.522484 3.560000 0
2024.169700 -2.727578 3.610000 0
2024.172500 -6.502589 3.563000 0
2024.175200 2.777901 3.840000 0
2024.178000 1.532361 3.566000 0
2024.180700 1.552105 3.589000 0
2024.183400 -3.256654 3.788000 0
2024.186200 -3.848632 3.569000 0
2024.188900 -5.391625 3.377000 0
2024.191600 -3.053362 3.565000 0
2024.194400 -5.453532 3.296000 0
2024.197100 -4.697988 3.612000 0
2024.199900 3.430964 3.769000 0
2024.202600 1.352465 3.660000 0
2024.205300 -3.863173 3.552000 0
2024.208100 -4.862655 3.584000 0
2024.210800 -4.203811 3.507000 0
2024.213600 -6.905992 3.451000 0
2024.216300 -7.578977 3.547000 0
2024.219000 -5.008482 3.700000 0
2024.221800 -3.515299 3.714000 0
2024.224500 -5.955088 3.461000 0
2024.227200 -0.584617 3.613000 0
2024.230000 4.348238 3.637000 0
2024.232700 -4.790013 3.771000 0
2024.235500 -2.743093 3.572000 0
2024.238200 -5.524351 3.525000 0
2024.240900 -2.575695 3.532000 0
2024.243700 -2.454196 3.500000 0
2024.246400 -2.643954 3.474000 0
2024.249100 -1.134992 3.602000 0
2024.251900 -4.276525 3.962000 0
2024.254600 6.825638 3.742000 0
2024.257400 4.138076 3.563000 0
2024.260100 3.978198 3.524000 0
2024.262800 2.284740 3.437000 0
2024.265600 3.167205 3.593000 0
2024.268300 2.984363 3.647000 0
2024.271000 4.304779 3.703000 0
2024.273800 6.558763 3.757000 0
2024.276500 -1.376520 3.607000 0
2024.279300 -2.826476 3.408000 0
2024.282000 -5.109655 3.670000 0
2024.284700 -2.621814 3.490000 0
2024.287500 1.504995 3.460000 0
2024.290200 0.262674 3.774000 0
2024.293000 -1.320919 3.575000 0
2024.295700 -0.085566 3.790000 0
2024.298400 -4.047391 3.748000 0
2024.301200 -2.849843 3.580000 0
2024.303900 -8.086209 3.401000 0
2024.306600 -2.942851 3.441000 0
2024.309400 -2.918472 3.699000 0
2024.312100 -1.472841 3.522000 0
2024.314900 -1.449420 3.656000 0
2024.317600 -0.554621 3.578000 0
2024.320300 3.319770 3.662000 0
2024.323100 2.140612 3.744000 0
2024.325800 2.085038 3.562000 0
2024.328500 -6.066001 3.713000 0
2024.331300 1.200079 3.792000 0
2024.334000 5.179973 3.737000 0
2024.336800 8.908770 3.664000 0
2024.339500 4.709544 3.658000 0
2024.342200 5.387791 3.712000 0
2024.345000 -0.562371 3.750000 0
2024.347700 10.606705 3.556000 0
2024.350400 8.124235 3.998000 0
2024.353200 12.561056 3.731000 0
2024.355900 12.508392 3.976000 0
2024.358700 3.362824 3.991000 0
2024.361400 0.814966 3.640000 0
2024.364100 -0.599438 4.095000 0
2024.366900 4.204976 3.692000 0
2024.369600 -0.552601 3.615000 0
2024.372300 8.992293 3.916000 0
2024.375100 -5.187257 3.898000 0
2024.377800 0.711512 3.772000 0
2024.380600 0.267668 3.474000 0
2024.383300 3.887355 3.941000 0
2024.386000 6.793567 3.656000 0
2024.388800 3.812929 4.027000 0
2024.391500 -1.907856 3.709000 0
2024.394300 4.049358 3.950000 0
2024.397000 3.741644 3.695000 0
2024.399700 8.653538 3.820000 0
2024.402500 2.198217 3.781000 0
2024.405200 5.492298 3.890000 0
2024.407900 5.476047 3.736000 0
2024.410700 -2.020616 3.813000 0
2024.413400 1.981452 3.955000 0
2024.416200 -2.356016 3.748000 0
2024.418900 -5.942533 3.703000 0
2024.421600 9.576736 4.025000 0
2024.424400 2.574297 3.974000 0
2024.427100 12.673135 3.798000 0
2024.429800 6.013838 3.647000 0
2024.432600 7.634673 3.637000 0
2024.435300 6.521108 3.653000 0
2024.438100 -2.293424 3.453000 0
2024.440800 4.007857 3.654000 0
2024.443500 8.592142 3.654000 0
2024.446300 6.950322 3.567000 0
2024.449000 -1.498372 3.600000 0
2024.451700 -0.925976 3.763000 0
2024.454500 9.391190 3.514000 0
2024.457200 8.756785 3.644000 0
2024.460000 7.078070 3.800000 0
2024.462700 5.599984 4.302000 0
2024.465400 -3.595865 4.574000 0
2024.468200 1.256868 4.406000 0
2024.470900 1.737517 4.392000 0
2024.473600 7.900490 3.484000 0
2024.476400 10.149945 3.470000 0
2024.479100 14.098593 3.533000 0
2024.481900 1.683659 3.665000 0
2024.484600 3.507096 3.801000 0
2024.487300 8.371000 3.736000 0
2024.490100 4.654234 3.794000 0
2024.492800 7.513096 3.726000 0
2024.495600 6.131232 3.722000 0
2024.498300 7.693161 3.712000 0
2024.501000 11.175688 3.620000 0
2024.503800 5.966411 3.625000 0
2024.506500 14.156160 3.803000 0
2024.509200 3.464582 3.463000 0
2024.512000 4.505123 3.643000 0
2024.514700 12.149912 3.372000 0
2024.517500 8.853771 3.515000 0
2024.520200 -0.726982 3.892000 0
2024.522900 15.970049 3.479000 0
2024.525700 9.641077 3.632000 0
2024.528400 8.790693 3.854000 0
2024.531100 2.158152 3.694000 0
2024.533900 9.510536 3.559000 0
2024.536600 8.851694 3.868000 0
2024.539400 12.256728 3.818000 0
2024.542100 10.206654 3.566000 0
2024.544800 12.106506 3.558000 0
2024.547600 15.374163 3.577000 0
2024.550300 -4.854125 3.636000 0
2024.553000 -6.971443 3.597000 0
2024.555800 8.692967 3.705000 0
2024.558500 10.061587 3.705000 0
2024.561300 -1.066117 3.637000 0
2024.564000 4.860486 3.725000 0
2024.566700 6.636114 3.614000 0
2024.569500 3.651337 3.559000 0
2024.572200 2.326004 3.547000 0
2024.574900 4.983721 3.699000 0
2024.577700 4.795948 3.560000 0
2024.580400 9.372747 3.628000 0
2024.583200 10.122999 3.577000 0
2024.585900 8.108903 3.592000 0
2024.588600 7.568884 3.885000 0
2024.591400 9.296225 3.551000 0
2024.594100 4.663335 3.666000 0
2024.596900 11.061742 3.468000 0
2024.599600 4.625990 3.616000 0
2024.602300 7.237326 3.480000 0
2024.605100 7.340861 3.539000 0
2024.607800 7.466343 3.528000 0
2024.610500 12.862914 3.432000 0
2024.613300 4.404582 4.091000 0
2024.616000 2.799296 3.834000 0
2024.618800 7.384036 3.741000 0
2024.621500 9.454889 3.616000 0
2024.624200 11.227826 3.793000 0
2024.627000 11.543678 3.809000 0
2024.629700 5.010740 3.602000 0
2024.632400 15.774879 3.486000 0
2024.635200 1.059821 3.616000 0
2024.637900 9.269069 3.651000 0
2024.640700 10.188044 3.697000 0
2024.643400 2.458389 3.678000 0
2024.646100 5.773794 3.548000 0
2024.648900 3.037813 3.508000 0
2024.651600 -3.363704 3.631000 0
2024.654300 2.916831 3.487000 0
2024.657100 0.206862 3.500000 0
2024.659800 4.617456 3.771000 0
2024.662600 1.877469 3.596000 0
2024.665300 2.771112 3.451000 0
2024.668000 6.313793 3.515000 0
2024.670800 12.646779 3.610000 0
2024.673500 4.907497 3.632000 0
2024.676200 4.442248 3.699000 0
2024.679000 3.612192 3.469000 0
2024.681700 3.670974 3.516000 0
2024.684500 6.805876 3.467000 0
2024.687200 5.779689 3.301000 0
2024.689900 -0.784463 3.424000 0
2024.692700 13.008399 3.526000 0
2024.695400 13.370287 3.811000 0
2024.698200 5.602123 4.026000 0
2024.700900 4.661064 3.925000 0
2024.703600 2.679055 3.908000 0
2024.709100 7.412972 3.467000 0
2024.711800 11.192113 3.662000 0
2024.714600 6.641023 3.653000 0
2024.717300 1.111289 3.564000 0
2024.720100 5.685274 3.480000 0
2024.722800 7.785704 3.591000 0
2024.725500 3.979248 3.592000 0
2024.728300 2.525446 3.517000 0
2024.731000 6.976225 3.625000 0
2024.733700 0.130158 3.676000 0
2024.736500 3.271692 3.613000 0
2024.739200 9.049949 3.590000 0
2024.742000 8.262780 3.585000 0
2024.744700 8.782432 3.733000 0
2024.747400 -1.396676 3.566000 0
2024.750200 2.364764 3.434000 0
2024.752900 7.388173 3.547000 0
2024.755600 -0.983113 3.648000 0
2024.758400 3.681141 3.697000 0
2024.761100 -3.989486 3.609000 0
2024.763900 2.099432 3.592000 0
2024.766600 -3.251428 3.723000 0
2024.769300 3.458149 3.649000 0
2024.772100 6.875296 3.492000 0
2024.774800 1.457818 3.719000 0
2024.777500 -2.858130 4.407000 0
2024.780300 7.930536 3.514000 0
2024.810400 3.654761 3.623000 0
2024.813100 3.388107 3.866000 0
2024.815900 -1.093466 3.738000 0
2024.818600 1.956132 3.523000 0
2024.821400 -1.445077 3.708000 0
2024.824100 -0.981025 3.571000 0
2024.826800 2.415327 3.407000 0
2024.829600 5.263063 3.802000 0
2024.832300 2.620185 3.842000 0
2024.835000 -10.088234 3.856000 0
2024.837800 -6.862053 3.733000 0
2024.840500 9.317630 3.650000 0
2024.843300 7.567072 3.807000 0
2024.846000 -2.818914 4.080000 0
2024.848700 -1.784160 3.786000 0
2024.851500 -7.136389 3.749000 0
2024.854200 4.944048 3.762000 0
2024.856900 -0.846601 3.811000 0
2024.859700 -2.872948 3.789000 0
2024.862400 -0.439552 3.794000 0
2024.865200 -3.092651 3.825000 0
2024.867900 -18.310963 3.971000 0
2024.870600 0.090940 3.709000 0
2024.873400 -3.998329 3.688000 0
2024.876100 -5.138762 3.658000 0
2024.878900 2.410860 3.489000 0
2024.881600 -3.477658 3.735000 0
2024.884300 -5.041654 3.879000 0
2024.887100 -5.680235 3.629000 0
2024.889800 -3.794941 3.706000 0
2024.892500 -4.506941 3.609000 0
2024.900800 -3.513763 5.335000 0
2024.903500 1.358810 3.444000 0
2024.906200 -2.556607 3.347000 0
2024.909000 4.324442 3.332000 0
2024.911700 -5.489701 3.231000 0
2024.914400 -8.765658 3.196000 0
2024.917200 -2.914726 3.409000 0
2024.919900 -5.512055 3.312000 0
2024.922700 -10.530203 3.180000 0
2024.925400 -4.096673 3.198000 0
2024.928100 -4.527677 3.237000 0
2024.930900 -4.192054 3.414000 0
2024.933600 -7.338867 3.197000 0
2024.936300 -5.529055 3.250000 0
2024.939100 -0.704162 3.535000 0
2024.941800 6.090155 3.394000 0
2024.944600 0.054861 3.208000 0
2024.947300 -5.689119 3.203000 0
2024.950000 -5.114228 3.247000 0
2024.952800 -7.112485 3.118000 0
2024.955500 -2.457611 3.326000 0
2024.958200 -3.393737 3.224000 0
2024.961000 -9.646542 3.345000 0
2024.963700 -5.974430 3.286000 0
2024.966500 -7.779685 3.299000 0
2024.969200 -10.665179 3.087000 0
2024.971900 -8.458482 3.196000 0
2024.974700 -5.235685 3.193000 0
2024.977400 -6.956386 3.356000 0
2024.980200 -9.722677 3.293000 0
2024.982900 -9.117652 3.350000 0
2024.985600 -2.567286 3.086000 0
2024.988400 -3.111053 3.336000 0
2024.991100 -5.307804 3.392000 0
2024.993800 -9.625145 3.236000 0
2024.996600 -6.953171 3.223000 0
2024.999300 -4.237506 3.208000 0
2025.002100 -8.791232 3.347000 0
2025.004800 -9.271499 3.452000 0
2025.007500 -11.629277 3.280000 0
2025.010300 -8.106019 3.207000 0
2025.013000 -2.833664 3.541000 0
2025.015700 -5.308799 3.590000 0
2025.018500 -6.398485 3.112000 0
2025.021200 -12.605458 3.125000 0
2025.024000 -6.752717 3.306000 0
2025.026700 -2.581532 3.260000 0
2025.029400 -1.178839 3.141000 0
2025.032200 -1.130052 3.132000 0
2025.034900 -9.437236 3.319000 0
2025.037600 -12.070938 3.094000 0
2025.040400 -14.173187 3.086000 0
2025.043100 -13.499839 3.166000 0
2025.045900 -5.169811 3.237000 0
2025.048600 -2.570483 3.326000 0
2025.051300 -5.966759 3.350000 0
2025.054100 -11.299039 3.287000 0
2025.056800 -17.138471 3.385000 0
2025.059500 -14.768584 3.160000 0
2025.062300 -9.470411 3.280000 0
2025.065000 -9.840853 3.321000 0
2025.067800 -11.667831 3.360000 0
2025.070500 -13.768740 3.280000 0
2025.073200 -20.835496 3.356000 0
2025.076000 -3.186547 3.162000 0
2025.078700 -6.242003 3.252000 0
2025.081500 1.428391 3.259000 0
2025.084200 -2.042940 3.333000 0
2025.086900 -5.632333 3.254000 0
2025.089700 -5.062688 3.154000 0
2025.092400 -8.153246 3.319000 0
2025.095100 -3.905015 3.234000 0
2025.292300 -3.901948 3.451000 0
2025.349800 -3.542582 3.270000 0
2025.352500 -8.441034 3.273000 0
2025.355200 -3.471036 3.186000 0
2025.358000 -8.612919 3.114000 0
2025.360700 0.325884 3.137000 0
2025.363400 -2.113860 3.233000 0
2025.366200 -0.101763 3.225000 0
2025.368900 -3.067683 3.166000 0
2025.371700 -0.557940 3.218000 0
2025.374400 3.311993 3.319000 0
2025.377100 1.248411 3.262000 0
2025.379900 0.650239 3.185000 0
2025.382600 2.928570 3.261000 0
2025.385400 -3.640853 3.276000 0
2025.388100 -2.792556 3.325000 0
2025.390800 7.601292 3.317000 0
2025.393600 -3.802843 3.431000 0
2025.396300 -7.392933 3.353000 0
2025.399000 2.202579 3.426000 0
2025.401800 0.835894 3.375000 0
2025.404500 6.584582 3.216000 0
2025.407300 -0.262061 3.528000 0
2025.410000 -1.971110 3.315000 0
2025.412700 -2.508452 3.320000 0
2025.415500 0.773686 3.342000 0
2025.418200 -1.781253 3.336000 0
2025.420900 1.532588 3.226000 0
2025.423700 0.244735 3.319000 0
2025.426400 0.584131 3.382000 0
2025.429200 -2.756276 3.333000 0
2025.431900 10.365784 3.319000 0
2025.434600 11.925756 3.384000 0
2025.437400 2.098773 3.420000 0
2025.440100 11.896576 3.429000 0
2025.442800 5.882376 3.271000 0
2025.445600 -2.648917 3.457000 0
2025.448300 -1.149112 3.437000 0
2025.451100 8.972514 3.570000 0
2025.453800 6.371445 3.614000 0
2025.456500 -1.259483 3.570000 0
2025.459300 4.300289 3.651000 0
2025.462000 13.445665 3.377000 0
2025.464800 -3.268333 3.431000 0
2025.467500 8.532467 3.398000 0
2025.470200 7.138555 3.241000 0
2025.473000 5.010165 3.573000 0
2025.475700 0.920854 3.399000 0
2025.478400 -1.312082 3.427000 0
2025.481200 0.478409 3.472000 0
2025.483900 1.766249 3.601000 0
2025.486700 1.322455 3.296000 0
2025.489400 -1.165816 3.361000 0
2025.492100 -0.313573 3.425000 0
2025.494900 -0.232048 3.342000 0
2025.497600 3.227248 3.216000 0
2025.500300 3.404136 3.449000 0
2025.503100 4.953226 3.267000 0
2025.505800 7.576323 3.212000 0
2025.508600 4.771571 3.251000 0
2025.511300 1.951976 3.412000 0
2025.514000 2.722095 3.394000 0
2025.516800 -2.640710 3.216000 0
2025.519500 3.011856 3.308000 0
2025.522200 -0.405800 3.370000 0
2025.525000 1.419548 3.235000 0
2025.527700 3.237467 3.348000 0
2025.530500 -2.341659 3.413000 0
2025.533200 6.206913 3.364000 0
2025.535900 1.346359 3.928000 0
2025.538700 -2.909311 3.535000 0
2025.541400 5.382894 3.484000 0
2025.544100 0.813024 3.399000 0
2025.546900 1.841963 3.370000 0
2025.549600 -4.048055 3.308000 0
2025.552400 -1.404314 3.241000 0
2025.555100 6.982575 3.344000 0
2025.557800 -2.005545 3.262000 0
2025.560600 -2.801983 3.514000 0
2025.563300 4.273875 3.452000 0
2025.566100 1.341361 3.341000 0
2025.568800 -6.157763 3.351000 0
2025.571500 1.341152 3.357000 0
2025.574300 2.459613 3.279000 0
2025.577000 -0.419405 3.411000 0
2025.579700 5.513637 3.346000 0
2025.582500 3.162138 3.313000 0
2025.585200 1.822283 3.262000 0
2025.588000 2.300826 3.211000 0
2025.593400 1.673438 3.583000 0
2025.596200 -4.316909 3.468000 0
2025.598900 -0.074425 3.378000 0
2025.601600 2.587148 3.605000 0
2025.604400 0.830928 3.457000 0
2025.607100 -4.929354 3.539000 0
2025.609900 1.861502 3.478000 0
2025.612600 10.063365 3.380000 0
2025.615300 0.835317 4.202000 0
2025.618100 -6.377698 4.503000 0
2025.620800 6.714392 3.421000 0
2025.623500 4.608566 3.556000 0
2025.626300 6.593666 3.652000 0
2025.629000 1.188967 3.550000 0
2025.631800 -0.143880 3.969000 0
2025.634500 12.428538 3.496000 0
2025.637200 10.785027 3.305000 0
2025.640000 2.871253 3.418000 0
2025.642700 4.641841 3.680000 0
2025.645400 8.376490 3.531000 0
2025.648200 0.876762 3.421000 0
2025.650900 8.491490 3.608000 0
2025.653700 -1.096236 3.493000 0
2025.656400 -1.548441 3.424000 0
2025.659100 -1.017599 3.796000 0
2025.661900 6.472671 3.537000 0
2025.664600 9.165563 3.325000 0
2025.667400 3.047806 3.345000 0
2025.670100 1.579738 3.408000 0
2025.672800 6.734706 3.544000 0
2025.675600 10.075912 3.428000 0
2025.678300 7.239912 3.670000 0
2025.681000 4.664945 3.326000 0
2025.683800 7.426106 3.632000 0
2025.686500 6.223170 3.378000 0
2025.689300 -2.962710 3.359000 0
2025.694700 6.313526 3.362000 0
2025.697500 3.015619 3.394000 0
2025.700200 0.042807 3.410000 0
2025.702900 -0.554957 3.236000 0
2025.705700 4.820142 3.637000 0
2025.708400 7.154457 3.395000 0
2025.711200 6.731576 3.412000 0
2025.713900 3.846997 3.287000 0
2025.716600 2.863499 3.393000 0
2025.719400 5.051727 3.375000 0
2025.722100 8.922388 3.343000 0
2025.724800 8.402161 3.426000 0
2025.727600 13.876592 3.403000 0
2025.730300 -2.011407 3.436000 0
2025.733100 6.674215 3.358000 0
2025.735800 8.230500 3.260000 0
2025.738500 10.262966 3.237000 0
2025.741300 7.482010 3.314000 0
2025.744000 8.272862 3.287000 0
2025.746700 5.833949 3.346000 0
2025.749500 -0.217414 3.236000 0
2025.752200 2.036178 3.313000 0
2025.755000 5.485312 3.435000 0
2025.757700 1.546502 3.211000 0
2025.760400 0.355040 3.383000 0
2025.763200 1.812122 3.511000 0
2025.765900 3.951413 3.394000 0
2025.768700 -1.870740 3.305000 0
2025.771400 -1.211580 3.432000 0
2025.774100 -1.269931 3.408000 0
2025.776900 2.424311 3.372000 0
2025.779600 3.597020 3.273000 0
2025.782300 5.497317 3.304000 0
2025.785100 0.937266 3.326000 0
2025.787800 5.739835 3.274000 0
2025.790600 5.473107 3.396000 0
2025.793300 5.085102 3.377000 0
2025.796000 5.095875 3.437000 0
2025.798800 8.272447 3.612000 0
2025.801500 1.379892 3.385000 0
2025.804200 -0.863759 3.615000 0
2025.807000 1.509511 3.420000 0
2025.809700 -1.806201 3.285000 0
2025.812500 -1.324896 3.402000 0
2025.815200 -4.945477 3.482000 0
2025.817900 -1.467922 3.690000 0
2025.820700 -1.625189 3.570000 0
2025.823400 8.656794 3.335000 0
2025.826100 2.796063 3.462000 0
2025.828900 7.130699 3.411000 0
2025.831600 7.887711 3.471000 0
2025.834400 2.676231 3.541000 0
2025.837100 3.829205 3.199000 0
2025.839800 5.835735 3.137000 0
2025.842600 1.594004 3.302000 0
2025.845300 4.655835 3.347000 0
2025.848000 2.460392 3.392000 0
2025.850800 6.862943 3.555000 0
2025.853500 2.536152 3.508000 0
2025.856300 5.654542 3.473000 0
2025.859000 0.786646 3.503000 0
2025.861700 2.159768 3.271000 0
2025.864500 1.819368 3.680000 0
2025.867200 0.998751 3.643000 0
2025.870000 4.205823 3.410000 0
2025.872700 5.034714 3.286000 0
2025.875400 6.340929 3.295000 0
2025.911000 -4.142124 3.256000 0
2025.913800 -4.129112 3.234000 0
2025.916500 1.505670 3.383000 0
2025.919200 2.340739 3.444000 0
2025.922000 1.002952 3.334000 0
2025.924700 -7.385150 3.642000 0
2025.927400 -2.028798 3.549000 0
2025.930200 1.059141 3.360000 0
2025.932900 0.789656 3.348000 0
2025.935700 -0.531939 3.396000 0
2025.938400 -2.233049 3.328000 0
2025.941100 -4.280444 3.483000 0
2025.943900 -4.157490 3.486000 0
2025.946600 2.290794 3.329000 0
2025.949300 1.087936 3.514000 0
2025.952100 -6.007109 3.654000 0
2025.954800 -8.012006 3.387000 0
2025.957600 -0.956778 3.452000 0
2025.960300 -1.318541 3.393000 0
2025.963000 0.179768 3.578000 0
2025.965800 6.263671 3.470000 0
2025.968500 1.191355 3.221000 0
2025.971300 -7.014056 3.389000 0
2025.974000 -2.776853 3.328000 0
2025.976700 -5.060401 3.214000 0
2025.979500 -7.278579 3.235000 0
2025.982200 -5.408416 3.259000 0
2025.984900 1.755081 3.228000 0
2025.987700 4.972407 3.309000 0
2025.990400 -3.460226 3.396000 0
2025.993200 -5.237728 3.304000 0
2025.995900 -8.785403 3.388000 0
2025.998600 -6.567633 3.284000 0
2026.001400 -1.304292 3.348000 0
2026.004100 4.834539 3.674000 0
2026.006800 0.142855 3.372000 0
2026.009600 -0.844828 3.337000 0
2026.012300 0.471617 3.327000 0
2026.015100 2.929342 3.428000 0
2026.017800 1.582941 3.366000 0
2026.020500 2.511056 3.408000 0
2026.023300 0.593852 3.935000 0
2026.026000 3.778126 4.067000 0
2026.028700 -11.757090 3.488000 0
2026.031500 -11.476243 3.363000 0
2026.034200 -8.183331 3.368000 0
2026.037000 -2.531112 3.340000 0
2026.039700 -5.575115 3.309000 0
2026.042400 -2.834660 3.325000 0
2026.045200 -9.298555 3.328000 0
2026.047900 -3.752111 3.302000 0
2026.050700 -6.740798 3.486000 0
2026.056100 -4.706747 4.026000 0
2026.058900 -10.373875 3.427000 0
2026.061600 -9.038426 3.346000 0
2026.064300 -5.411710 3.442000 0
2026.067100 0.960448 3.566000 0
2026.069800 -8.642284 3.327000 0
2026.072600 -10.401407 3.240000 0
2026.075300 -10.431737 3.361000 0
2026.078000 -4.777985 3.509000 0
2026.080800 -2.581402 3.232000 0
2026.083500 -8.186502 3.276000 0
2026.086200 -10.379652 3.379000 0
2026.089000 -2.732779 3.466000 0
2026.091700 -3.963068 3.508000 0
2026.094500 -13.042224 3.524000 0
2026.097200 -2.990862 3.553000 0
2026.099900 -0.894806 3.391000 0
2026.102700 -4.191480 3.475000 0
2026.105400 -6.216111 3.580000 0
2026.108100 -6.167221 3.323000 0
2026.110900 -3.264960 3.396000 0
2026.113600 6.132878 3.491000 0
2026.116400 -2.212863 3.365000 0
2026.119100 -0.998338 3.465000 0
2026.121800 -0.731609 3.579000 0
2026.124600 -5.426413 3.477000 0
2026.127300 0.813596 3.260000 0
2026.130000 -3.211397 3.439000 0
2026.132800 3.147091 3.638000 0
2026.135500 -0.388049 3.372000 0
2026.138300 -1.421718 3.493000 0
2026.141000 -3.307302 3.425000 0
2026.143700 -1.931251 3.445000 0
2026.146500 -4.520773 3.456000 0
2026.149200 -3.168623 3.384000 0
2026.152000 3.583908 3.521000 0
2026.154700 0.863845 3.516000 0
2026.157400 1.661033 3.681000 0
2026.160200 -0.999495 3.435000 0
2026.162900 -0.143997 3.298000 0
2026.165600 1.049518 3.347000 0
2026.168400 -1.720812 3.306000 0
2026.171100 0.865529 3.420000 0
2026.173900 3.724925 3.429000 0
2026.176600 4.000765 3.503000 0
2026.179300 3.107221 3.564000 0
2026.182100 1.205557 3.504000 0
2026.184800 -3.583977 3.341000 0
2026.187500 -0.644134 3.330000 0
2026.190300 1.445387 3.552000 0
2026.193000 -0.235248 3.308000 0
2026.195800 -3.974355 3.416000 0
2026.198500 -2.169792 3.334000 0
2026.201200 -3.920250 3.527000 0
2026.204000 -3.934423 3.530000 0
2026.206700 -3.383163 3.320000 0
2026.209400 0.695843 3.254000 0
2026.212200 0.493871 3.447000 0
2026.214900 -2.622874 3.249000 0
2026.217700 -0.630785 3.424000 0
2026.220400 -0.986589 3.413000 0
2026.223100 -3.380023 3.255000 0
2026.225900 -1.586919 3.405000 0
2026.228600 -4.534858 3.355000 0
2026.231300 -5.673644 3.425000 0
2026.234100 -4.846203 3.373000 0
2026.236800 -3.745924 3.347000 0
