2007.718000 6.271480 6.074000 8
2007.720700 -2.307151 3.512000 8
2007.723500 -4.071433 3.564000 8
2007.726200 3.928815 3.333000 8
2007.729000 -0.210517 3.365000 8
2007.731700 -3.371313 3.260000 8
2007.734400 -5.254609 3.421000 8
2007.737200 -3.258368 3.469000 8
2007.739900 0.079416 3.482000 8
2007.742600 9.164763 3.483000 8
2007.745400 -5.986223 3.188000 8
2007.748100 -1.267662 3.693000 8
2007.750900 -4.030341 3.817000 8
2007.753600 -2.693472 3.562000 8
2007.756300 3.655074 3.535000 8
2007.759100 19.939529 3.385000 8
2007.761800 11.611528 3.330000 8
2007.764500 2.755277 3.407000 8
2007.767300 -3.369907 3.708000 8
2007.770000 -7.424557 3.631000 8
2007.772800 5.395972 3.778000 8
2007.775500 -2.781976 3.427000 8
2007.778200 1.956950 3.401000 8
2007.781000 -2.227772 3.492000 8
2007.783700 -0.490993 3.412000 8
2007.786400 -3.893268 3.308000 8
2007.789200 4.442992 3.349000 8
2007.791900 5.414719 3.359000 8
2007.794700 1.755106 3.612000 8
2007.797400 3.546935 3.448000 8
2007.800100 -1.507171 3.491000 8
2007.802900 -4.224426 3.625000 8
2007.805600 -13.892290 3.391000 8
2007.808400 -6.507173 3.318000 8
2007.811100 -8.323705 3.490000 8
2007.813800 -5.585060 3.253000 8
2007.816600 -8.918238 3.469000 8
2007.819300 -10.694133 3.472000 8
2007.822000 -13.178792 3.462000 8
2007.824800 -6.354076 3.476000 8
2007.827500 -8.578160 3.445000 8
2007.830300 -5.591735 3.639000 8
2007.833000 -10.501173 3.364000 8
2007.835700 -6.553289 3.300000 8
2007.838500 -6.761700 3.360000 8
2007.841200 -8.531077 3.385000 8
2007.843900 -8.425090 3.426000 8
2007.846700 -10.294206 3.408000 8
2007.849400 -8.762405 3.250000 8
2007.852200 -6.627581 3.433000 8
2007.854900 -9.433925 3.559000 8
2007.857600 -1.985855 3.395000 8
2007.860400 -6.458579 3.335000 8
2007.863100 -2.114610 3.339000 8
2007.865800 -4.963210 3.387000 8
2007.868600 -7.827429 3.335000 8
2007.871300 -10.995105 3.499000 8
2007.874100 -4.911290 3.443000 8
2007.876800 -7.682040 3.400000 8
2007.879500 -3.820355 3.344000 8
2007.882300 -6.098020 3.324000 8
2007.885000 -3.630422 3.467000 8
2007.887700 -6.390402 3.357000 8
2007.890500 -10.891588 3.306000 8
2007.893200 -0.701692 3.218000 8
2007.896000 -5.694915 3.295000 8
2007.898700 -2.892182 3.509000 8
2007.901400 -10.798073 3.459000 8
2007.904200 -12.160967 3.452000 8
2007.906900 -9.475099 3.491000 8
2007.909700 -6.590165 3.437000 8
2007.912400 3.568395 3.378000 8
2007.915100 -5.719752 3.446000 8
2007.917900 -6.289744 3.454000 8
2007.920600 -13.392318 3.470000 8
2007.923300 -14.863663 3.338000 8
2007.926100 -12.262786 3.468000 8
2007.928800 -5.668704 3.530000 8
2007.931600 -5.912365 3.940000 8
2007.934300 0.480034 3.672000 8
2007.937000 -8.379474 3.594000 8
2007.939800 -9.693692 3.485000 8
2007.942500 -9.160068 3.415000 8
2007.945200 -11.857447 3.431000 8
2007.948000 -5.831527 3.724000 8
2007.950700 -3.260982 3.461000 8
2007.953500 -9.648145 3.553000 8
2007.956200 -5.360829 3.384000 8
2007.958900 -6.270701 3.611000 8
2007.961700 -4.792311 3.676000 8
2007.964400 -4.704656 3.679000 8
2007.967100 -11.839314 3.578000 8
2007.969900 -8.984763 3.434000 8
2007.972600 -10.597157 3.366000 8
2007.975400 -8.729391 3.595000 8
2007.978100 -11.321709 3.377000 8
2007.980800 -9.960570 3.353000 8
2007.983600 -13.154363 3.400000 8
2007.986300 -11.536439 3.394000 8
2007.989000 -6.307205 3.432000 8
2007.991800 -1.367021 3.600000 8
2007.994500 -4.911310 3.363000 8
2007.997300 -4.188742 3.583000 8
2008.000000 -12.295767 3.382000 8
2008.002700 -10.761743 3.426000 8
2008.005500 -8.661018 3.417000 8
2008.008200 -7.311057 3.585000 8
2008.011000 13.919486 3.516000 8
2008.013700 6.070160 3.579000 8
2008.016400 -3.040391 3.429000 8
2008.019200 -10.611553 3.532000 8
2008.021900 -8.454730 3.380000 8
2008.024600 -14.655299 3.401000 8
2008.027400 -10.393695 3.533000 8
2008.030100 -10.123234 3.423000 8
2008.032900 -2.333757 3.587000 8
2008.035600 -8.401498 3.360000 8
2008.038300 -3.963913 3.464000 8
2008.041100 -5.312560 3.542000 8
2008.043800 -6.330522 3.334000 8
2008.046500 -6.065326 3.394000 8
2008.049300 -4.455628 3.357000 8
2008.052000 -6.620320 3.194000 8
2008.054800 -1.110697 3.365000 8
2008.057500 -12.175501 3.358000 8
2008.060200 -8.458425 3.397000 8
2008.063000 -0.409325 3.589000 8
2008.065700 -3.438692 3.409000 8
2008.068400 -8.488337 3.334000 8
2008.071200 -6.495262 3.518000 8
2008.073900 2.689330 3.457000 8
2008.076700 -4.503568 3.536000 8
2008.079400 -3.127945 3.459000 8
2008.082100 -7.687852 3.369000 8
2008.084900 -11.407573 3.364000 8
2008.087600 -0.585746 3.313000 8
2008.090300 6.447408 3.379000 8
2008.093100 -1.466580 3.466000 8
2008.095800 -1.801970 3.421000 8
2008.098600 -3.899726 3.406000 8
2008.101300 -5.224837 3.410000 8
2008.104000 -5.574835 3.389000 8
2008.106800 -4.450536 3.462000 8
2008.109500 -3.226500 3.379000 8
2008.112300 -4.742394 3.374000 8
2008.115000 -0.393474 3.336000 8
2008.117700 -5.995628 3.498000 8
2008.120500 -5.561049 3.307000 8
2008.123200 -3.762526 3.410000 8
2008.125900 -5.060169 3.416000 8
2008.128700 0.493584 3.455000 8
2008.131400 -3.674562 3.413000 8
2008.134200 -2.864533 3.467000 8
2008.136900 -4.422285 3.343000 8
2008.139600 1.342667 3.409000 8
2008.142400 1.886467 3.495000 8
2008.145100 -4.028320 3.417000 8
2008.147800 10.101539 3.513000 8
2008.150600 -6.330074 3.412000 8
2008.153300 -8.672057 3.483000 8
2008.156100 -7.763721 3.482000 8
2008.158800 -4.480599 3.627000 8
2008.161500 -1.592895 3.329000 8
2008.164300 -4.809172 3.464000 8
2008.167000 0.247585 3.326000 8
2008.169700 -11.540095 3.376000 8
2008.172500 -7.395042 3.376000 8
2008.175200 -4.609689 3.497000 8
2008.178000 -6.131789 3.350000 8
2008.180700 -6.389402 3.214000 8
2008.183400 -5.017447 3.224000 8
2008.186200 -2.577205 3.240000 8
2008.188900 -10.236185 3.178000 8
2008.191600 -5.746575 3.578000 8
2008.194400 -5.623920 3.263000 8
2008.197100 -3.727183 3.322000 8
2008.199900 -4.068553 3.401000 8
2008.202600 -0.690632 3.479000 8
2008.205300 -0.481049 3.470000 8
2008.208100 -1.353783 3.465000 8
2008.210800 -6.637905 3.394000 8
2008.213600 -6.128472 3.478000 8
2008.216300 -11.761208 3.335000 8
2008.219000 -9.421171 3.398000 8
2008.221800 -5.704755 3.383000 8
2008.224500 -8.683174 3.343000 8
2008.227200 -5.066737 3.379000 8
2008.230000 -3.478072 3.583000 8
2008.232700 -2.735907 3.686000 8
2008.235500 -1.493602 3.578000 8
2008.238200 -0.277572 3.417000 8
2008.240900 0.191482 3.584000 8
2008.243700 -5.959437 3.625000 8
2008.246400 -3.662294 3.372000 8
2008.249100 -5.929012 3.450000 8
2008.251900 -0.668790 3.376000 8
2008.254600 -6.631174 3.370000 8
2008.257400 -4.407665 3.322000 8
2008.260100 2.542461 3.531000 8
2008.262800 -3.892061 3.276000 8
2008.265600 1.084263 3.402000 8
2008.268300 -5.671474 3.301000 8
2008.271000 6.335282 3.331000 8
2008.273800 -5.015143 3.315000 8
2008.276500 -9.502312 3.337000 8
2008.279300 -9.269665 3.401000 8
2008.282000 -8.694556 3.477000 8
2008.284700 -8.948708 3.235000 8
2008.287500 -0.936032 3.450000 8
2008.290200 -6.619595 3.562000 8
2008.293000 -6.262311 3.333000 8
2008.295700 -8.083074 3.434000 8
2008.298400 0.555163 3.295000 8
2008.301200 5.567295 3.319000 8
2008.303900 -4.395345 3.255000 8
2008.306600 -2.587828 3.204000 8
2008.309400 8.346655 3.538000 8
2008.312100 -6.313379 3.316000 8
2008.314900 -7.209391 3.402000 8
2008.317600 -10.410756 3.517000 8
2008.320300 -8.753695 3.471000 8
2008.323100 -4.833514 3.404000 8
2008.325800 1.728541 3.664000 8
2008.328500 0.643183 3.293000 8
2008.331300 -4.975941 3.329000 8
2008.334000 -1.967983 3.306000 8
2008.336800 -3.897705 3.283000 8
2008.339500 -6.063217 3.518000 8
2008.342200 0.532117 3.287000 8
2008.345000 -9.568089 3.482000 8
2008.347700 -2.331914 3.516000 8
2008.350400 -4.507743 3.355000 8
2008.353200 4.348039 3.359000 8
2008.355900 -1.967647 3.331000 8
2008.358700 -1.516616 3.404000 8
2008.361400 0.725034 3.495000 8
2008.364100 -9.154080 3.467000 8
2008.366900 -4.496310 3.368000 8
2008.369600 -3.969809 3.371000 8
2008.372300 -12.388938 3.508000 8
2008.375100 -9.295010 3.417000 8
2008.377800 -4.600260 3.438000 8
2008.380600 -6.141331 3.387000 8
2008.383300 -0.958534 3.500000 8
2008.386000 3.574835 3.383000 8
2008.388800 1.263565 3.410000 8
2008.391500 0.576215 3.485000 8
2008.394300 -3.195651 3.471000 8
2008.397000 -0.764576 3.566000 8
2008.399700 2.921249 3.508000 8
2008.402500 -1.485254 3.420000 8
2008.405200 -0.766804 3.329000 8
2008.407900 -1.602512 3.495000 8
2008.410700 -1.465362 3.429000 8
2008.413400 -2.273266 3.592000 8
2008.416200 0.019809 3.489000 8
2008.418900 -0.042187 3.437000 8
2008.421600 0.897791 3.665000 8
2008.424400 4.612929 3.474000 8
2008.427100 -0.122045 3.600000 8
2008.429800 0.226017 3.464000 8
2008.432600 3.830416 3.619000 8
2008.435300 -3.500358 3.612000 8
2008.438100 -1.346679 3.472000 8
2008.440800 -3.403224 3.525000 8
2008.443500 4.906346 3.542000 8
2008.446300 2.637535 3.370000 8
2008.449000 -2.897589 3.354000 8
2008.451700 -1.503565 3.471000 8
2008.454500 -2.763766 3.668000 8
2008.457200 -4.720382 3.534000 8
2008.460000 -0.269122 3.327000 8
2008.462700 -1.238355 3.444000 8
2008.465400 -3.678413 3.447000 8
2008.468200 1.046549 3.528000 8
2008.470900 1.406891 3.470000 8
2008.473600 -2.301589 3.447000 8
2008.476400 -1.863917 3.398000 8
2008.479100 -2.053001 3.489000 8
2008.481900 0.694148 3.581000 8
2008.484600 2.239445 3.439000 8
2008.487300 -3.283098 3.447000 8
2008.490100 -2.327294 3.530000 8
2008.492800 -7.087493 3.514000 8
2008.495600 -7.406275 3.390000 8
2008.498300 -1.473166 3.317000 8
2008.501000 -2.825939 3.421000 8
2008.503800 -3.099202 3.388000 8
2008.506500 3.321268 3.715000 8
2008.509200 -6.460181 3.640000 8
2008.512000 0.818963 3.651000 8
2008.514700 1.483675 3.516000 8
2008.517500 5.008029 3.608000 8
2008.520200 -2.396159 3.414000 8
2008.522900 -7.559340 3.943000 8
2008.525700 1.069183 3.703000 8
2008.528400 -0.177000 3.776000 8
2008.531100 -1.725230 3.739000 8
2008.533900 -2.551702 3.720000 8
2008.536600 -4.128045 3.623000 8
2008.539400 0.525399 3.752000 8
2008.542100 -1.514136 3.404000 8
2008.544800 1.830187 3.706000 8
2008.547600 1.103332 3.490000 8
2008.550300 6.814339 3.515000 8
2008.553000 0.092143 3.669000 8
2008.555800 2.089795 3.497000 8
2008.558500 0.330157 3.848000 8
2008.561300 1.472381 3.806000 8
2008.564000 1.259216 3.458000 8
2008.566700 -0.583259 3.450000 8
2008.569500 2.493142 3.449000 8
2008.572200 -2.499989 3.534000 8
2008.574900 8.074509 3.894000 8
2008.577700 3.143889 3.690000 8
2008.580400 0.458604 3.517000 8
2008.583200 4.174203 3.385000 8
2008.585900 -0.128947 3.472000 8
2008.588600 12.209429 3.672000 8
2008.591400 14.453690 3.546000 8
2008.594100 -4.388918 3.421000 8
2008.596900 -6.935645 3.546000 8
2008.599600 0.515687 3.616000 8
2008.602300 5.269453 3.779000 8
2008.605100 -3.705905 3.574000 8
2008.607800 5.865695 3.518000 8
2008.610500 -9.714321 3.601000 8
2008.613300 0.391535 3.437000 8
2008.616000 -5.744744 3.684000 8
2008.618800 1.488846 3.712000 8
2008.621500 5.422247 3.618000 8
2008.624200 2.630963 3.351000 8
2008.627000 -0.243458 3.572000 8
2008.629700 7.404861 3.489000 8
2008.632400 3.761460 3.405000 8
2008.635200 0.221923 3.398000 8
2008.637900 0.708063 3.562000 8
2008.640700 -3.065931 3.734000 8
2008.643400 -7.888282 3.600000 8
2008.646100 -0.088394 3.607000 8
2008.648900 4.481367 3.488000 8
2008.651600 3.871726 3.471000 8
2008.654300 -1.291689 3.662000 8
2008.657100 4.627781 3.770000 8
2008.659800 -2.965184 3.667000 8
2008.662600 4.412751 3.522000 8
2008.665300 11.040231 3.707000 8
2008.668000 6.164931 3.916000 8
2008.670800 -1.985442 3.448000 8
2008.673500 -2.275290 3.609000 8
2008.676200 0.226090 3.792000 8
2008.679000 -5.742569 3.610000 8
2008.681700 -2.180713 3.524000 8
2008.684500 -0.599865 3.455000 8
2008.687200 0.147492 3.575000 8
2008.689900 -5.885893 3.687000 8
2008.692700 2.384767 3.598000 8
2008.695400 2.750935 3.368000 8
2008.698200 -2.556811 3.333000 8
2008.700900 -2.012047 3.607000 8
2008.703600 -0.196973 3.358000 8
2008.706400 -0.356740 3.281000 8
2008.709100 -4.717994 3.708000 8
2008.711800 -4.438895 3.555000 8
2008.714600 3.703447 3.660000 8
2008.717300 -0.016690 3.438000 8
2008.720100 -1.902521 3.484000 8
2008.722800 9.776175 3.650000 8
2008.725500 -2.138693 3.656000 8
2008.728300 -5.182150 3.327000 8
2008.731000 -4.813072 3.492000 8
2008.733700 1.495500 3.444000 8
2008.736500 -3.517400 3.358000 8
2008.739200 -1.175759 3.446000 8
2008.742000 -6.919505 3.451000 8
2008.744700 -3.415705 3.566000 8
2008.747400 -5.941304 3.244000 8
2008.750200 -7.024154 3.541000 8
2008.752900 -6.952457 3.547000 8
2008.755600 2.130911 3.432000 8
2008.758400 -1.030825 3.513000 8
2008.761100 -3.178016 3.551000 8
2008.763900 -5.781207 3.410000 8
2008.766600 -4.825859 3.610000 8
2008.769300 -3.434719 3.442000 8
2008.772100 0.205587 3.377000 8
2008.774800 -0.341583 3.409000 8
2008.777500 -2.039886 3.624000 8
2008.780300 -4.078852 3.263000 8
2008.783000 -8.259315 3.285000 8
2008.785800 -4.704319 3.556000 8
2008.788500 -9.705841 3.481000 8
2008.791200 -8.154373 3.454000 8
2008.794000 -9.631263 3.378000 8
2008.796700 -8.859707 3.269000 8
2008.799500 -3.704381 3.376000 8
2008.802200 -4.155642 3.454000 8
2008.804900 -3.137796 3.318000 8
2008.807700 -8.398987 3.399000 8
2008.810400 -5.580820 3.325000 8
2008.813100 -4.940482 3.443000 8
2008.815900 -6.499984 3.320000 8
2008.818600 -6.111197 3.394000 8
2008.821400 -10.458117 3.325000 8
2008.824100 -11.856801 3.376000 8
2008.826800 -10.209217 3.423000 8
2008.829600 -7.158141 3.304000 8
2008.832300 -3.066919 3.712000 8
2008.835000 -10.168379 3.381000 8
2008.837800 2.098849 3.517000 8
2008.840500 0.730120 3.425000 8
2008.843300 -5.092791 3.499000 8
2008.846000 1.321265 3.545000 8
2008.848700 -0.858295 3.333000 8
2008.851500 1.035153 3.435000 8
2008.854200 -2.412556 3.443000 8
2008.856900 5.841146 3.365000 8
2008.859700 -0.698960 3.388000 8
2008.862400 -2.378361 3.619000 8
2008.865200 -11.278452 3.363000 8
2008.867900 -1.790937 3.585000 8
2008.870600 -3.071986 3.551000 8
2008.873400 -4.528557 3.483000 8
2008.876100 -10.825679 3.447000 8
2008.878900 -10.719216 3.450000 8
2008.881600 -8.730417 3.484000 8
2008.884300 -6.837188 3.372000 8
2008.887100 -5.340225 3.356000 8
2008.889800 -5.643102 3.353000 8
2008.892500 -4.819570 3.369000 8
2008.895300 -10.601168 3.435000 8
2008.898000 -4.955793 3.564000 8
2008.900800 -6.265467 3.565000 8
2008.903500 -0.929298 3.388000 8
2008.906200 -5.759778 3.390000 8
2008.909000 -6.130200 3.470000 8
2008.911700 -7.074979 3.529000 8
2008.914400 -2.578459 3.548000 8
2008.917200 -5.962791 3.329000 8
2008.919900 -2.919688 3.363000 8
2008.922700 -9.648388 3.465000 8
2008.925400 -12.997794 3.534000 8
2008.928100 -9.028014 3.403000 8
2008.930900 -11.838983 3.593000 8
2008.933600 -4.606872 3.543000 8
2008.936300 -4.696660 3.460000 8
2008.939100 -7.502161 3.588000 8
2008.941800 -10.766801 3.457000 8
2008.944600 -9.538143 3.528000 8
2008.947300 -4.264770 3.321000 8
2008.950000 -0.664462 3.424000 8
2008.952800 -5.283860 3.454000 8
2008.955500 -1.110761 3.485000 8
2008.958200 1.384160 3.309000 8
2008.961000 -4.373652 3.375000 8
2008.963700 -4.244182 3.233000 8
2008.966500 0.516523 3.449000 8
2008.969200 -8.889631 3.310000 8
2008.971900 -6.997176 3.180000 8
2008.974700 1.724446 3.299000 8
2008.977400 -0.949999 3.493000 8
2008.980200 -1.607334 3.297000 8
2008.982900 2.564129 3.252000 8
2008.985600 0.170964 3.428000 8
2008.988400 -5.225199 3.328000 8
2008.991100 -7.889758 3.428000 8
2008.993800 -5.598097 3.487000 8
2008.996600 -5.681565 3.367000 8
2008.999300 -7.841612 3.555000 8
2009.002100 -6.036891 3.453000 8
2009.004800 2.529136 3.417000 8
2009.007500 1.899117 3.420000 8
2009.010300 -1.969304 3.414000 8
2009.013000 -1.653581 3.357000 8
2009.015700 0.137932 3.462000 8
2009.018500 -1.604149 3.414000 8
2009.021200 -8.182234 3.341000 8
2009.024000 -2.765054 3.610000 8
2009.026700 -6.062966 3.356000 8
2009.029400 -7.511369 3.528000 8
2009.032200 -10.624735 3.445000 8
2009.034900 -6.281310 3.369000 8
2009.037600 -10.031545 3.319000 8
2009.040400 -5.520990 3.186000 8
2009.043100 -6.029742 3.300000 8
2009.045900 -5.265879 3.399000 8
2009.048600 -8.325377 3.247000 8
2009.051300 -6.891816 3.222000 8
2009.054100 -1.056916 3.228000 8
2009.056800 -0.247439 3.349000 8
2009.059500 1.424932 3.408000 8
2009.062300 -3.927647 3.388000 8
2009.065000 2.452309 3.188000 8
2009.067800 2.650113 3.495000 8
2009.070500 -2.237562 3.396000 8
2009.073200 2.288394 3.489000 8
2009.076000 -6.035115 3.396000 8
2009.078700 0.736898 3.280000 8
2009.081500 -5.943768 3.329000 8
2009.084200 -1.898899 3.338000 8
2009.086900 -1.303646 3.317000 8
2009.089700 -5.182398 3.447000 8
2009.092400 -6.564576 3.316000 8
2009.095100 -4.298505 3.326000 8
2009.097900 -2.520771 3.684000 8
2009.100600 7.455601 3.544000 8
2009.103400 10.768411 3.292000 8
2009.106100 0.030917 3.386000 8
2009.108800 15.345466 3.446000 8
2009.111600 0.829115 3.295000 8
2009.114300 2.501567 3.619000 8
2009.117000 -2.414047 3.585000 8
2009.119800 -0.558898 3.496000 8
2009.122500 1.469183 3.328000 8
2009.125300 -0.701200 3.545000 8
2009.128000 2.799450 3.203000 8
2009.130700 3.177884 3.350000 8
2009.133500 3.798520 3.321000 8
2009.136200 -1.035640 3.299000 8
2009.138900 -3.318091 3.353000 8
2009.141700 -5.751667 3.236000 8
2009.144400 1.492154 3.423000 8
2009.147200 -0.345366 3.465000 8
2009.149900 -3.885349 3.576000 8
2009.152600 1.721287 3.485000 8
2009.155400 -0.029731 3.396000 8
2009.158100 -1.993984 3.347000 8
2009.160800 -9.194652 3.113000 8
2009.163600 -4.483276 3.258000 8
2009.166300 -6.548889 3.241000 8
2009.169100 -0.367651 3.538000 8
2009.171800 4.899773 3.134000 8
2009.174500 -3.583243 3.332000 8
2009.177300 -1.607687 3.470000 8
2009.180000 -3.566669 3.330000 8
2009.182800 0.686743 3.316000 8
2009.185500 5.275810 3.511000 8
2009.188200 -3.233544 3.214000 8
2009.191000 -5.422755 3.253000 8
2009.193700 -2.978011 3.384000 8
2009.196400 -4.210657 3.406000 8
2009.199200 0.141609 3.333000 8
2009.201900 3.244140 3.277000 8
2009.204700 -1.995562 3.207000 8
2009.207400 -3.837785 3.146000 8
2009.210100 -3.552313 3.313000 8
2009.212900 -4.412271 3.499000 8
2009.215600 -2.230424 3.333000 8
2009.218300 2.831188 3.381000 8
2009.221100 -9.457807 3.425000 8
2009.223800 0.083335 3.410000 8
2009.226600 -2.788235 3.355000 8
2009.229300 0.378555 3.303000 8
2009.232000 -4.274744 3.356000 8
2009.234800 -2.194892 3.371000 8
2009.237500 -4.925344 3.323000 8
2009.240200 3.318219 3.237000 8
2009.243000 -1.015182 3.383000 8
2009.245700 -6.020550 3.283000 8
2009.248500 0.397055 3.492000 8
2009.251200 -0.806083 3.248000 8
2009.253900 2.550990 3.465000 8
2009.256700 -0.295038 3.242000 8
2009.259400 -9.593478 3.407000 8
2009.262100 -6.348577 3.321000 8
2009.264900 -5.425828 3.206000 8
2009.267600 1.784834 3.474000 8
2009.270400 2.203323 3.155000 8
2009.273100 -2.907061 3.451000 8
2009.275800 -2.806868 3.363000 8
2009.278600 -6.634861 3.285000 8
2009.281300 -5.045417 3.350000 8
2009.284100 8.740847 3.289000 8
2009.286800 -0.917250 3.502000 8
2009.289500 -3.805518 3.420000 8
2009.292300 -5.413942 3.426000 8
2009.295000 -1.663437 3.393000 8
2009.297700 -7.030946 3.331000 8
2009.300500 -4.937564 3.441000 8
2009.303200 -2.665978 3.386000 8
2009.306000 -5.038458 3.269000 8
2009.308700 -1.887558 3.362000 8
2009.311400 8.568594 3.390000 8
2009.314200 -16.466241 3.623000 8
2009.316900 -0.582449 3.438000 8
2009.319600 -2.577244 3.361000 8
2009.322400 12.549071 3.271000 8
2009.325100 -5.443757 3.279000 8
2009.327900 -1.531401 3.362000 8
2009.330600 -0.593045 3.456000 8
2009.333300 4.287988 3.512000 8
2009.336100 -4.322670 3.318000 8
2009.338800 0.926866 3.330000 8
2009.341500 -3.149765 3.259000 8
2009.344300 -1.849949 3.420000 8
2009.347000 -1.057765 3.576000 8
2009.349800 0.866965 3.307000 8
2009.352500 -4.631832 3.596000 8
2009.355200 0.528452 3.548000 8
2009.358000 0.099440 3.366000 8
2009.360700 -1.021963 3.332000 8
2009.363400 -0.305142 3.587000 8
2009.366200 0.067548 3.467000 8
2009.368900 1.570961 3.418000 8
2009.371700 0.546360 3.643000 8
2009.374400 -5.197454 3.440000 8
2009.377100 -8.554826 3.348000 8
2009.379900 -0.613034 3.442000 8
2009.382600 4.409621 3.606000 8
2009.385400 -3.570439 3.448000 8
2009.388100 -6.685599 3.354000 8
2009.390800 -8.229121 3.629000 8
2009.393600 -5.445174 3.511000 8
2009.396300 1.543712 3.480000 8
2009.399000 -0.073661 3.544000 8
2009.401800 -4.935378 3.606000 8
2009.404500 -2.578141 3.511000 8
2009.407300 2.727875 3.489000 8
2009.410000 1.770843 3.415000 8
2009.412700 -1.146297 3.393000 8
2009.415500 2.530527 3.317000 8
2009.418200 4.691283 3.380000 8
2009.420900 0.083006 3.391000 8
2009.423700 1.393875 3.680000 8
2009.426400 5.494635 3.513000 8
2009.429200 0.706661 3.443000 8
2009.431900 2.990540 3.416000 8
2009.434600 3.975487 3.379000 8
2009.437400 8.617872 3.723000 8
2009.440100 2.529040 3.435000 8
2009.442800 3.010320 3.638000 8
2009.445600 3.375205 3.723000 8
2009.448300 7.559786 3.622000 8
2009.451100 0.718078 3.655000 8
2009.453800 7.320999 3.445000 8
2009.456500 6.296080 3.556000 8
2009.459300 1.368026 3.323000 8
2009.462000 1.612489 3.435000 8
2009.464800 5.843913 3.417000 8
2009.467500 4.585771 3.740000 8
2009.470200 6.268807 3.369000 8
2009.473000 0.992942 3.413000 8
2009.475700 1.208378 3.563000 8
2009.478400 6.635990 3.406000 8
2009.481200 7.590825 3.418000 8
2009.483900 -0.881181 3.777000 8
2009.486700 -0.840885 3.525000 8
2009.489400 -3.896529 3.478000 8
2009.492100 -3.127025 3.656000 8
2009.494900 1.231888 3.756000 8
2009.497600 2.700705 3.522000 8
2009.500300 10.432643 3.631000 8
2009.503100 -8.578915 3.521000 8
2009.505800 3.147271 3.787000 8
2009.508600 1.744018 3.743000 8
2009.511300 5.267401 3.557000 8
2009.514000 15.378842 3.518000 8
2009.516800 17.663919 3.571000 8
2009.519500 4.493467 3.547000 8
2009.522200 1.395026 3.684000 8
2009.525000 -0.634715 3.559000 8
2009.527700 -0.399149 3.541000 8
2009.530500 3.523154 3.549000 8
2009.533200 0.673654 3.612000 8
2009.535900 -1.595924 3.268000 8
2009.538700 -6.258719 3.696000 8
2009.541400 -10.863480 3.608000 8
2009.544100 0.367622 3.492000 8
2009.546900 -5.531456 3.537000 8
2009.549600 4.043341 3.570000 8
2009.552400 -2.470022 3.577000 8
2009.555100 2.373387 3.628000 8
2009.557800 4.499555 3.540000 8
2009.560600 0.099584 3.699000 8
2009.563300 -0.050764 3.701000 8
2009.566100 -9.313242 3.560000 8
2009.568800 -5.122193 3.691000 8
2009.571500 7.346510 3.498000 8
2009.574300 -5.043907 3.492000 8
2009.577000 4.782065 3.831000 8
2009.579700 7.759630 3.659000 8
2009.582500 -2.140921 3.503000 8
2009.585200 -1.225211 3.576000 8
2009.588000 -0.999617 3.408000 8
2009.590700 -11.100844 3.632000 8
2009.593400 -7.341577 3.675000 8
2009.596200 9.392572 3.786000 8
2009.598900 -1.817212 3.620000 8
2009.601600 -4.182557 3.618000 8
2009.604400 -4.923025 3.371000 8
2009.607100 -6.127528 3.515000 8
2009.609900 0.763843 3.548000 8
2009.612600 -6.907884 3.615000 8
2009.615300 -4.866253 3.633000 8
2009.618100 10.289247 3.667000 8
2009.620800 7.291564 3.472000 8
2009.623500 -0.142800 3.475000 8
2009.626300 -1.706301 3.315000 8
2009.629000 0.275944 3.536000 8
2009.631800 -0.412948 3.496000 8
2009.634500 -2.479138 3.575000 8
2009.637200 0.584936 3.747000 8
2009.640000 2.771874 3.572000 8
2009.642700 -0.066540 3.788000 8
2009.645400 -1.321713 3.593000 8
2009.648200 6.802985 3.610000 8
2009.650900 -3.457715 3.580000 8
2009.653700 -2.868535 3.514000 8
2009.656400 -1.900777 3.445000 8
2009.659100 1.098201 3.502000 8
2009.661900 2.800077 3.407000 8
2009.664600 9.146501 3.567000 8
2009.667400 6.243838 3.601000 8
2009.670100 -1.983290 3.475000 8
2009.672800 -5.890195 3.462000 8
2009.675600 -3.447155 3.578000 8
2009.678300 6.054404 3.637000 8
2009.681000 7.320198 3.665000 8
2009.683800 5.220980 3.522000 8
2009.686500 1.187272 3.558000 8
2009.689300 2.387585 3.437000 8
2009.692000 7.534406 3.526000 8
2009.694700 1.626501 3.256000 8
2009.697500 4.365678 3.545000 8
2009.700200 14.797363 3.565000 8
2009.702900 4.858355 3.735000 8
2009.705700 0.197500 3.299000 8
2009.708400 1.122157 3.382000 8
2009.711200 0.339022 3.332000 8
2009.713900 -0.890595 3.424000 8
2009.716600 2.048167 3.368000 8
2009.719400 0.085227 3.480000 8
2009.722100 -0.454187 3.421000 8
2009.724800 0.447830 3.605000 8
2009.727600 -3.378751 3.395000 8
2009.730300 -6.728798 3.375000 8
2009.733100 -4.634367 3.475000 8
2009.735800 -3.305397 3.311000 8
2009.738500 5.564104 3.411000 8
2009.741300 2.853206 3.392000 8
2009.744000 9.726853 3.548000 8
2009.746700 1.387096 3.537000 8
2009.749500 -0.791925 3.421000 8
2009.752200 1.306602 3.382000 8
2009.755000 9.621963 3.389000 8
2009.757700 14.299869 3.579000 8
2009.760400 0.460489 3.413000 8
2009.763200 -2.094904 3.346000 8
2009.765900 2.918242 3.402000 8
2009.768700 -5.566516 3.615000 8
2009.771400 1.996258 3.411000 8
2009.774100 2.021868 3.317000 8
2009.776900 2.901742 3.313000 8
2009.779600 4.166130 3.510000 8
2009.782300 3.175427 3.713000 8
2009.785100 -8.941833 3.532000 8
2009.787800 3.049393 3.486000 8
2009.790600 -2.741816 3.456000 8
2009.793300 -7.842563 3.422000 8
2009.796000 -0.902278 3.480000 8
2009.798800 11.828760 3.484000 8
2009.801500 -2.926783 3.541000 8
2009.804200 1.689773 3.409000 8
2009.807000 6.843277 3.448000 8
2009.809700 -2.820856 3.302000 8
2009.812500 2.402089 3.350000 8
2009.815200 0.183352 3.523000 8
2009.817900 -3.214178 3.400000 8
2009.820700 5.886570 3.481000 8
2009.823400 2.594559 3.397000 8
2009.826100 -0.551187 3.332000 8
2009.828900 4.675541 3.369000 8
2009.831600 0.241423 3.242000 8
2009.834400 -0.497088 3.483000 8
2009.837100 -2.785512 3.509000 8
2009.839800 -1.596591 3.316000 8
2009.842600 -1.112870 3.354000 8
2009.845300 0.135829 3.438000 8
2009.848000 0.644909 3.673000 8
2009.850800 11.795982 3.494000 8
2009.853500 2.771907 3.530000 8
2009.856300 0.154949 3.361000 8
2009.859000 -2.283245 3.513000 8
2009.861700 -2.219016 3.428000 8
2009.864500 -12.216492 3.659000 8
2009.867200 4.387651 3.498000 8
2009.870000 3.785204 3.486000 8
2009.872700 -6.199728 3.364000 8
2009.875400 -4.408222 3.526000 8
2009.878200 -3.317145 3.474000 8
2009.880900 -0.840717 3.418000 8
2009.883600 -5.993858 3.409000 8
2009.886400 -6.135277 3.422000 8
2009.889100 4.360478 3.361000 8
2009.891900 0.864050 3.399000 8
2009.894600 -0.400328 3.374000 8
2009.897300 -5.303312 3.335000 8
2009.900100 -4.470355 3.398000 8
2009.902800 -1.937539 3.330000 8
2009.905500 -2.574368 3.570000 8
2009.908300 4.436853 3.224000 8
2009.911000 -1.150265 3.397000 8
2009.913800 4.021729 3.348000 8
2009.916500 -4.004754 3.293000 8
2009.919200 2.209025 3.215000 8
2009.922000 3.482996 3.369000 8
2009.924700 1.599278 3.338000 8
2009.927400 5.223753 3.279000 8
2009.930200 5.202476 3.361000 8
2009.932900 2.467296 3.222000 8
2009.935700 13.730392 3.391000 8
2009.938400 4.951439 3.254000 8
2009.941100 4.243534 3.214000 8
2009.943900 4.759924 3.627000 8
2009.946600 3.729049 3.400000 8
2009.949300 6.453118 3.441000 8
2009.952100 2.308482 3.446000 8
2009.954800 0.436363 3.251000 8
2009.957600 -0.877476 3.278000 8
2009.960300 -5.313944 3.349000 8
2009.963000 -0.508661 3.357000 8
2009.965800 4.524861 3.389000 8
2009.968500 0.086541 3.278000 8
2009.971300 1.132420 3.466000 8
2009.974000 8.874318 3.390000 8
2009.976700 7.904744 3.367000 8
2009.979500 0.393287 3.299000 8
2009.982200 1.202645 3.377000 8
2009.984900 1.698389 3.434000 8
2009.987700 -2.050857 3.263000 8
2009.990400 -1.274481 3.416000 8
2009.993200 0.097821 3.401000 8
2009.995900 5.174620 3.381000 8
2009.998600 3.789548 3.517000 8
2010.001400 -0.548743 3.440000 8
2010.004100 0.830287 3.552000 8
2010.006800 -1.472715 3.376000 8
2010.009600 -2.097104 3.455000 8
2010.012300 2.027665 3.356000 8
2010.015100 1.802921 3.430000 8
2010.017800 2.788233 3.326000 8
2010.020500 5.588237 3.501000 8
2010.023300 0.060524 3.374000 8
2010.026000 3.547730 3.200000 8
2010.028700 -0.916540 3.358000 8
2010.031500 -1.675753 3.312000 8
2010.034200 0.079834 3.396000 8
2010.037000 3.698316 3.640000 8
2010.039700 -3.258471 3.476000 8
2010.042400 0.030983 3.422000 8
2010.045200 3.357074 3.360000 8
2010.047900 6.914811 3.386000 8
2010.050700 18.755003 3.343000 8
2010.053400 3.327794 3.555000 8
2010.056100 14.718549 3.505000 8
2010.058900 26.229474 3.469000 8
2010.061600 8.626949 3.209000 8
2010.064300 0.961225 3.267000 8
2010.067100 -0.548626 3.512000 8
2010.069800 -6.501954 3.499000 8
2010.072600 1.516384 3.581000 8
2010.075300 -3.532760 3.410000 8
2010.078000 -3.648361 3.252000 8
2010.080800 -6.613614 3.391000 8
2010.083500 -0.553334 3.214000 8
2010.086200 4.163342 3.308000 8
2010.089000 2.145042 3.323000 8
2010.091700 -0.933689 3.384000 8
2010.094500 3.880381 3.350000 8
2010.097200 5.722060 3.436000 8
2010.099900 0.113913 3.261000 8
2010.102700 2.747232 3.308000 8
2010.105400 -0.984761 3.276000 8
2010.108100 -0.003701 3.547000 8
2010.110900 0.931488 3.469000 8
2010.113600 1.618469 3.325000 8
2010.116400 -4.304649 3.154000 8
2010.119100 0.334110 3.295000 8
2010.121800 0.354746 3.307000 8
2010.124600 -2.015054 3.232000 8
2010.127300 -3.641833 3.482000 8
2010.130000 -0.986822 3.257000 8
2010.132800 -3.064580 3.348000 8
2010.135500 2.188850 3.404000 8
2010.138300 2.593290 3.337000 8
2010.141000 4.119043 3.284000 8
2010.143700 -3.522530 3.441000 8
2010.146500 -5.041417 3.489000 8
2010.149200 -1.922785 3.360000 8
2010.152000 0.286322 3.448000 8
2010.154700 -8.784903 3.399000 8
2010.157400 -1.093531 3.471000 8
2010.160200 0.730009 3.343000 8
2010.162900 0.308456 3.326000 8
2010.165600 -4.186526 3.294000 8
2010.168400 1.827367 3.404000 8
2010.171100 3.093423 3.412000 8
2010.173900 -1.570836 3.196000 8
2010.176600 -3.867748 3.493000 8
2010.179300 4.561901 3.425000 8
2010.182100 -3.757033 3.189000 8
2010.184800 2.207662 3.452000 8
2010.187500 -1.662065 3.302000 8
2010.190300 -4.483628 3.335000 8
2010.193000 -4.388263 3.288000 8
2010.195800 -2.295892 3.319000 8
2010.198500 -5.441387 3.360000 8
2010.201200 -5.308246 3.380000 8
2010.204000 -14.702320 3.197000 8
2010.206700 -9.463942 3.364000 8
2010.209400 -7.631874 3.218000 8
2010.212200 -8.339221 3.330000 8
2010.214900 -6.837791 3.306000 8
2010.217700 -10.198897 3.309000 8
2010.220400 -3.729006 3.392000 8
2010.223100 -1.697302 3.366000 8
2010.225900 -6.949296 3.480000 8
2010.228600 -6.104959 3.347000 8
2010.231300 -7.059720 3.540000 8
2010.234100 -8.348319 3.398000 8
2010.236800 -8.593250 3.392000 8
2010.239600 -6.054100 3.487000 8
2010.242300 9.553944 3.646000 8
2010.245000 -7.841933 3.531000 8
2010.247800 -0.786829 3.457000 8
2010.250500 -1.068496 3.400000 8
2010.253300 -0.117237 3.287000 8
2010.256000 -2.791526 3.426000 8
2010.258700 1.075471 3.573000 8
2010.261500 -7.012666 3.281000 8
2010.264200 -9.751024 3.612000 8
2010.266900 -6.831960 3.312000 8
2010.269700 -1.326067 3.411000 8
2010.272400 1.776926 3.456000 8
2010.275200 2.114735 3.498000 8
2010.277900 4.264854 3.648000 8
2010.280600 -5.043363 3.428000 8
2010.283400 -5.018762 3.618000 8
2010.286100 -4.469547 3.552000 8
2010.288800 -8.161517 3.434000 8
2010.291600 -6.630645 3.354000 8
2010.294300 -2.946868 3.353000 8
2010.297100 -1.084222 3.503000 8
2010.299800 8.499516 3.483000 8
2010.302500 7.390332 3.598000 8
2010.305300 -0.306923 3.455000 8
2010.308000 -2.484821 3.566000 8
2010.310700 0.871520 3.432000 8
2010.313500 -2.450134 3.358000 8
2010.316200 -7.088181 3.371000 8
2010.319000 -0.777160 3.558000 8
2010.321700 5.857625 3.570000 8
2010.324400 -8.056084 3.559000 8
2010.327200 4.035382 3.372000 8
2010.329900 4.126829 3.446000 8
2010.332600 -0.016059 3.397000 8
2010.335400 -2.959650 3.334000 8
2010.338100 -2.302062 3.445000 8
2010.340900 -0.989087 3.475000 8
2010.343600 1.938188 3.363000 8
2010.346300 -0.377616 3.265000 8
2010.349100 2.365113 3.394000 8
2010.351800 1.536302 3.520000 8
2010.354600 -3.619872 3.506000 8
2010.357300 3.418509 3.490000 8
2010.360000 -1.359944 3.464000 8
2010.362800 0.915402 3.269000 8
2010.365500 -5.142573 3.387000 8
2010.368200 -0.760245 3.363000 8
2010.371000 -2.506947 3.402000 8
2010.373700 4.559131 3.351000 8
2010.376500 7.184298 3.457000 8
2010.379200 4.190299 3.520000 8
2010.381900 2.981813 3.593000 8
2010.384700 13.160598 3.322000 8
2010.387400 5.502279 3.419000 8
2010.390100 6.446588 3.598000 8
2010.392900 2.069351 3.493000 8
2010.395600 1.837050 3.365000 8
2010.398400 -0.359673 3.380000 8
2010.401100 5.707553 3.346000 8
2010.403800 5.814578 3.377000 8
2010.406600 2.033367 3.322000 8
2010.409300 -0.970893 3.388000 8
2010.412000 -1.671267 3.468000 8
2010.414800 7.098308 3.373000 8
2010.417500 3.662817 3.282000 8
2010.420300 0.940397 3.554000 8
2010.423000 3.747888 3.442000 8
2010.425700 1.588384 3.589000 8
2010.428500 1.341131 3.395000 8
2010.431200 3.769736 3.479000 8
2010.433900 -2.736595 3.307000 8
2010.436700 2.834497 3.312000 8
2010.439400 3.309380 3.526000 8
2010.442200 8.120799 3.308000 8
2010.444900 -3.953049 3.451000 8
2010.447600 -3.393763 3.336000 8
2010.450400 -5.541779 3.267000 8
2010.453100 9.393842 3.512000 8
2010.455900 18.105266 3.431000 8
2010.458600 -2.378746 3.490000 8
2010.461300 3.755412 3.401000 8
2010.464100 4.435520 3.481000 8
2010.466800 4.943073 3.337000 8
2010.469500 2.404803 3.531000 8
2010.472300 1.433621 3.536000 8
2010.475000 -4.488248 3.332000 8
2010.477800 -2.327944 3.424000 8
2010.480500 3.675580 3.574000 8
2010.483200 2.480272 3.322000 8
2010.486000 4.148256 3.396000 8
2010.488700 2.508313 3.477000 8
2010.491400 3.723520 3.356000 8
2010.494200 5.607127 3.499000 8
2010.496900 3.969652 3.369000 8
2010.499700 1.195642 3.259000 8
2010.502400 0.322445 3.551000 8
2010.505100 3.068348 3.335000 8
2010.507900 -5.230196 3.375000 8
2010.510600 2.427911 3.342000 8
2010.513300 -4.577921 3.333000 8
2010.516100 -0.550123 3.287000 8
2010.518800 2.535160 3.664000 8
2010.521600 1.916119 3.370000 8
2010.524300 5.943453 3.256000 8
2010.527000 7.829767 3.472000 8
2010.529800 10.990815 3.583000 8
2010.532500 8.356073 3.620000 8
2010.535200 -5.401743 3.372000 8
2010.538000 4.500221 3.383000 8
2010.540700 -8.489766 3.414000 8
2010.543500 -1.242948 3.396000 8
2010.546200 1.689811 3.520000 8
2010.548900 7.828398 3.369000 8
2010.551700 -5.106179 3.691000 8
2010.554400 12.891029 3.483000 8
2010.557200 -5.121910 3.477000 8
2010.559900 -5.574165 3.453000 8
2010.562600 -6.862697 3.486000 8
2010.565400 -2.481360 3.464000 8
2010.568100 -6.243484 3.584000 8
2010.570800 -1.297949 3.652000 8
2010.573600 -5.214534 3.652000 8
2010.576300 -5.486718 3.952000 8
2010.579100 -0.841020 3.272000 8
2010.581800 0.550992 3.674000 8
2010.584500 0.688560 3.668000 8
2010.587300 1.098013 3.699000 8
2010.590000 5.099656 3.856000 8
2010.592700 4.890796 3.771000 8
2010.595500 5.018819 3.641000 8
2010.598200 10.394919 3.605000 8
2010.601000 -6.940103 4.022000 8
2010.603700 5.328882 3.750000 8
2010.606400 0.359276 3.669000 8
2010.609200 2.927544 3.815000 8
2010.611900 0.988721 3.663000 8
2010.614600 -1.258739 3.482000 8
2010.617400 3.384670 3.560000 8
2010.620100 5.076903 3.616000 8
2010.622900 -2.342998 3.840000 8
2010.625600 7.464876 3.683000 8
2010.628300 -2.932955 3.703000 8
2010.631100 10.308078 3.687000 8
2010.633800 11.611819 3.994000 8
2010.636600 6.434423 3.806000 8
2010.639300 12.868696 3.706000 8
2010.642000 1.957218 3.726000 8
2010.644800 -0.818392 3.645000 8
2010.647500 -8.129382 3.637000 8
2010.650200 -9.576140 3.936000 8
2010.653000 14.374979 3.740000 8
2010.655700 8.715679 4.133000 8
2010.658500 11.459269 3.568000 8
2010.661200 7.748417 3.475000 8
2010.663900 -0.112215 3.714000 8
2010.666700 -5.326937 3.362000 8
2010.669400 1.394878 3.616000 8
2010.672100 0.291914 3.534000 8
2010.674900 2.564894 3.652000 8
2010.677600 12.104392 3.926000 8
2010.680400 7.714860 3.523000 8
2010.683100 7.128841 3.779000 8
2010.685800 1.868068 3.703000 8
2010.688600 12.125312 3.414000 8
2010.691300 1.642064 3.358000 8
2010.694000 0.963087 3.658000 8
2010.696800 -4.975814 3.514000 8
2010.699500 7.143793 3.579000 8
2010.702300 8.229522 3.482000 8
2010.705000 2.172762 3.476000 8
2010.707700 2.689332 3.602000 8
2010.710500 3.126102 3.528000 8
2010.713200 2.345389 3.520000 8
2010.715900 9.408051 3.609000 8
2010.718700 10.618003 3.338000 8
2010.721400 9.730480 3.686000 8
2010.724200 18.304314 3.977000 8
2010.726900 3.576680 3.619000 8
2010.729600 0.884509 3.704000 8
2010.732400 -1.882194 3.341000 8
2010.735100 -2.135357 3.426000 8
2010.737900 2.454027 3.690000 8
2010.740600 3.045955 3.630000 8
2010.743300 4.375451 3.449000 8
2010.746100 7.300626 3.493000 8
2010.748800 6.567348 3.554000 8
2010.751500 -0.884294 3.634000 8
2010.754300 5.891886 3.589000 8
2010.757000 4.260611 3.621000 8
2010.759800 0.821259 3.863000 8
2010.762500 -1.796550 3.464000 8
2010.765200 7.187396 3.551000 8
2010.768000 0.062425 3.579000 8
2010.770700 -1.119014 3.568000 8
2010.773400 10.358376 3.512000 8
2010.776200 1.827017 3.325000 8
2010.778900 3.810173 3.738000 8
2010.781700 -2.103304 3.741000 8
2010.784400 2.842718 3.462000 8
2010.787100 3.586693 3.479000 8
2010.789900 1.518217 3.417000 8
2010.792600 7.233207 3.473000 8
2010.795300 1.617222 3.437000 8
2010.798100 1.952975 3.626000 8
2010.800800 2.478149 3.706000 8
2010.803600 5.053191 3.507000 8
2010.806300 4.128618 3.459000 8
2010.809000 8.064186 3.396000 8
2010.811800 0.598815 3.702000 8
2010.814500 15.950769 3.617000 8
2010.817200 9.114924 3.461000 8
2010.820000 1.447339 3.427000 8
2010.822700 1.662004 3.669000 8
2010.825500 -2.782939 3.416000 8
2010.828200 9.063310 3.497000 8
2010.830900 1.418854 3.647000 8
2010.833700 -3.048012 3.500000 8
2010.836400 -8.524782 3.399000 8
2010.839200 -1.939831 3.594000 8
2010.841900 0.653144 3.570000 8
2010.844600 -2.023514 3.417000 8
2010.847400 -2.671258 3.496000 8
2010.850100 2.483904 3.582000 8
2010.852800 7.869466 3.647000 8
2010.855600 -0.829872 3.489000 8
2010.858300 2.871565 3.516000 8
2010.861100 3.062225 3.410000 8
2010.863800 -2.064436 3.576000 8
2010.866500 -3.161664 3.454000 8
2010.869300 1.605503 3.737000 8
2010.872000 0.716198 3.469000 8
2010.874700 1.450331 3.471000 8
2010.877500 3.675023 3.365000 8
2010.880200 -1.207921 3.349000 8
2010.883000 3.571798 3.541000 8
2010.885700 18.329765 3.587000 8
2010.888400 1.378154 3.888000 8
2010.891200 3.698346 3.564000 8
2010.893900 6.147606 3.586000 8
2010.896600 4.402262 3.663000 8
2010.899400 7.283848 3.576000 8
2010.902100 -1.670688 3.502000 8
2010.904900 0.211782 3.525000 8
2010.907600 12.101996 3.588000 8
2010.910300 -2.767464 3.643000 8
2010.913100 2.699182 3.550000 8
2010.915800 1.048368 3.365000 8
2010.918500 0.152822 3.542000 8
2010.921300 2.377461 3.674000 8
2010.924000 5.393431 3.674000 8
2010.926800 2.772627 3.557000 8
2010.929500 -0.988989 3.563000 8
2010.932200 -1.372461 3.546000 8
2010.935000 -0.458660 3.318000 8
2010.937700 -0.030889 3.590000 8
2010.940500 -1.425828 3.584000 8
2010.943200 6.278058 3.525000 8
2010.945900 6.376932 3.528000 8
2010.948700 0.361105 3.745000 8
2010.951400 3.955884 3.917000 8
2010.954100 14.070542 3.469000 8
2010.956900 12.812484 3.296000 8
2010.959600 4.910815 3.643000 8
2010.962400 3.261406 3.624000 8
2010.965100 6.584243 3.612000 8
2010.967800 6.763756 3.533000 8
2010.970600 17.056472 3.452000 8
2010.973300 11.481225 3.558000 8
2010.976000 3.086519 3.478000 8
2010.978800 -7.324063 3.398000 8
2010.981500 -1.022812 3.581000 8
2010.984300 -0.892504 3.538000 8
2010.987000 -1.965495 3.519000 8
2010.989700 1.287812 3.732000 8
2010.992500 12.528057 3.878000 8
2010.995200 9.930813 3.446000 8
2010.997900 9.850713 3.533000 8
2011.000700 0.496407 3.534000 8
2011.003400 1.248435 3.590000 8
2011.006200 1.112150 3.717000 8
2011.008900 -2.642913 3.676000 8
2011.011600 -5.990103 3.625000 8
2011.014400 1.152211 3.768000 8
2011.017100 1.639594 3.618000 8
2011.019800 4.185684 3.782000 8
2011.022600 3.151074 3.543000 8
2011.025300 7.777394 3.793000 8
2011.028100 -2.289132 3.949000 8
2011.030800 1.012189 3.516000 8
2011.033500 0.720934 3.677000 8
2011.036300 0.334595 3.825000 8
2011.039000 -2.151004 3.612000 8
2011.041800 1.084143 3.625000 8
2011.044500 3.352968 3.608000 8
2011.047200 1.640936 3.829000 8
2011.050000 3.996383 3.796000 8
2011.052700 -2.336565 3.483000 8
2011.055400 7.333463 3.759000 8
2011.058200 7.685688 3.628000 8
2011.060900 -1.533535 3.550000 8
2011.063700 2.999241 3.592000 8
2011.066400 1.739548 3.546000 8
2011.069100 10.461563 3.834000 8
2011.071900 -1.649729 3.695000 8
2011.074600 -0.809503 3.736000 8
2011.077300 2.578278 3.499000 8
2011.080100 1.278436 3.621000 8
2011.082800 3.246123 3.475000 8
2011.085600 -4.068030 3.791000 8
2011.088300 -10.670633 3.544000 8
2011.091000 -8.942920 3.700000 8
2011.093800 -6.252377 3.657000 8
2011.096500 -0.641231 3.794000 8
2011.099200 -3.473901 3.481000 8
2011.102000 -2.222076 3.585000 8
2011.104700 1.240430 3.547000 8
2011.107500 0.250204 3.583000 8
2011.110200 6.490725 3.695000 8
2011.112900 -0.859767 3.539000 8
2011.115700 -2.668328 3.473000 8
2011.118400 -1.155025 3.736000 8
2011.121100 2.025164 3.578000 8
2011.123900 -5.461053 3.613000 8
2011.126600 7.565736 3.729000 8
2011.129400 3.375894 3.792000 8
2011.132100 3.466168 3.665000 8
2011.134800 8.635187 3.574000 8
2011.137600 5.530243 3.462000 8
2011.140300 0.064596 3.654000 8
2011.143100 -0.699230 3.581000 8
2011.145800 -3.734626 3.765000 8
2011.148500 0.758620 3.535000 8
2011.151300 2.074368 3.694000 8
2011.154000 9.296764 3.631000 8
2011.156700 4.324759 3.595000 8
2011.159500 -1.216051 3.398000 8
2011.162200 -7.761975 3.539000 8
2011.165000 -3.951905 3.637000 8
2011.167700 -3.625779 3.700000 8
2011.170400 -4.213091 3.562000 8
2011.173200 -6.608694 3.726000 8
2011.175900 -3.491974 3.592000 8
2011.178600 -2.512692 3.649000 8
2011.181400 2.173027 3.502000 8
2011.184100 -7.747648 3.572000 8
2011.186900 -7.388057 3.566000 8
2011.189600 -0.289663 3.805000 8
2011.192300 1.358325 3.611000 8
2011.195100 -2.702663 3.504000 8
2011.197800 -0.843542 3.745000 8
2011.200500 -5.906790 3.642000 8
2011.203300 0.303766 3.745000 8
2011.206000 -6.621255 3.584000 8
2011.208800 -6.585609 3.602000 8
2011.211500 -1.148323 3.758000 8
2011.214200 2.407692 3.671000 8
2011.217000 8.123185 3.689000 8
2011.219700 0.753649 3.676000 8
2011.222500 1.070478 3.482000 8
2011.225200 5.733500 3.512000 8
2011.227900 3.523386 3.401000 8
2011.230700 2.406488 3.626000 8
2011.233400 0.675119 3.504000 8
2011.236100 -0.230289 3.555000 8
2011.238900 -0.882607 3.615000 8
2011.241600 -1.488059 3.540000 8
2011.244400 -1.027492 3.854000 8
2011.247100 -2.651836 3.759000 8
2011.249800 1.005970 3.640000 8
2011.252600 2.105709 3.858000 8
2011.255300 -3.773129 3.443000 8
2011.258000 -1.651692 3.558000 8
2011.260800 -3.211384 3.873000 8
2011.263500 6.109674 3.660000 8
2011.266300 5.035575 3.494000 8
2011.269000 1.796443 3.693000 8
2011.271700 -6.138184 3.848000 8
2011.274500 -7.297994 3.687000 8
2011.277200 -2.383520 3.641000 8
2011.279900 -4.195396 3.669000 8
2011.282700 -2.113454 3.503000 8
2011.285400 -3.841924 3.466000 8
2011.288200 0.515435 3.558000 8
2011.290900 2.717580 3.676000 8
2011.293600 4.584631 3.711000 8
2011.296400 0.057549 3.760000 8
2011.299100 5.672534 3.794000 8
2011.301800 -13.256416 4.049000 8
2011.304600 2.404557 3.641000 8
2011.307300 6.695865 3.685000 8
2011.310100 4.388144 3.605000 8
2011.312800 -3.521071 3.514000 8
2011.315500 -1.469953 3.529000 8
2011.318300 2.557224 3.595000 8
2011.321000 -5.241855 3.679000 8
2011.323800 1.414195 3.401000 8
2011.326500 -5.335862 3.523000 8
2011.329200 -4.968319 3.721000 8
2011.332000 -7.832532 3.651000 8
2011.334700 -5.413645 3.576000 8
2011.337400 -1.835003 3.786000 8
2011.340200 -6.658984 3.631000 8
2011.342900 -0.416681 3.550000 8
2011.345700 12.282093 3.774000 8
2011.348400 15.282262 3.913000 8
2011.351100 5.927441 3.618000 8
2011.353900 -0.184757 3.428000 8
2011.356600 -2.773411 3.450000 8
2011.359300 -4.908912 3.812000 8
2011.362100 -1.364627 3.902000 8
2011.364800 -0.078673 3.919000 8
2011.367600 6.655180 3.839000 8
2011.370300 -3.881227 3.616000 8
2011.373000 2.448745 3.623000 8
2011.375800 6.227792 3.864000 8
2011.378500 -0.069334 3.762000 8
2011.381200 2.288043 3.721000 8
2011.384000 0.501675 3.649000 8
2011.386700 1.605199 3.659000 8
2011.389500 2.604100 3.815000 8
2011.392200 5.245923 3.951000 8
2011.394900 -0.092563 3.734000 8
2011.397700 2.542513 3.824000 8
2011.400400 1.621538 4.113000 8
2011.403100 1.279352 3.895000 8
2011.405900 8.759916 4.012000 8
2011.408600 -8.042568 3.722000 8
2011.411400 -6.954180 3.814000 8
2011.414100 1.288153 4.035000 8
2011.416800 1.189416 3.741000 8
2011.419600 -7.635264 3.793000 8
2011.422300 -2.365031 3.872000 8
2011.425100 -0.471621 4.049000 8
2011.427800 9.357671 3.904000 8
2011.430500 -1.956996 3.975000 8
2011.433300 -0.353310 4.166000 8
2011.436000 -8.086804 4.029000 8
2011.438700 -5.599207 4.068000 8
2011.441500 -1.298087 4.067000 8
2011.444200 -4.205226 3.935000 8
2011.447000 -3.611732 3.976000 8
2011.449700 -7.659560 3.883000 8
2011.452400 -3.506238 3.978000 8
2011.455200 13.154874 4.012000 8
2011.457900 -2.684441 4.147000 8
2011.460600 -2.095586 4.052000 8
2011.463400 -3.278794 4.094000 8
2011.466100 -2.696547 3.979000 8
2011.468900 -2.189268 3.947000 8
2011.471600 -10.679621 3.839000 8
2011.474300 0.634205 4.380000 8
2011.477100 3.877193 4.322000 8
2011.479800 7.169413 3.665000 8
2011.482500 2.932803 3.898000 8
2011.485300 -1.071525 4.249000 8
2011.488000 1.298232 4.096000 8
2011.490800 6.220345 4.172000 8
2011.493500 -4.375558 4.001000 8
2011.496200 2.124674 4.188000 8
2011.499000 -5.846636 3.981000 8
2011.501700 4.093879 4.002000 8
2011.504400 -9.663502 4.116000 8
2011.507200 -11.132337 3.805000 8
2011.509900 -7.150508 4.072000 8
2011.512700 -12.548079 4.046000 8
2011.515400 -2.716096 4.794000 8
2011.518100 -1.128078 4.197000 8
2011.520900 0.002610 4.288000 8
2011.523600 4.697686 4.113000 8
2011.526400 -6.847527 4.285000 8
2011.529100 -6.268462 4.360000 8
2011.531800 -2.547447 4.170000 8
2011.534600 -6.695670 4.217000 8
2011.537300 2.808221 4.356000 8
2011.540000 -5.012994 4.069000 8
2011.542800 5.069592 4.313000 8
2011.545500 -0.852866 4.338000 8
2011.548300 -4.294499 4.407000 8
2011.551000 -7.147284 4.196000 8
2011.553700 -8.074277 4.058000 8
2011.556500 -7.180419 4.283000 8
2011.559200 -3.066865 4.388000 8
2011.561900 -2.245583 4.330000 8
2011.564700 -3.201432 4.434000 8
2011.567400 -2.726731 4.575000 8
2011.570200 2.836847 4.517000 8
2011.572900 -2.021119 4.420000 8
2011.575600 -2.342462 4.347000 8
2011.578400 -7.037922 4.208000 8
2011.581100 -8.563058 4.504000 8
2011.583800 -15.056632 4.657000 8
2011.586600 -3.595322 4.740000 8
2011.589300 -1.676811 4.433000 8
2011.592100 -1.582418 4.218000 8
2011.594800 -6.064902 4.294000 8
2011.597500 -0.964920 4.343000 8
2011.600300 -6.036059 4.257000 8
2011.603000 -13.297183 4.542000 8
2011.605700 -5.990894 4.411000 8
2011.608500 0.187270 4.518000 8
2011.611200 -10.824649 4.776000 8
2011.614000 -5.378697 4.274000 8
2011.616700 -12.066885 4.454000 8
2011.619400 0.944263 4.566000 8
2011.622200 -6.498723 4.380000 8
2011.624900 -1.783928 4.456000 8
2011.627700 -3.781269 4.780000 8
2011.630400 8.700123 3.526000 8
2011.633100 -9.766206 3.415000 8
2011.635900 -11.259673 3.421000 8
2011.638600 0.282534 3.242000 8
2011.641300 0.939993 3.554000 8
2011.644100 -1.233682 3.449000 8
2011.646800 -1.907732 3.439000 8
2011.649600 -3.396910 3.486000 8
2011.652300 -5.132492 3.398000 8
2011.655000 -3.152849 3.529000 8
2011.657800 -2.110319 3.389000 8
2011.660500 -6.413227 3.542000 8
2011.663200 -3.757917 3.485000 8
2011.666000 -2.023697 3.629000 8
2011.668700 -6.944940 3.456000 8
2011.671500 -5.425254 3.443000 8
2011.674200 -2.338043 3.478000 8
2011.676900 -0.889604 3.391000 8
2011.679700 -9.337199 3.442000 8
2011.682400 -2.771281 3.478000 8
2011.685100 -6.317118 3.601000 8
2011.687900 3.614057 3.595000 8
2011.690600 -1.045260 3.475000 8
2011.693400 0.596473 3.535000 8
2011.696100 -10.442286 3.361000 8
2011.698800 -0.662756 3.680000 8
2011.701600 -13.625110 3.415000 8
2011.704300 -1.503954 3.292000 8
2011.707000 -9.535470 3.578000 8
2011.709800 -0.410795 3.407000 8
2011.712500 -5.495603 3.354000 8
2011.715300 -3.559159 3.468000 8
2011.718000 -3.666194 3.479000 8
2011.720700 -6.896825 3.369000 8
2011.723500 -7.426107 3.461000 8
2011.726200 -8.883859 3.398000 8
2011.729000 -2.164190 3.341000 8
2011.731700 -1.549986 3.459000 8
2011.734400 0.892717 3.355000 8
2011.737200 -6.504042 3.324000 8
2011.739900 -3.409258 3.308000 8
2011.742600 -8.500911 3.404000 8
2011.745400 -5.688897 3.430000 8
2011.748100 -3.296336 3.354000 8
2011.750900 -7.143014 3.320000 8
2011.753600 -7.844146 3.488000 8
2011.756300 -8.351599 3.543000 8
2011.759100 -0.551144 3.264000 8
2011.761800 -0.984145 3.507000 8
2011.764500 -12.764397 3.247000 8
2011.767300 -12.782581 3.289000 8
2011.770000 -9.453231 3.264000 8
2011.772800 -8.288702 3.309000 8
2011.775500 -6.680649 3.361000 8
2011.778200 -7.098724 3.272000 8
2011.781000 -9.975446 3.175000 8
2011.783700 -6.090667 3.240000 8
2011.786400 -5.570941 3.196000 8
2011.789200 -6.907682 3.203000 8
2011.791900 -5.184954 3.275000 8
2011.794700 -7.286567 3.239000 8
2011.797400 -7.212739 3.166000 8
2011.800100 -5.590845 3.227000 8
2011.802900 -8.287100 3.283000 8
2011.805600 -9.178964 3.285000 8
2011.808400 -10.978847 3.352000 8
2011.811100 -6.187379 3.201000 8
2011.813800 -1.396734 3.424000 8
2011.816600 -2.635911 3.393000 8
2011.819300 -7.646807 3.202000 8
2011.822000 -7.156466 3.222000 8
2011.824800 -12.274750 3.223000 8
2011.827500 -11.663833 3.161000 8
2011.830300 -6.029409 3.069000 8
2011.833000 -10.439847 3.251000 8
2011.835700 -15.344962 3.266000 8
2011.838500 -7.549373 3.233000 8
2011.841200 6.756249 3.227000 8
2011.843900 -6.765764 3.082000 8
2011.846700 -7.589880 3.205000 8
2011.849400 -10.612079 3.179000 8
2011.852200 -10.363254 3.413000 8
2011.854900 -21.031599 3.275000 8
2011.857600 -9.141529 3.347000 8
2011.860400 -7.599252 3.328000 8
2011.863100 -1.030283 3.306000 8
2011.865800 -2.228883 3.161000 8
2011.868600 -5.414102 3.244000 8
2011.871300 -11.764779 3.197000 8
2011.874100 -7.907963 3.447000 8
2011.876800 -5.328713 3.376000 8
2011.879500 -6.056028 3.339000 8
2011.882300 -2.423694 3.204000 8
2011.885000 -3.992096 3.283000 8
2011.887700 -4.692075 3.238000 8
2011.890500 -9.589262 3.267000 8
2011.893200 -12.210366 3.476000 8
2011.896000 -8.394589 3.426000 8
2011.898700 -4.210856 3.471000 8
2011.901400 -7.026747 3.444000 8
2011.904200 -11.172640 3.324000 8
2011.906900 -11.859773 3.338000 8
2011.909700 -10.996839 3.370000 8
2011.912400 -7.376279 3.365000 8
2011.915100 0.173575 3.393000 8
2011.917900 -5.510417 3.467000 8
2011.920600 -5.917991 3.333000 8
2011.923300 -9.672337 3.271000 8
2011.926100 -11.847460 3.302000 8
2011.928800 -10.633377 3.638000 8
2011.931600 -8.429039 3.402000 8
2011.934300 -7.852640 3.275000 8
2011.937000 -8.898147 3.337000 8
2011.939800 -9.281366 3.419000 8
2011.942500 -7.434742 3.467000 8
2011.945200 -2.181121 3.411000 8
2011.948000 -6.268201 3.314000 8
2011.950700 -6.341656 3.166000 8
2011.953500 -5.361819 3.434000 8
2011.956200 -7.247503 3.384000 8
2011.958900 -8.575375 3.316000 8
2011.961700 -5.110984 3.183000 8
2011.964400 -3.741329 3.446000 8
2011.967100 -3.287988 3.211000 8
2011.969900 -4.791436 3.253000 8
2011.972600 -6.139831 3.458000 8
2011.975400 -10.075065 3.214000 8
2011.978100 -16.218383 3.262000 8
2011.980800 -15.338243 3.114000 8
2011.983600 -10.272036 3.157000 8
2011.986300 -6.774113 3.156000 8
2011.989000 -5.742878 3.161000 8
2011.991800 -5.899695 3.260000 8
2011.994500 -6.014984 3.089000 8
2011.997300 -5.592415 3.185000 8
2012.000000 -6.546441 3.158000 8
2012.002700 -13.357417 3.270000 8
2012.005500 -11.641692 3.218000 8
2012.008200 -13.809731 3.066000 8
2012.011000 -12.503188 3.140000 8
2012.013700 -7.938514 3.149000 8
2012.016400 -7.277064 3.147000 8
2012.019200 -8.921227 3.110000 8
2012.021900 -11.893404 3.146000 8
2012.024600 -4.918972 3.150000 8
2012.027400 -8.145369 3.036000 8
2012.030100 -4.394908 3.165000 8
2012.032900 -8.959431 3.068000 8
2012.035600 -12.620171 3.096000 8
2012.038300 -3.163587 3.166000 8
2012.041100 -3.099234 3.107000 8
2012.043800 -3.321195 3.163000 8
2012.046500 -7.101000 3.314000 8
2012.049300 -1.181302 3.197000 8
2012.052000 -0.531993 3.112000 8
2012.054800 1.073630 3.240000 8
2012.057500 -2.762175 3.292000 8
2012.060200 -1.971099 3.241000 8
2012.063000 -6.235999 3.249000 8
2012.065700 -4.162365 3.306000 8
2012.068400 -8.822010 3.169000 8
2012.071200 -7.232936 3.256000 8
2012.073900 -8.023343 3.212000 8
2012.076700 -12.292242 3.155000 8
2012.079400 -5.913618 3.287000 8
2012.082100 -3.219526 3.207000 8
2012.084900 -3.853247 3.128000 8
2012.087600 -3.881420 3.179000 8
2012.090300 -5.299266 3.346000 8
2012.093100 -2.962254 3.202000 8
2012.095800 -8.189644 3.175000 8
2012.098600 -7.158400 3.134000 8
2012.101300 -6.465511 3.306000 8
2012.104000 -6.556509 3.191000 8
2012.106800 -9.393210 3.243000 8
2012.109500 -10.479174 3.336000 8
2012.112300 -4.986067 3.224000 8
2012.115000 -0.613148 3.212000 8
2012.117700 -0.918302 3.501000 8
2012.120500 -2.887723 3.285000 8
2012.123200 -2.874199 3.284000 8
2012.125900 -10.158843 3.444000 8
2012.128700 -10.644090 3.300000 8
2012.131400 -12.692235 3.300000 8
2012.134200 -2.921206 3.211000 8
2012.136900 -11.602958 3.174000 8
2012.139600 -10.169006 3.321000 8
2012.142400 -13.205207 3.262000 8
2012.145100 -4.145994 3.173000 8
2012.147800 -13.704135 3.123000 8
2012.150600 -7.779748 3.111000 8
2012.153300 -10.713731 3.249000 8
2012.156100 -6.435394 3.153000 8
2012.158800 -10.163273 3.331000 8
2012.161500 -6.774569 3.211000 8
2012.164300 -5.101846 3.192000 8
2012.167000 -11.389089 3.335000 8
2012.169700 -10.442768 3.027000 8
2012.172500 -12.417715 3.192000 8
2012.175200 -10.337363 3.163000 8
2012.178000 -1.337463 3.242000 8
2012.180700 -2.222076 3.182000 8
2012.183400 -8.629121 3.064000 8
2012.186200 -13.989879 3.118000 8
2012.188900 -5.220859 3.177000 8
2012.191600 -2.608249 3.109000 8
2012.194400 4.395406 3.203000 8
2012.197100 0.332143 3.233000 8
2012.199900 -5.671227 3.103000 8
2012.202600 -9.467306 3.117000 8
2012.205300 -4.647723 3.198000 8
2012.208100 14.830543 3.248000 8
2012.210800 8.682422 3.264000 8
2012.213600 -5.845146 3.183000 8
2012.216300 -6.893881 3.068000 8
2012.219000 -9.054845 3.227000 8
2012.221800 -11.424428 3.162000 8
2012.224500 -4.911848 3.167000 8
2012.227200 -9.631411 3.250000 8
2012.230000 -0.955746 3.112000 8
2012.232700 -5.577581 3.302000 8
2012.235500 -5.686276 3.250000 8
2012.238200 -11.108246 3.298000 8
2012.240900 -6.829192 3.127000 8
2012.243700 -4.968110 3.293000 8
2012.246400 -0.698967 3.197000 8
2012.249100 -2.667685 3.153000 8
2012.251900 -6.130464 3.088000 8
2012.254600 -6.938848 3.123000 8
2012.257400 -10.423338 3.250000 8
2012.260100 0.659787 3.143000 8
2012.262800 -5.001734 3.215000 8
2012.265600 -9.882411 3.053000 8
2012.268300 -12.871148 3.214000 8
2012.271000 -9.481392 3.154000 8
2012.273800 -7.511817 3.101000 8
2012.276500 4.473015 3.331000 8
2012.279300 -5.888339 3.235000 8
2012.282000 -6.129230 3.151000 8
2012.284700 -1.367381 3.093000 8
2012.287500 -5.121705 3.090000 8
2012.290200 -12.481269 3.172000 8
2012.293000 -8.564984 3.080000 8
2012.295700 -8.802747 3.313000 8
2012.298400 -5.912511 3.185000 8
2012.301200 -4.558378 3.016000 8
2012.303900 -7.309019 3.237000 8
2012.306600 -11.342501 3.303000 8
2012.309400 -9.539019 3.208000 8
2012.312100 -4.484052 3.290000 8
2012.314900 8.512935 3.241000 8
2012.317600 -0.993430 3.131000 8
2012.320300 -8.758369 3.363000 8
2012.323100 0.492812 3.384000 8
2012.325800 -3.225132 3.160000 8
2012.328500 -4.139491 3.184000 8
2012.331300 1.775385 3.371000 8
2012.334000 3.464343 3.333000 8
2012.336800 -3.473379 3.278000 8
2012.339500 5.238109 3.336000 8
2012.342200 -4.381556 3.162000 8
2012.345000 -4.179763 3.177000 8
2012.347700 -6.741588 3.230000 8
2012.350400 -5.613416 3.295000 8
2012.353200 -5.926635 3.076000 8
2012.355900 -4.005321 3.380000 8
2012.358700 -7.587290 3.137000 8
2012.361400 -11.516640 3.061000 8
2012.364100 -6.679754 3.229000 8
2012.366900 -8.322984 3.314000 8
2012.369600 -7.825482 3.154000 8
2012.372300 -6.529612 3.204000 8
2012.375100 -2.790683 3.213000 8
2012.377800 -1.686933 3.436000 8
2012.380600 -4.148005 3.283000 8
2012.383300 -6.085208 3.239000 8
2012.386000 -6.234839 3.308000 8
2012.388800 -1.067108 3.381000 8
2012.391500 4.479541 3.297000 8
2012.394300 -2.917324 3.457000 8
2012.397000 14.724750 3.624000 8
2012.399700 5.106575 3.372000 8
2012.402500 -3.458928 3.272000 8
2012.405200 -7.106478 3.151000 8
2012.407900 -2.373185 3.281000 8
2012.410700 -5.111035 3.337000 8
2012.413400 -3.893940 3.242000 8
2012.416200 -0.248865 3.384000 8
2012.418900 0.707140 3.286000 8
2012.421600 -2.062883 3.513000 8
2012.424400 0.277256 3.235000 8
2012.427100 0.961281 3.210000 8
2012.429800 -4.808657 3.297000 8
2012.432600 -3.065258 3.243000 8
2012.435300 -3.186032 3.169000 8
2012.438100 -3.395353 3.280000 8
2012.440800 -0.897898 3.249000 8
2012.443500 -3.928328 3.262000 8
2012.446300 -5.165139 3.256000 8
2012.449000 -6.100262 3.255000 8
2012.451700 1.745761 3.203000 8
2012.454500 -5.472439 3.185000 8
2012.457200 -8.481056 3.329000 8
2012.460000 -7.281796 3.174000 8
2012.462700 -1.497029 3.269000 8
2012.465400 -2.489087 3.218000 8
2012.468200 -3.237125 3.222000 8
2012.470900 -6.227783 3.240000 8
2012.473600 1.065737 3.279000 8
2012.476400 -6.612591 3.333000 8
2012.479100 -6.141675 3.303000 8
2012.481900 6.514475 3.408000 8
2012.484600 4.539771 3.236000 8
2012.487300 -2.251772 3.371000 8
2012.490100 6.515033 3.157000 8
2012.492800 0.721833 3.255000 8
2012.495600 -2.413949 3.374000 8
2012.498300 0.862160 3.413000 8
2012.501000 1.320387 3.555000 8
2012.503800 0.395125 3.413000 8
2012.506500 2.447594 3.457000 8
2012.509200 -2.388855 3.283000 8
2012.512000 -4.378711 3.438000 8
2012.514700 -3.689999 3.353000 8
2012.517500 -3.724644 3.364000 8
2012.520200 -3.560832 3.229000 8
2012.522900 -4.454014 3.146000 8
2012.525700 0.683510 3.339000 8
2012.528400 -7.409674 3.504000 8
2012.531100 -3.994904 3.499000 8
2012.533900 -6.483376 3.682000 8
2012.536600 -4.849718 3.429000 8
2012.539400 2.990726 3.422000 8
2012.542100 4.260190 3.388000 8
2012.544800 -0.002487 3.389000 8
2012.547600 -11.564342 3.381000 8
2012.550300 -5.490335 3.162000 8
2012.553000 -6.947531 3.270000 8
2012.555800 -8.043878 3.345000 8
2012.558500 -3.967516 3.446000 8
2012.561300 -1.348292 3.592000 8
2012.564000 -10.096458 3.829000 8
2012.566700 2.950067 3.465000 8
2012.569500 -1.746532 3.468000 8
2012.572200 0.457337 3.480000 8
2012.574900 1.962835 3.544000 8
2012.577700 0.739215 3.528000 8
2012.580400 -4.361070 3.331000 8
2012.583200 -7.118470 3.409000 8
2012.585900 -0.929621 3.278000 8
2012.588600 -6.133244 3.472000 8
2012.591400 -1.046984 3.361000 8
2012.594100 -6.401592 3.226000 8
2012.596900 -4.293319 3.399000 8
2012.599600 -7.273987 3.419000 8
2012.602300 -11.101221 3.723000 8
2012.605100 -2.999578 3.464000 8
2012.607800 -5.765979 3.525000 8
2012.610500 -6.477995 3.350000 8
2012.613300 -4.215139 3.374000 8
2012.616000 -11.661417 3.304000 8
2012.618800 -4.307828 3.542000 8
2012.621500 -3.077426 3.341000 8
2012.624200 -2.157711 3.546000 8
2012.627000 -5.361132 3.150000 8
2012.629700 -7.305813 3.226000 8
2012.632400 -1.403214 3.437000 8
2012.635200 -6.669751 3.405000 8
2012.637900 1.197390 3.473000 8
2012.640700 2.330395 3.786000 8
2012.643400 -4.054956 3.442000 8
2012.646100 2.108932 3.374000 8
2012.648900 -1.065307 3.412000 8
2012.651600 -1.523948 3.330000 8
2012.654300 -4.562363 3.374000 8
2012.657100 -2.428892 3.376000 8
2012.659800 -4.882857 3.441000 8
2012.662600 4.375077 3.740000 8
2012.665300 -1.084442 3.482000 8
2012.668000 9.498258 3.578000 8
2012.670800 -0.677116 3.249000 8
2012.673500 -1.837963 3.266000 8
2012.676200 0.272416 3.468000 8
2012.679000 -2.234242 3.286000 8
2012.681700 2.606614 3.452000 8
2012.684500 -1.438539 3.305000 8
2012.687200 -2.289181 3.443000 8
2012.689900 -4.609566 3.299000 8
2012.692700 -0.569906 3.410000 8
2012.695400 -0.416739 3.506000 8
2012.698200 -11.886484 3.431000 8
2012.700900 -5.501721 3.618000 8
2012.703600 -10.977647 3.424000 8
2012.706400 -7.886414 3.288000 8
2012.709100 -7.316667 3.327000 8
2012.711800 0.534431 3.372000 8
2012.714600 -5.749227 3.162000 8
2012.717300 -5.791364 3.183000 8
2012.720100 -7.610194 3.286000 8
2012.722800 -8.211498 3.261000 8
2012.725500 -5.783366 3.172000 8
2012.728300 -6.694823 3.133000 8
2012.731000 -4.268745 3.392000 8
2012.733700 -6.707174 3.226000 8
2012.736500 -1.159074 3.300000 8
2012.739200 -5.181432 3.240000 8
2012.742000 -10.050178 3.207000 8
2012.744700 -2.118379 3.230000 8
2012.747400 -4.821978 3.269000 8
2012.750200 -4.767828 3.483000 8
2012.752900 -5.603131 3.169000 8
2012.755600 -4.666763 3.256000 8
2012.758400 -4.472499 3.253000 8
2012.761100 -1.071690 3.349000 8
2012.763900 2.738119 3.378000 8
2012.766600 1.250467 3.344000 8
2012.769300 0.446608 3.397000 8
2012.772100 -0.720087 3.742000 8
2012.774800 -0.971257 3.524000 8
2012.777500 -0.592560 3.383000 8
2012.780300 0.416474 3.302000 8
2012.783000 -4.628988 3.224000 8
2012.785800 -6.062993 3.151000 8
2012.788500 -6.056515 3.313000 8
2012.791200 -3.457047 3.277000 8
2012.794000 3.261063 3.293000 8
2012.796700 -3.007381 3.230000 8
2012.799500 -6.645055 3.356000 8
2012.802200 0.130684 3.290000 8
2012.804900 5.491530 3.232000 8
2012.807700 -5.355660 3.298000 8
2012.810400 -3.517494 3.379000 8
2012.813100 -5.187156 3.496000 8
2012.815900 -3.973657 3.201000 8
2012.818600 -11.447871 3.190000 8
2012.821400 -9.102790 3.254000 8
2012.824100 -7.566475 3.294000 8
2012.826800 -7.646890 3.161000 8
2012.829600 -12.449815 3.337000 8
2012.832300 -9.843593 3.202000 8
2012.835000 -9.988053 3.275000 8
2012.837800 -4.101825 3.355000 8
2012.840500 -7.448554 3.381000 8
2012.843300 -9.654465 3.312000 8
2012.846000 -6.816409 3.167000 8
2012.848700 -6.486969 3.043000 8
2012.851500 -4.543520 3.247000 8
2012.854200 6.695770 3.484000 8
2012.856900 16.933473 3.428000 8
2012.859700 -2.675634 3.447000 8
2012.862400 -3.736035 3.182000 8
2012.865200 -13.129126 3.298000 8
2012.867900 -10.369611 3.266000 8
2012.870600 -7.323660 3.432000 8
2012.873400 -4.702231 3.304000 8
2012.876100 -1.367353 3.367000 8
2012.878900 -3.147890 3.096000 8
2012.881600 8.815910 3.388000 8
2012.884300 -3.020862 3.279000 8
2012.887100 -7.202899 3.283000 8
2012.889800 -3.363776 3.238000 8
2012.892500 -7.392244 3.178000 8
2012.895300 -4.895842 3.179000 8
2012.898000 -4.943467 3.253000 8
2012.900800 -4.413141 3.159000 8
2012.903500 -4.479972 3.151000 8
2012.906200 -7.983452 3.436000 8
2012.909000 -5.074874 3.367000 8
2012.911700 5.141347 3.244000 8
2012.914400 -1.905133 3.242000 8
2012.917200 0.979535 3.561000 8
2012.919900 -2.213361 3.539000 8
2012.922700 1.807939 3.352000 8
2012.925400 -5.457467 3.123000 8
2012.928100 -1.022688 3.281000 8
2012.930900 -3.193656 3.365000 8
2012.933600 -0.642546 3.382000 8
2012.936300 -1.829334 3.213000 8
2012.939100 -3.140835 3.092000 8
2012.941800 -3.661475 3.142000 8
2012.944600 -5.440817 3.336000 8
2012.947300 2.976556 3.345000 8
2012.950000 16.144864 3.264000 8
2012.952800 8.204466 3.067000 8
2012.955500 2.031566 3.052000 8
2012.958200 -2.906513 3.013000 8
2012.961000 2.537674 3.171000 8
2012.963700 4.563145 3.171000 8
2012.966500 -0.877150 3.158000 8
2012.969200 -5.097305 3.134000 8
2012.971900 -1.981850 3.350000 8
2012.974700 -5.801228 3.098000 8
2012.977400 -5.002672 3.252000 8
2012.980200 1.371992 3.141000 8
2012.982900 -0.915545 3.179000 8
2012.985600 -4.298710 3.350000 8
2012.988400 -4.997873 3.105000 8
2012.991100 -2.483432 3.123000 8
2012.993800 -3.917770 3.196000 8
2012.996600 -0.566239 3.259000 8
2012.999300 -2.600286 3.224000 8
2013.002100 -6.707564 3.291000 8
2013.004800 -4.170538 3.053000 8
2013.007500 -5.081557 3.305000 8
2013.010300 -8.277977 3.085000 8
2013.013000 -9.060254 3.241000 8
2013.015700 -7.646741 3.238000 8
2013.018500 -3.842823 3.177000 8
2013.021200 0.375093 3.099000 8
2013.024000 -2.385728 3.399000 8
2013.026700 7.084360 3.333000 8
2013.029400 5.784958 3.245000 8
2013.032200 -3.334408 3.099000 8
2013.034900 -2.489983 3.076000 8
2013.037600 1.435782 3.151000 8
2013.040400 -3.098663 3.436000 8
2013.043100 -11.371415 3.228000 8
2013.045900 -10.236553 3.381000 8
2013.048600 -8.574051 3.355000 8
2013.051300 -11.125490 3.186000 8
2013.054100 -11.070589 3.121000 8
2013.056800 -7.352113 3.200000 8
2013.059500 -8.838741 3.088000 8
2013.062300 -16.146321 3.301000 8
2013.065000 -9.476364 3.165000 8
2013.067800 -10.509561 3.095000 8
2013.070500 -4.921236 3.202000 8
2013.073200 -10.881280 3.209000 8
2013.076000 1.200212 3.316000 8
2013.078700 -7.208775 3.272000 8
2013.081500 -16.120441 3.242000 8
2013.084200 -11.617573 3.225000 8
2013.086900 -15.571320 3.176000 8
2013.089700 -13.936072 3.244000 8
2013.092400 -12.212250 3.270000 8
2013.095100 -8.669179 3.218000 8
2013.097900 -6.545445 3.296000 8
2013.100600 -2.215073 3.500000 8
2013.103400 -7.375263 3.224000 8
2013.106100 -2.580757 3.244000 8
2013.108800 -7.536207 3.112000 8
2013.111600 -8.765558 3.224000 8
2013.114300 -10.976107 3.091000 8
2013.117000 -8.956720 3.160000 8
2013.119800 -9.685572 3.196000 8
2013.122500 -10.849491 3.294000 8
2013.125300 -9.817874 3.288000 8
2013.128000 -13.955224 3.259000 8
2013.130700 -4.258790 3.130000 8
2013.133500 -7.777154 3.189000 8
2013.136200 -7.904314 3.171000 8
2013.138900 -0.568765 3.381000 8
2013.141700 -5.090340 3.150000 8
2013.144400 -8.636520 3.347000 8
2013.147200 -5.404040 3.301000 8
2013.149900 -11.705023 3.262000 8
2013.152600 -8.706387 3.223000 8
2013.155400 -4.729405 3.196000 8
2013.158100 -7.607658 3.306000 8
2013.160800 -12.100326 3.170000 8
2013.163600 -12.032950 3.174000 8
2013.166300 -13.021562 3.150000 8
2013.169100 -2.514325 3.265000 8
2013.171800 2.332099 3.450000 8
2013.174500 -8.236916 3.135000 8
2013.177300 -9.383360 3.455000 8
2013.180000 -9.168342 3.497000 8
2013.182800 1.239069 3.202000 8
2013.185500 0.265136 3.124000 8
2013.188200 -7.215218 3.144000 8
2013.191000 -9.647428 3.155000 8
2013.193700 -11.895685 3.181000 8
2013.196400 -11.652330 3.323000 8
2013.199200 -9.602065 3.187000 8
2013.201900 -1.694534 3.216000 8
2013.204700 -1.651236 3.274000 8
2013.207400 1.031541 3.487000 8
2013.210100 -3.797987 3.253000 8
2013.212900 -2.812945 3.295000 8
2013.215600 -2.270098 3.214000 8
2013.218300 -3.761486 3.146000 8
2013.221100 -0.828480 3.316000 8
2013.223800 -3.617339 3.267000 8
2013.226600 -1.024909 3.146000 8
2013.229300 -2.517119 3.056000 8
2013.232000 -1.139418 3.186000 8
2013.234800 -3.074566 3.142000 8
2013.237500 -5.096018 3.273000 8
2013.240200 -0.832455 3.296000 8
2013.243000 -4.096856 3.187000 8
2013.245700 0.369776 3.179000 8
2013.248500 -1.384619 3.281000 8
2013.251200 -0.412757 3.112000 8
2013.253900 1.911316 3.474000 8
2013.256700 1.372288 3.336000 8
2013.259400 -3.166152 3.212000 8
2013.262100 1.382749 3.360000 8
2013.264900 5.366498 3.208000 8
2013.267600 13.364161 3.352000 8
2013.270400 0.738650 3.155000 8
2013.273100 0.511265 3.311000 8
2013.275800 4.909458 3.326000 8
2013.278600 -0.754535 3.192000 8
2013.281300 4.559910 3.344000 8
2013.284100 4.446174 3.213000 8
2013.286800 16.059076 3.275000 8
2013.289500 0.708808 3.314000 8
2013.292300 -2.503616 3.103000 8
2013.295000 -7.566110 3.390000 8
2013.297700 -2.348620 3.299000 8
2013.300500 1.590762 3.290000 8
2013.303200 -4.386651 3.163000 8
2013.306000 -2.201131 3.175000 8
2013.308700 2.409768 3.298000 8
2013.311400 0.669920 3.150000 8
2013.314200 -1.723915 3.385000 8
2013.316900 -3.395123 3.355000 8
2013.319600 -8.800918 3.181000 8
2013.322400 -2.473602 3.316000 8
2013.325100 0.760569 3.231000 8
2013.327900 4.234926 3.339000 8
2013.330600 -4.600719 3.353000 8
2013.333300 -10.933686 3.304000 8
2013.336100 -7.499344 3.362000 8
2013.338800 -2.966808 3.341000 8
2013.341500 0.160562 3.450000 8
2013.344300 -3.005622 3.438000 8
2013.347000 0.746562 3.263000 8
2013.349800 -3.579708 3.310000 8
2013.352500 -8.246506 3.268000 8
2013.355200 -9.308221 3.419000 8
2013.358000 -3.790233 3.213000 8
2013.360700 -9.985636 3.256000 8
2013.363400 -6.800816 3.257000 8
2013.366200 -2.032126 3.154000 8
2013.368900 1.693287 3.311000 8
2013.371700 3.580686 3.353000 8
2013.374400 -0.386128 3.435000 8
2013.377100 -6.897499 3.435000 8
2013.379900 -0.480707 3.338000 8
2013.382600 -4.048053 3.355000 8
2013.385400 -6.131113 3.234000 8
2013.388100 0.603727 3.448000 8
2013.390800 7.604205 3.282000 8
2013.393600 -4.058847 3.379000 8
2013.396300 -0.232962 3.329000 8
2013.399000 -1.770334 3.406000 8
2013.401800 -3.220051 3.213000 8
2013.404500 -0.355815 3.196000 8
2013.407300 0.819201 3.320000 8
2013.410000 2.806169 3.415000 8
2013.412700 -3.688971 3.234000 8
2013.415500 -4.475147 3.729000 8
2013.418200 -2.488391 3.271000 8
2013.420900 0.898332 3.367000 8
2013.423700 0.991201 3.468000 8
2013.426400 -1.128039 3.157000 8
2013.429200 -3.837013 3.437000 8
2013.431900 -5.106133 3.417000 8
2013.434600 -2.923187 3.408000 8
2013.437400 -4.593802 3.294000 8
2013.440100 -1.165633 3.319000 8
2013.442800 -7.612353 3.266000 8
2013.445600 -2.594469 3.548000 8
2013.448300 2.327112 3.527000 8
2013.451100 2.826404 3.516000 8
2013.453800 -4.487675 3.451000 8
2013.456500 -5.396593 3.465000 8
2013.459300 -5.394647 3.353000 8
2013.462000 3.531815 3.445000 8
2013.464800 -2.649761 3.263000 8
2013.467500 -6.007903 3.206000 8
2013.470200 -0.859866 3.334000 8
2013.473000 -3.324732 3.257000 8
2013.475700 0.542704 3.517000 8
2013.478400 7.332316 3.311000 8
2013.481200 1.119151 3.372000 8
2013.483900 -0.328855 3.231000 8
2013.486700 -7.535558 3.373000 8
2013.489400 -8.131203 3.462000 8
2013.492100 -4.697698 3.434000 8
2013.494900 -8.583786 3.295000 8
2013.497600 -10.620969 3.421000 8
2013.500300 -7.672031 3.368000 8
2013.503100 -8.754589 3.570000 8
2013.505800 -6.460402 3.361000 8
2013.508600 1.943345 3.513000 8
2013.511300 7.205728 3.427000 8
2013.514000 -0.391832 3.628000 8
2013.516800 0.535245 3.365000 8
2013.519500 -4.077207 3.581000 8
2013.522200 6.100352 3.594000 8
2013.525000 0.346611 3.714000 8
2013.527700 -4.198822 3.619000 8
2013.530500 -5.904519 3.388000 8
2013.533200 -3.556019 3.347000 8
2013.535900 -5.087598 3.447000 8
2013.538700 -2.563393 3.411000 8
2013.541400 -12.078154 3.455000 8
2013.544100 -9.042052 3.661000 8
2013.546900 1.634870 3.331000 8
2013.549600 -8.388332 3.502000 8
2013.552400 -0.431696 3.473000 8
2013.555100 6.922713 3.448000 8
2013.557800 -8.701119 3.349000 8
2013.560600 -0.774090 3.479000 8
2013.563300 -10.563438 3.514000 8
2013.566100 -5.943916 3.478000 8
2013.568800 -4.664867 3.478000 8
2013.571500 -7.418164 3.486000 8
2013.574300 -4.986581 3.542000 8
2013.577000 -1.108608 3.263000 8
2013.579700 4.031956 3.307000 8
2013.582500 9.120405 3.520000 8
2013.585200 -0.171885 3.448000 8
2013.588000 -3.778291 3.425000 8
2013.590700 2.560482 3.492000 8
2013.593400 -5.158251 3.347000 8
2013.596200 -7.344102 3.322000 8
2013.598900 -6.118886 3.380000 8
2013.601600 -0.799231 3.298000 8
2013.604400 -0.961699 3.202000 8
2013.607100 -1.171201 3.269000 8
2013.609900 0.123169 3.345000 8
2013.612600 4.299442 3.176000 8
2013.615300 0.962074 3.339000 8
2013.618100 -1.908427 3.397000 8
2013.620800 -1.636109 3.648000 8
2013.623500 2.132526 3.354000 8
2013.626300 -3.424975 3.509000 8
2013.629000 -2.005730 3.610000 8
2013.631800 2.789378 3.392000 8
2013.634500 -5.677812 3.379000 8
2013.637200 0.039262 3.506000 8
2013.640000 -5.100800 3.632000 8
2013.642700 1.111786 3.470000 8
2013.645400 6.220613 3.480000 8
2013.648200 5.947311 3.469000 8
2013.650900 5.396612 3.387000 8
2013.653700 -3.135208 3.462000 8
2013.656400 -6.076451 3.603000 8
2013.659100 2.454527 3.498000 8
2013.661900 -7.881597 3.489000 8
2013.664600 1.645827 3.368000 8
2013.667400 -8.624835 3.455000 8
2013.670100 -2.841964 3.421000 8
2013.672800 -2.515869 3.554000 8
2013.675600 -5.756829 3.655000 8
2013.678300 -5.269270 3.295000 8
2013.681000 -3.164476 3.480000 8
2013.683800 -4.436694 3.449000 8
2013.686500 -2.960402 3.264000 8
2013.689300 -4.873089 3.433000 8
2013.692000 0.177733 3.458000 8
2013.694700 -3.884172 3.225000 8
2013.697500 -1.681996 3.362000 8
2013.700200 -0.503311 3.480000 8
2013.702900 -1.522319 3.260000 8
2013.705700 -3.421174 3.271000 8
2013.708400 -3.525516 3.471000 8
2013.711200 -5.551651 3.373000 8
2013.713900 3.423731 3.369000 8
2013.716600 1.958493 3.258000 8
2013.719400 -3.008447 3.170000 8
2013.722100 3.343139 3.306000 8
2013.724800 7.854157 3.291000 8
2013.727600 -0.475425 3.192000 8
2013.730300 -2.211471 3.269000 8
2013.733100 11.043959 3.307000 8
2013.735800 11.095930 3.415000 8
2013.738500 0.134430 3.397000 8
2013.741300 -8.337468 3.256000 8
2013.744000 -6.166821 3.389000 8
2013.746700 -5.297578 3.260000 8
2013.749500 -5.004598 3.271000 8
2013.752200 3.478928 3.469000 8
2013.755000 7.571289 3.492000 8
2013.757700 1.607195 3.372000 8
2013.760400 -5.058185 3.184000 8
2013.763200 -9.248578 3.114000 8
2013.765900 -3.074431 3.164000 8
2013.768700 1.819811 3.337000 8
2013.771400 1.147584 3.350000 8
2013.774100 -3.231806 3.188000 8
2013.776900 -3.768932 3.310000 8
2013.779600 -0.997544 3.201000 8
2013.782300 4.570754 3.324000 8
2013.785100 -4.518507 3.362000 8
2013.787800 -1.717281 3.261000 8
2013.790600 -3.887490 3.294000 8
2013.793300 -3.301236 3.328000 8
2013.796000 -0.180952 3.331000 8
2013.798800 -1.394913 3.105000 8
2013.801500 1.966543 3.422000 8
2013.804200 1.772100 3.338000 8
2013.807000 -0.924396 3.243000 8
2013.809700 -2.205530 3.228000 8
2013.812500 -0.227585 3.191000 8
2013.815200 -4.863322 3.336000 8
2013.817900 -6.317851 3.141000 8
2013.820700 -4.470104 3.257000 8
2013.823400 7.416885 3.359000 8
2013.826100 1.168139 3.326000 8
2013.828900 -4.928133 3.203000 8
2013.831600 -0.085250 3.279000 8
2013.834400 -1.299762 3.292000 8
2013.837100 -1.883186 3.335000 8
2013.839800 0.058735 3.386000 8
2013.842600 1.299457 3.448000 8
2013.845300 3.040155 3.315000 8
2013.848000 -2.595764 3.343000 8
2013.850800 -8.870692 3.302000 8
2013.853500 0.443234 3.264000 8
2013.856300 -0.153724 3.256000 8
2013.859000 2.236081 3.421000 8
2013.861700 -4.355690 3.278000 8
2013.864500 -7.693166 3.333000 8
2013.867200 -1.685023 3.294000 8
2013.870000 0.522531 3.209000 8
2013.872700 7.837599 3.268000 8
2013.875400 8.703104 3.171000 8
2013.878200 6.279182 3.329000 8
2013.880900 -5.570390 3.502000 8
2013.883600 -0.672532 3.517000 8
2013.886400 3.189049 3.257000 8
2013.889100 4.675805 3.391000 8
2013.891900 -6.780624 3.269000 8
2013.894600 -2.193001 3.185000 8
2013.897300 -4.378986 3.143000 8
2013.900100 -5.362029 3.168000 8
2013.902800 -5.546213 3.245000 8
2013.905500 -5.695042 3.267000 8
2013.908300 -1.264820 3.251000 8
2013.911000 -6.785939 3.232000 8
2013.913800 -6.063945 3.407000 8
2013.916500 -4.615428 3.310000 8
2013.919200 -5.282648 3.318000 8
2013.922000 6.877322 3.434000 8
2013.924700 2.565605 3.453000 8
2013.927400 1.132079 3.218000 8
2013.930200 2.200802 3.157000 8
2013.932900 5.021622 3.419000 8
2013.935700 1.332718 3.421000 8
2013.938400 -2.020234 3.267000 8
2013.941100 -3.223140 3.311000 8
2013.943900 -2.810749 3.246000 8
2013.946600 -1.793625 3.331000 8
2013.949300 -3.154555 3.221000 8
2013.952100 1.076809 3.344000 8
2013.954800 -2.187311 3.364000 8
2013.957600 -4.499150 3.217000 8
2013.960300 -4.669617 3.269000 8
2013.963000 -3.639335 3.246000 8
2013.965800 10.232187 3.266000 8
2013.968500 7.286868 3.229000 8
2013.971300 6.753747 3.190000 8
2013.974000 -1.791356 3.304000 8
2013.976700 -6.606930 3.346000 8
2013.979500 -6.271387 3.193000 8
2013.982200 -2.336028 3.087000 8
2013.984900 -5.959285 3.241000 8
2013.987700 -3.244530 3.173000 8
2013.990400 1.944845 3.293000 8
2013.993200 3.419148 3.279000 8
2013.995900 -1.925054 3.447000 8
2013.998600 -4.692126 3.241000 8
2014.001400 -3.034416 3.394000 8
2014.004100 -3.896387 3.352000 8
2014.006800 -0.943389 3.471000 8
2014.009600 -2.250777 3.274000 8
2014.012300 -2.452009 3.464000 8
2014.015100 -3.891753 3.405000 8
2014.017800 -9.002441 3.251000 8
2014.020500 -4.916437 3.190000 8
2014.023300 -5.442150 3.335000 8
2014.026000 -2.791943 3.498000 8
2014.028700 -3.505214 3.489000 8
2014.031500 -2.261427 3.427000 8
2014.034200 -6.459840 3.427000 8
2014.037000 -6.331358 3.290000 8
2014.039700 -5.280145 3.467000 8
2014.042400 -7.767691 3.290000 8
2014.045200 -9.192600 3.202000 8
2014.047900 -6.271863 3.209000 8
2014.050700 -7.959671 3.360000 8
2014.053400 -5.958879 3.260000 8
2014.056100 -11.348125 3.236000 8
2014.058900 -7.592200 3.244000 8
2014.061600 -4.169724 3.110000 8
2014.064300 -0.190448 3.330000 8
2014.067100 -6.348300 3.327000 8
2014.069800 -3.839628 3.244000 8
2014.072600 -4.428290 3.346000 8
2014.075300 -5.700433 3.329000 8
2014.078000 -3.234035 3.285000 8
2014.080800 3.330713 3.342000 8
2014.083500 2.542992 3.393000 8
2014.086200 2.728668 3.300000 8
2014.089000 -1.362632 3.571000 8
2014.091700 -2.413363 3.483000 8
2014.094500 4.787707 3.344000 8
2014.097200 -0.865613 3.252000 8
2014.099900 3.719239 3.304000 8
2014.102700 -0.228442 3.292000 8
2014.105400 -0.834435 3.157000 8
2014.108100 -1.465375 3.345000 8
2014.110900 1.505814 3.311000 8
2014.113600 1.834795 3.285000 8
2014.116400 -0.189322 3.268000 8
2014.119100 1.172436 3.408000 8
2014.121800 4.678072 3.340000 8
2014.124600 1.225273 3.379000 8
2014.127300 7.182494 3.290000 8
2014.130000 1.317505 3.326000 8
2014.132800 3.583746 3.358000 8
2014.135500 5.531176 3.380000 8
2014.138300 2.228616 3.341000 8
2014.141000 4.581369 3.252000 8
2014.143700 3.807796 3.522000 8
2014.146500 4.377909 3.606000 8
2014.149200 2.139541 3.107000 8
2014.152000 1.830648 3.390000 8
2014.154700 4.260423 3.223000 8
2014.157400 10.622795 3.316000 8
2014.160200 9.697335 3.563000 8
2014.162900 13.634782 3.497000 8
2014.165600 4.126800 3.288000 8
2014.168400 1.084693 3.413000 8
2014.171100 -1.133251 3.488000 8
2014.173900 1.984491 3.545000 8
2014.176600 2.037578 3.349000 8
2014.179300 7.558228 3.618000 8
2014.182100 0.248293 3.253000 8
2014.184800 2.215989 3.293000 8
2014.187500 5.943262 3.410000 8
2014.190300 2.736699 3.392000 8
2014.193000 -1.665936 3.223000 8
2014.195800 2.388434 3.218000 8
2014.198500 1.838939 3.218000 8
2014.201200 0.123080 3.290000 8
2014.204000 -0.451994 3.351000 8
2014.206700 5.830384 3.263000 8
2014.209400 3.734452 3.278000 8
2014.212200 1.635105 3.212000 8
2014.214900 5.247535 3.306000 8
2014.217700 4.063429 3.339000 8
2014.220400 1.455321 3.386000 8
2014.223100 -1.373975 3.322000 8
2014.225900 0.283030 3.351000 8
2014.228600 4.868367 3.228000 8
2014.231300 12.502607 3.346000 8
2014.234100 6.511008 3.428000 8
2014.236800 5.520077 3.531000 8
2014.239600 2.550227 3.358000 8
2014.242300 -5.934730 3.476000 8
2014.245000 4.354394 3.347000 8
2014.247800 12.280498 3.711000 8
2014.250500 9.581830 3.231000 8
2014.253300 2.144090 3.432000 8
2014.256000 -0.596200 3.307000 8
2014.258700 4.007797 3.219000 8
2014.261500 3.322660 3.484000 8
2014.264200 2.528303 3.363000 8
2014.266900 1.340366 3.399000 8
2014.269700 5.433259 3.289000 8
2014.272400 -0.331748 3.334000 8
2014.275200 2.751062 3.382000 8
2014.277900 6.666181 3.495000 8
2014.280600 7.014963 3.353000 8
2014.283400 0.045565 3.303000 8
2014.286100 5.429779 3.562000 8
2014.288800 4.436809 3.584000 8
2014.291600 5.399682 3.545000 8
2014.294300 8.718458 3.335000 8
2014.297100 2.977104 3.303000 8
2014.299800 6.509842 3.466000 8
2014.302500 1.829659 3.386000 8
2014.305300 6.222403 3.375000 8
2014.308000 5.917505 3.335000 8
2014.310700 5.307846 3.430000 8
2014.313500 5.635192 3.318000 8
2014.316200 11.042145 3.378000 8
2014.319000 3.245166 3.384000 8
2014.321700 5.372951 3.385000 8
2014.324400 -1.410758 3.415000 8
2014.327200 -1.250292 3.327000 8
2014.329900 -0.553845 3.254000 8
2014.332600 -0.744733 3.340000 8
2014.335400 5.504676 3.526000 8
2014.338100 5.936264 3.416000 8
2014.340900 5.505240 3.105000 8
2014.343600 11.398514 3.254000 8
2014.346300 2.951710 3.498000 8
2014.349100 3.875439 3.199000 8
2014.351800 5.714628 3.416000 8
2014.354600 3.545454 3.209000 8
2014.357300 -5.848165 3.341000 8
2014.360000 -0.395618 3.212000 8
2014.362800 2.141728 3.194000 8
2014.365500 0.244753 3.236000 8
2014.368200 -2.866919 3.443000 8
2014.371000 0.236380 3.225000 8
2014.373700 -2.208543 3.385000 8
2014.376500 6.437624 3.238000 8
2014.379200 0.766625 3.408000 8
2014.381900 15.295140 3.527000 8
2014.384700 1.408924 3.299000 8
2014.387400 1.094605 3.431000 8
2014.390100 4.233914 3.507000 8
2014.392900 11.501677 3.305000 8
2014.395600 4.533376 3.327000 8
2014.398400 0.440653 3.546000 8
2014.401100 -1.252120 3.498000 8
2014.403800 8.386904 3.276000 8
2014.406600 1.567693 3.357000 8
2014.409300 5.911434 3.315000 8
2014.412000 5.463060 3.411000 8
2014.414800 3.634635 3.341000 8
2014.417500 2.479144 3.450000 8
2014.420300 4.904724 3.324000 8
2014.423000 6.651214 3.316000 8
2014.425700 4.250710 3.394000 8
2014.428500 0.645457 3.252000 8
2014.431200 0.799063 3.369000 8
2014.433900 7.931731 3.522000 8
2014.436700 4.639824 3.266000 8
2014.439400 6.041706 3.402000 8
2014.442200 4.152125 3.655000 8
2014.444900 -1.909722 3.472000 8
2014.447600 5.574563 3.447000 8
2014.450400 2.807547 3.363000 8
2014.453100 6.502168 3.430000 8
2014.455900 5.470592 3.414000 8
2014.458600 6.703580 3.460000 8
2014.461300 7.710738 3.576000 8
2014.464100 0.671846 3.512000 8
2014.466800 1.184399 3.370000 8
2014.469500 3.347130 3.331000 8
2014.472300 7.611947 3.502000 8
2014.475000 0.903078 3.355000 8
2014.477800 4.959382 3.200000 8
2014.480500 8.882906 3.329000 8
2014.483200 5.364598 3.539000 8
2014.486000 5.304582 3.254000 8
2014.488700 6.927639 3.346000 8
2014.491400 5.405846 3.493000 8
2014.494200 4.380453 3.271000 8
2014.496900 7.380978 3.351000 8
2014.499700 -0.932032 3.338000 8
2014.502400 3.412771 3.405000 8
2014.505100 -2.733326 3.521000 8
2014.507900 -0.810869 3.373000 8
2014.510600 3.396237 3.429000 8
2014.513300 5.843405 3.333000 8
2014.516100 5.611203 3.456000 8
2014.518800 1.800487 3.309000 8
2014.521600 10.943445 3.475000 8
2014.524300 -7.966221 3.316000 8
2014.527000 3.990094 3.307000 8
2014.529800 8.513141 3.436000 8
2014.532500 0.728399 3.390000 8
2014.535200 7.129583 3.468000 8
2014.538000 7.245547 3.278000 8
2014.540700 10.996560 3.263000 8
2014.543500 5.780378 3.280000 8
2014.546200 14.806137 3.318000 8
2014.548900 6.650724 3.156000 8
2014.551700 5.111147 3.462000 8
2014.554400 3.696356 3.321000 8
2014.557200 4.694417 3.459000 8
2014.559900 5.131162 3.533000 8
2014.562600 9.231629 3.459000 8
2014.565400 9.561967 3.344000 8
2014.568100 4.124842 3.443000 8
2014.570800 1.490377 3.359000 8
2014.573600 -0.015207 3.384000 8
2014.576300 5.255608 3.443000 8
2014.579100 3.974307 3.386000 8
2014.581800 5.733318 3.453000 8
2014.584500 7.858887 3.353000 8
2014.587300 10.256339 3.570000 8
2014.590000 4.051982 3.518000 8
2014.592700 -3.594877 3.609000 8
2014.595500 12.545146 3.579000 8
2014.598200 5.086245 3.448000 8
2014.601000 3.178224 3.470000 8
2014.603700 -2.802792 3.590000 8
2014.606400 8.682602 3.533000 8
2014.609200 1.763870 3.439000 8
2014.611900 -6.648952 3.470000 8
2014.614600 0.685588 3.347000 8
2014.617400 9.824996 3.740000 8
2014.620100 5.917229 3.485000 8
2014.622900 4.968328 3.414000 8
2014.625600 7.461202 3.340000 8
2014.628300 6.905372 3.557000 8
2014.631100 5.825405 3.473000 8
2014.633800 4.348145 3.519000 8
2014.636600 7.894749 3.525000 8
2014.639300 2.135022 3.299000 8
2014.642000 15.636544 3.543000 8
2014.644800 3.794935 3.531000 8
2014.647500 5.476945 3.464000 8
2014.650200 22.944186 3.565000 8
2014.653000 -6.557694 3.447000 8
2014.655700 -2.590994 3.358000 8
2014.658500 8.393595 3.313000 8
2014.661200 9.084743 3.265000 8
2014.663900 13.407111 3.359000 8
2014.666700 11.219390 3.293000 8
2014.669400 12.879204 3.388000 8
2014.672100 13.779241 3.580000 8
2014.674900 10.026220 3.495000 8
2014.677600 9.503719 3.515000 8
2014.680400 4.627187 3.700000 8
2014.683100 7.365168 3.516000 8
2014.685800 7.731394 3.263000 8
2014.688600 9.508638 3.505000 8
2014.691300 12.308390 3.225000 8
2014.694000 7.915413 3.253000 8
2014.696800 8.348512 3.383000 8
2014.699500 10.753120 3.514000 8
2014.702300 9.024848 3.440000 8
2014.705000 4.432088 3.545000 8
2014.707700 9.520658 3.275000 8
2014.710500 1.938428 3.497000 8
2014.713200 17.068715 3.287000 8
2014.715900 11.049377 3.461000 8
2014.718700 17.397329 3.122000 8
2014.721400 5.945806 3.363000 8
2014.724200 -0.975359 3.311000 8
2014.726900 3.896006 3.285000 8
2014.729600 4.385835 3.172000 8
2014.732400 7.083133 3.347000 8
2014.735100 18.351969 3.482000 8
2014.737900 18.561354 3.733000 8
2014.740600 8.273281 3.150000 8
2014.743300 4.055777 3.200000 8
2014.746100 6.974953 3.325000 8
2014.748800 7.396675 3.270000 8
2014.751500 7.501033 3.297000 8
2014.754300 0.391212 3.168000 8
2014.757000 0.343937 3.285000 8
2014.759800 6.254585 3.338000 8
2014.762500 4.988776 3.257000 8
2014.765200 5.915723 3.215000 8
2014.768000 15.080751 3.374000 8
2014.773400 7.208703 3.384000 8
2014.776200 5.729343 3.301000 8
2014.778900 3.361499 3.432000 8
2014.781700 3.402022 3.337000 8
2014.784400 5.931044 3.172000 8
2014.787100 5.881019 3.376000 8
2014.789900 8.424544 3.386000 8
2014.792600 6.792533 3.425000 8
2014.795300 11.518548 3.281000 8
2014.798100 8.369301 3.397000 8
2014.800800 7.540476 3.438000 8
2014.803600 18.850517 3.401000 8
2014.806300 10.567945 3.330000 8
2014.809000 6.754512 3.342000 8
2014.811800 4.247141 3.312000 8
2014.814500 13.436095 3.386000 8
2014.817200 17.263251 3.463000 8
2014.820000 10.661666 3.421000 8
2014.822700 7.622330 3.481000 8
2014.825500 4.059387 3.337000 8
2014.828200 3.269637 3.310000 8
2014.830900 4.321181 3.403000 8
2014.833700 15.367314 3.681000 8
2014.836400 6.237544 3.362000 8
2014.839200 1.631495 3.444000 8
2014.841900 7.542470 3.199000 8
2014.844600 6.791812 3.358000 8
2014.847400 6.601068 3.418000 8
2014.850100 8.490231 3.195000 8
2014.852800 2.552792 3.272000 8
2014.855600 14.303454 3.240000 8
2014.858300 15.900891 3.281000 8
2014.861100 11.359551 3.359000 8
2014.863800 9.088891 3.358000 8
2014.866500 9.747662 3.258000 8
2014.869300 8.892829 3.457000 8
2014.872000 8.116525 3.134000 8
2014.874700 6.450657 3.376000 8
2014.877500 6.670349 3.468000 8
2014.880200 6.265406 3.259000 8
2014.883000 9.323124 3.310000 8
2014.885700 9.726092 3.239000 8
2014.888400 10.806480 3.669000 8
2014.891200 10.455673 3.441000 8
2014.893900 6.040933 3.601000 8
2014.896600 6.137588 3.387000 8
2014.899400 -0.693825 3.391000 8
2014.902100 2.125638 3.293000 8
2014.904900 4.466108 3.197000 8
2014.907600 6.238322 3.224000 8
2014.910300 13.139862 3.391000 8
2014.913100 14.908508 3.366000 8
2014.915800 4.813694 3.206000 8
2014.918500 10.914148 3.322000 8
2014.921300 16.043787 3.190000 8
2014.924000 9.873757 3.364000 8
2014.926800 3.323954 3.430000 8
2014.929500 -0.788663 3.417000 8
2014.932200 3.393865 3.400000 8
2014.935000 4.797666 3.354000 8
2014.937700 -3.383563 3.324000 8
2014.940500 2.669498 3.190000 8
2014.943200 12.771384 3.573000 8
2014.945900 9.187258 3.529000 8
2014.948700 12.132431 3.286000 8
2014.951400 2.986210 3.147000 8
2014.954100 3.847868 3.218000 8
2014.956900 5.004810 3.479000 8
2014.959600 4.246141 3.236000 8
2014.962400 6.572732 3.284000 8
2014.965100 -1.381431 3.287000 8
2014.967800 1.735082 3.021000 8
2014.970600 -3.611201 3.281000 8
2014.973300 6.901552 3.342000 8
2014.976000 -0.464155 3.415000 8
2014.978800 2.260263 3.312000 8
2014.981500 10.363514 3.488000 8
2014.984300 5.622823 3.223000 8
2014.987000 -1.204168 3.250000 8
2014.989700 0.493138 3.250000 8
2014.992500 2.034383 3.361000 8
2014.995200 7.078140 3.131000 8
2014.997900 10.416039 3.227000 8
2015.000700 5.997733 3.384000 8
2015.003400 4.813762 3.149000 8
2015.006200 -0.736524 3.276000 8
2015.008900 -2.010587 3.236000 8
2015.011600 3.245223 3.169000 8
2015.014400 -4.072462 3.207000 8
2015.017100 0.311920 3.344000 8
2015.019800 0.096010 3.077000 8
2015.022600 2.492400 3.253000 8
2015.025300 4.908721 3.089000 8
2015.028100 2.223194 3.168000 8
2015.030800 -1.274485 3.071000 8
2015.033500 0.572260 3.159000 8
2015.036300 2.572922 3.328000 8
2015.039000 3.172322 3.165000 8
2015.041800 -0.007531 3.186000 8
2015.044500 2.395294 3.073000 8
2015.047200 0.529262 3.271000 8
2015.050000 0.269709 3.310000 8
2015.052700 1.304761 3.354000 8
2015.055400 9.309790 3.205000 8
2015.058200 1.063014 3.118000 8
2015.060900 1.840791 3.355000 8
2015.063700 0.406567 3.365000 8
2015.066400 5.815874 3.273000 8
2015.069100 6.200889 3.322000 8
2015.071900 1.452597 3.215000 8
2015.074600 -0.642177 3.128000 8
2015.077300 4.014605 3.128000 8
2015.080100 2.968762 3.162000 8
2015.082800 5.573450 3.183000 8
2015.085600 5.136296 3.243000 8
2015.088300 0.910694 3.121000 8
2015.091000 -0.263593 3.336000 8
2015.093800 -2.313051 3.141000 8
2015.096500 -0.847905 3.170000 8
2015.099200 -0.299574 3.326000 8
2015.102000 10.069251 3.327000 8
2015.104700 2.740756 3.362000 8
2015.107500 -3.592470 3.459000 8
2015.110200 3.150051 3.535000 8
2015.112900 -0.881441 3.402000 8
2015.115700 0.051998 3.170000 8
2015.118400 3.251301 3.370000 8
2015.121100 6.261490 3.424000 8
2015.123900 5.093273 3.312000 8
2015.126600 0.874062 3.373000 8
2015.129400 1.983221 3.248000 8
2015.132100 0.477494 3.220000 8
2015.134800 5.572513 3.430000 8
2015.137600 4.268569 3.371000 8
2015.140300 3.772923 3.167000 8
2015.143100 11.386096 3.253000 8
2015.145800 4.318700 3.100000 8
2015.148500 3.231946 3.176000 8
2015.151300 0.608694 3.238000 8
2015.154000 -1.220910 3.387000 8
2015.156700 1.579086 3.249000 8
2015.159500 2.780276 3.317000 8
2015.162200 1.117351 3.448000 8
2015.165000 1.801422 3.257000 8
2015.167700 5.142547 3.272000 8
2015.170400 1.590236 3.228000 8
2015.173200 -2.598367 3.277000 8
2015.175900 -1.629647 3.416000 8
2015.178600 1.864634 3.325000 8
2015.181400 1.180353 3.175000 8
2015.184100 -0.950322 3.364000 8
2015.186900 0.924269 3.307000 8
2015.189600 -2.217336 3.324000 8
2015.192300 5.964651 3.452000 8
2015.195100 5.351663 3.379000 8
2015.197800 2.302784 3.599000 8
2015.200500 4.264537 3.377000 8
2015.203300 3.099092 3.211000 8
2015.206000 2.368072 3.384000 8
2015.208800 3.703717 3.488000 8
2015.211500 2.061003 3.273000 8
2015.214200 -2.822982 3.387000 8
2015.217000 -1.345488 3.281000 8
2015.219700 9.397975 3.303000 8
2015.222500 6.630804 3.375000 8
2015.225200 8.412826 3.263000 8
2015.227900 5.958712 3.331000 8
2015.230700 3.803814 3.329000 8
2015.233400 3.678445 3.315000 8
2015.236100 5.572037 3.405000 8
2015.238900 3.736720 3.497000 8
2015.241600 2.085267 3.286000 8
2015.244400 4.187834 3.465000 8
2015.247100 12.444491 3.497000 8
2015.249800 1.261296 3.398000 8
2015.252600 4.061035 3.361000 8
2015.255300 2.775197 3.286000 8
2015.258000 7.550634 3.387000 8
2015.260800 22.040942 3.408000 8
2015.263500 16.578001 3.489000 8
2015.266300 4.883901 3.491000 8
2015.269000 5.386769 3.323000 8
2015.271700 8.112142 3.507000 8
2015.274500 2.292333 3.299000 8
2015.277200 6.727806 3.433000 8
2015.279900 5.836931 3.327000 8
2015.282700 4.537873 3.288000 8
2015.285400 4.534402 3.347000 8
2015.288200 4.871762 3.399000 8
2015.290900 4.548906 3.343000 8
2015.293600 5.529958 3.234000 8
2015.296400 3.116875 3.254000 8
2015.299100 7.319860 3.364000 8
2015.301800 9.466910 3.453000 8
2015.304600 12.770883 3.468000 8
2015.307300 13.852191 3.306000 8
2015.310100 16.103470 3.273000 8
2015.312800 14.822255 3.229000 8
2015.315500 8.648373 3.316000 8
2015.318300 7.383550 3.322000 8
2015.321000 4.588471 3.223000 8
2015.323800 6.305521 3.337000 8
2015.326500 8.115464 3.370000 8
2015.329200 4.928007 3.335000 8
2015.332000 8.985794 3.342000 8
2015.334700 11.436681 3.311000 8
2015.337400 12.853324 3.334000 8
2015.340200 8.699342 3.384000 8
2015.342900 5.860645 3.456000 8
2015.345700 14.711419 3.446000 8
2015.348400 10.058588 3.200000 8
2015.351100 4.981767 3.176000 8
2015.353900 -0.632431 3.353000 8
2015.356600 1.206915 3.260000 8
2015.359300 11.143414 3.371000 8
2015.362100 15.080699 3.472000 8
2015.364800 10.311653 3.378000 8
2015.367600 10.667506 3.428000 8
2015.370300 4.655099 3.362000 8
2015.373000 2.706072 3.161000 8
2015.375800 7.466118 3.511000 8
2015.378500 -0.460008 3.387000 8
2015.381200 -1.013630 3.442000 8
2015.384000 6.918002 3.226000 8
2015.386700 4.284525 3.107000 8
2015.389500 -1.535574 3.209000 8
2015.392200 5.750249 3.285000 8
2015.394900 -2.646237 3.150000 8
2015.397700 4.075839 3.471000 8
2015.400400 -2.065136 3.433000 8
2015.403100 2.831679 3.236000 8
2015.405900 2.515242 3.311000 8
2015.408600 -4.855242 3.444000 8
2015.411400 0.079147 3.231000 8
2015.414100 6.173479 3.216000 8
2015.416800 6.451743 3.315000 8
2015.419600 -3.055938 3.324000 8
2015.422300 7.980295 3.412000 8
2015.425100 6.220705 3.598000 8
2015.427800 -2.078003 3.338000 8
2015.430500 -2.434670 3.379000 8
2015.433300 1.037016 3.367000 8
2015.436000 1.324522 3.336000 8
2015.438700 2.727119 3.374000 8
2015.441500 -1.693761 3.550000 8
2015.444200 3.267100 3.289000 8
2015.447000 2.670594 3.532000 8
2015.449700 8.942767 3.338000 8
2015.452400 1.548089 3.532000 8
2015.455200 3.140200 3.328000 8
2015.457900 2.245886 3.354000 8
2015.460600 5.404740 3.460000 8
2015.463400 3.651532 3.461000 8
2015.466100 4.748780 3.444000 8
2015.468900 11.339058 3.458000 8
2015.471600 7.139706 3.375000 8
2015.474300 2.918532 3.635000 8
2015.477100 -0.927480 3.293000 8
2015.479800 0.439739 3.247000 8
2015.482500 2.103129 3.293000 8
2015.485300 3.683801 3.274000 8
2015.488000 5.666558 3.270000 8
2015.490800 2.415672 3.213000 8
2015.493500 8.232768 3.369000 8
2015.496200 5.918000 3.388000 8
2015.499000 6.631690 3.578000 8
2015.501700 -0.972795 3.352000 8
2015.504400 2.936824 3.358000 8
2015.507200 3.115989 3.380000 8
2015.509900 4.806819 3.280000 8
2015.512700 4.537248 3.274000 8
2015.515400 2.097231 3.286000 8
2015.518100 10.602249 3.423000 8
2015.520900 11.276936 3.350000 8
2015.523600 7.254013 3.274000 8
2015.526400 4.525799 3.400000 8
2015.529100 0.988865 3.174000 8
2015.531800 13.125880 3.214000 8
2015.534600 8.705656 3.233000 8
2015.537300 8.017548 3.485000 8
2015.540000 12.136332 3.324000 8
2015.542800 27.736919 3.413000 8
2015.545500 3.871460 3.384000 8
2015.548300 0.216827 3.471000 8
2015.551000 8.239043 3.293000 8
2015.553700 6.985050 3.509000 8
2015.556500 4.423907 3.503000 8
2015.559200 0.954461 3.213000 8
2015.561900 2.691744 3.475000 8
2015.564700 5.933894 3.368000 8
2015.567400 6.311595 3.430000 8
2015.570200 3.683173 3.359000 8
2015.572900 2.999207 3.453000 8
2015.575600 2.268864 3.363000 8
2015.578400 1.705405 3.489000 8
2015.581100 1.640268 3.326000 8
2015.583800 1.741694 3.320000 8
2015.586600 2.436005 3.566000 8
2015.589300 3.884515 3.453000 8
2015.592100 -2.923091 3.634000 8
2015.594800 13.808424 3.296000 8
2015.597500 8.447406 3.682000 8
2015.600300 14.114267 3.544000 8
2015.603000 5.814143 3.642000 8
2015.605700 5.322432 3.414000 8
2015.608500 7.399596 3.535000 8
2015.611200 12.155677 3.447000 8
2015.614000 8.154630 3.622000 8
2015.616700 2.643441 3.388000 8
2015.619400 1.873589 3.517000 8
2015.622200 8.545604 3.343000 8
2015.624900 9.792399 3.407000 8
2015.627700 5.873057 3.419000 8
2015.630400 6.834450 3.280000 8
2015.633100 11.834120 3.413000 8
2015.635900 18.354653 3.395000 8
2015.638600 10.099861 3.533000 8
2015.641300 9.745319 3.392000 8
2015.644100 -1.524355 3.429000 8
2015.646800 4.649594 3.465000 8
2015.649600 5.128416 3.241000 8
2015.652300 5.341835 3.468000 8
2015.655000 6.132477 3.310000 8
2015.657800 1.911007 3.474000 8
2015.660500 16.178099 3.349000 8
2015.663200 7.145409 3.310000 8
2015.666000 6.016629 3.443000 8
2015.668700 14.546387 3.510000 8
2015.671500 -0.665928 3.451000 8
2015.674200 11.341284 3.482000 8
2015.676900 13.233723 3.583000 8
2015.679700 15.455127 3.223000 8
2015.682400 8.706046 3.407000 8
2015.685100 0.443208 3.263000 8
2015.687900 4.974383 3.444000 8
2015.690600 -1.405934 3.335000 8
2015.693400 5.737799 3.370000 8
2015.696100 5.269040 3.420000 8
2015.698800 14.530571 3.368000 8
2015.701600 10.238216 3.554000 8
2015.704300 6.636373 3.524000 8
2015.707000 11.762856 3.559000 8
2015.709800 3.856532 3.327000 8
2015.712500 7.888724 3.293000 8
2015.715300 6.786167 3.413000 8
2015.718000 6.383132 3.285000 8
2015.720700 12.860502 3.309000 8
2015.723500 18.298219 3.232000 8
2015.726200 6.622467 3.296000 8
2015.729000 5.402136 3.334000 8
2015.731700 9.172340 3.309000 8
2015.734400 5.364043 3.293000 8
2015.737200 10.084285 3.241000 8
2015.739900 10.360069 3.557000 8
2015.742600 8.234415 3.362000 8
2015.745400 5.653429 3.523000 8
2015.748100 9.050990 3.604000 8
2015.750900 19.091312 3.297000 8
2015.753600 15.007181 3.361000 8
2015.756300 21.616727 3.298000 8
2015.759100 20.507182 3.477000 8
2015.761800 7.311181 3.125000 8
2015.764500 4.594929 3.274000 8
2015.767300 5.228745 3.300000 8
2015.770000 9.313095 3.427000 8
2015.772800 4.110624 3.114000 8
2015.775500 9.262677 3.350000 8
2015.778200 10.779602 3.357000 8
2015.781000 13.865881 3.158000 8
2015.783700 9.818659 3.253000 8
2015.786400 9.392385 3.285000 8
2015.789200 9.107644 3.345000 8
2015.791900 11.635372 3.521000 8
2015.794700 3.840759 3.317000 8
2015.797400 6.701587 3.326000 8
2015.800100 6.987482 3.151000 8
2015.802900 10.256226 3.186000 8
2015.805600 7.516362 3.145000 8
2015.808400 12.494479 3.234000 8
2015.811100 11.244947 3.228000 8
2015.813800 7.390592 3.156000 8
2015.816600 6.635415 3.267000 8
2015.819300 9.048519 3.126000 8
2015.822000 8.133860 3.204000 8
2015.824800 19.056577 3.156000 8
2015.827500 11.438493 3.263000 8
2015.830300 13.092917 3.172000 8
2015.833000 9.601479 3.335000 8
2015.835700 12.583364 3.311000 8
2015.838500 15.995953 3.308000 8
2015.841200 10.659576 3.240000 8
2015.843900 6.261562 3.292000 8
2015.846700 9.306446 3.261000 8
2015.849400 5.619247 3.314000 8
2015.852200 7.958072 3.299000 8
2015.854900 16.518728 3.337000 8
2015.857600 25.743797 3.220000 8
2015.860400 4.685074 3.376000 8
2015.863100 8.386043 3.131000 8
2015.865800 4.959443 3.171000 8
2015.868600 3.216224 3.214000 8
2015.871300 12.384547 3.422000 8
2015.874100 16.198363 3.282000 8
2015.876800 3.138613 3.129000 8
2015.879500 8.350298 3.285000 8
2015.882300 5.520632 3.169000 8
2015.885000 9.000230 3.225000 8
2015.887700 5.210251 3.360000 8
2015.890500 7.986064 3.175000 8
2015.893200 4.527961 3.311000 8
2015.896000 9.914737 3.298000 8
2015.898700 7.128471 3.179000 8
2015.901400 12.122579 3.185000 8
2015.904200 6.615686 3.114000 8
2015.906900 6.310553 3.452000 8
2015.909700 6.233488 3.129000 8
2015.912400 5.373047 3.190000 8
2015.915100 6.755901 3.243000 8
2015.917900 8.725909 3.347000 8
2015.920600 3.887335 3.307000 8
2015.923300 6.497990 3.199000 8
2015.926100 1.313867 3.217000 8
2015.928800 -0.809051 3.115000 8
2015.931600 5.604287 3.283000 8
2015.934300 1.623686 3.215000 8
2015.937000 4.337179 3.292000 8
2015.939800 5.847960 3.492000 8
2015.942500 11.958584 3.515000 8
2015.945200 9.419206 3.400000 8
2015.948000 12.565125 3.470000 8
2015.950700 20.253670 3.410000 8
2015.953500 10.150507 3.189000 8
2015.956200 9.722824 3.173000 8
2015.958900 3.478951 3.334000 8
2015.961700 7.517342 3.122000 8
2015.964400 7.239997 3.199000 8
2015.967100 12.892339 3.231000 8
2015.969900 10.191890 3.223000 8
2015.972600 19.710495 3.383000 8
2015.975400 13.366261 3.166000 8
2015.978100 12.906943 3.083000 8
2015.980800 10.758083 3.172000 8
2015.983600 -5.861710 3.156000 8
2015.986300 4.035214 3.077000 8
2015.989000 8.560448 3.139000 8
2015.991800 8.692632 3.305000 8
2015.994500 5.446343 3.305000 8
2015.997300 7.910911 3.408000 8
2016.000000 8.644885 3.343000 8
2016.002700 6.120910 3.238000 8
2016.005500 6.465634 3.272000 8
2016.008200 11.243595 3.341000 8
2016.011000 9.408139 3.208000 8
2016.013700 8.806812 3.134000 8
2016.016400 19.031262 3.260000 8
2016.019200 10.432100 3.234000 8
2016.021900 6.611923 3.238000 8
2016.024600 8.280354 3.129000 8
2016.027400 5.823957 3.153000 8
2016.030100 0.894418 3.212000 8
2016.032900 5.269896 3.191000 8
2016.035600 7.694155 3.196000 8
2016.038300 7.029740 3.312000 8
2016.041100 10.362092 3.296000 8
2016.043800 6.608131 3.152000 8
2016.046500 7.173327 3.163000 8
2016.049300 5.637025 3.188000 8
2016.052000 4.694333 3.305000 8
2016.054800 5.514956 3.371000 8
2016.057500 -1.060849 3.125000 8
2016.060200 8.574228 2.982000 8
2016.063000 8.369327 3.232000 8
2016.065700 8.246961 3.442000 8
2016.068400 6.982316 3.346000 8
2016.071200 0.052390 3.230000 8
2016.073900 4.398983 3.345000 8
2016.076700 9.254084 3.493000 8
2016.079400 7.628708 3.394000 8
2016.082100 15.133800 3.503000 8
2016.084900 15.870079 3.162000 8
2016.087600 6.830906 3.212000 8
2016.090300 6.501060 3.376000 8
2016.093100 2.889072 3.142000 8
2016.095800 -1.057318 3.143000 8
2016.098600 1.501926 3.369000 8
2016.101300 1.399816 3.227000 8
2016.104000 0.914817 3.256000 8
2016.106800 -0.276884 3.265000 8
2016.109500 2.613152 3.263000 8
2016.112300 2.890259 3.165000 8
2016.115000 3.271178 3.160000 8
2016.117700 0.024024 3.267000 8
2016.120500 5.473603 3.311000 8
2016.123200 7.035127 3.289000 8
2016.125900 7.266483 3.284000 8
2016.128700 10.640236 3.258000 8
2016.131400 16.093091 3.252000 8
2016.134200 10.271120 3.251000 8
2016.136900 8.224368 3.367000 8
2016.139600 7.751320 3.208000 8
2016.142400 12.236119 3.240000 8
2016.145100 2.382332 3.237000 8
2016.147800 4.465191 3.216000 8
2016.150600 6.213579 3.185000 8
2016.153300 3.258595 3.204000 8
2016.156100 12.530932 3.183000 8
2016.158800 9.211053 3.260000 8
2016.161500 7.390757 3.349000 8
2016.164300 5.247481 3.158000 8
2016.167000 3.639237 3.137000 8
2016.169700 6.510558 3.125000 8
2016.172500 9.728611 3.163000 8
2016.175200 12.562963 3.232000 8
2016.178000 19.794864 3.451000 8
2016.180700 14.187250 3.291000 8
2016.183400 12.311205 3.481000 8
2016.186200 9.532447 3.127000 8
2016.188900 9.779467 3.017000 8
2016.191600 13.820078 3.338000 8
2016.194400 6.293733 3.210000 8
2016.197100 8.105470 3.170000 8
2016.199900 9.584099 3.088000 8
2016.202600 7.797021 3.219000 8
2016.205300 9.880604 3.244000 8
2016.208100 9.957869 3.105000 8
2016.210800 9.213748 3.147000 8
2016.213600 5.372180 3.388000 8
2016.216300 1.848445 3.083000 8
2016.219000 12.220482 3.390000 8
2016.221800 6.839898 3.162000 8
2016.224500 2.880479 3.108000 8
2016.227200 6.356916 3.081000 8
2016.230000 10.907581 3.074000 8
2016.232700 8.725746 3.204000 8
2016.235500 9.054050 3.263000 8
2016.238200 18.063081 3.043000 8
2016.240900 19.002134 3.216000 8
2016.243700 15.186216 3.031000 8
2016.246400 13.765359 3.064000 8
2016.249100 12.863641 3.247000 8
2016.251900 7.107862 2.989000 8
2016.254600 8.616478 2.979000 8
2016.257400 6.781988 3.048000 8
2016.260100 6.290113 2.963000 8
2016.262800 4.525592 2.993000 8
2016.265600 5.051915 3.171000 8
2016.268300 15.069179 3.050000 8
2016.271000 7.359934 3.189000 8
2016.273800 9.076510 3.007000 8
2016.276500 7.971341 2.936000 8
2016.279300 7.420987 3.059000 8
2016.282000 9.657097 3.256000 8
2016.284700 12.484945 3.299000 8
2016.287500 14.626621 3.125000 8
2016.290200 10.610057 3.308000 8
2016.293000 7.349342 3.193000 8
2016.295700 8.720579 3.237000 8
2016.298400 6.741815 3.284000 8
2016.301200 8.526948 3.399000 8
2016.303900 11.353307 3.101000 8
2016.306600 13.920825 3.149000 8
2016.309400 9.202307 3.196000 8
2016.312100 13.727274 3.017000 8
2016.314900 14.986261 3.124000 8
2016.317600 9.407896 3.208000 8
2016.320300 14.220958 3.133000 8
2016.323100 7.975138 3.045000 8
2016.325800 8.465194 3.185000 8
2016.328500 10.585835 3.146000 8
2016.331300 3.917711 3.158000 8
2016.334000 9.340669 3.314000 8
2016.336800 1.135948 3.333000 8
2016.339500 9.633436 3.234000 8
2016.342200 14.142770 3.269000 8
2016.345000 16.580563 3.418000 8
2016.347700 3.728738 3.173000 8
2016.350400 4.993910 3.156000 8
2016.353200 10.471692 3.155000 8
2016.355900 5.800005 3.158000 8
2016.358700 2.628036 3.086000 8
2016.361400 1.652687 2.973000 8
2016.364100 1.609572 3.125000 8
2016.366900 5.313342 3.277000 8
2016.369600 8.928844 3.219000 8
2016.372300 5.091714 3.116000 8
2016.375100 3.709643 3.112000 8
2016.377800 5.174393 3.221000 8
2016.380600 4.492322 3.165000 8
2016.383300 19.697118 3.220000 8
2016.386000 11.189487 3.126000 8
2016.388800 4.553218 3.124000 8
2016.391500 6.792867 3.262000 8
2016.394300 10.585002 3.181000 8
2016.397000 2.303077 3.124000 8
2016.399700 1.017902 3.157000 8
2016.402500 1.418398 3.248000 8
2016.405200 4.922848 3.097000 8
2016.407900 -1.036859 3.284000 8
2016.410700 0.394291 3.263000 8
2016.413400 4.214386 3.250000 8
2016.416200 6.883462 3.208000 8
2016.418900 -1.511534 3.318000 8
2016.421600 1.025443 3.400000 8
2016.424400 2.206582 3.329000 8
2016.427100 5.483608 3.359000 8
2016.429800 5.772669 3.211000 8
2016.432600 8.124068 3.148000 8
2016.435300 5.176294 3.190000 8
2016.438100 14.965973 3.029000 8
2016.440800 14.690429 3.195000 8
2016.443500 3.431999 3.434000 8
2016.446300 7.266188 3.261000 8
2016.449000 7.693064 3.421000 8
2016.451700 9.432087 3.254000 8
2016.454500 12.977887 3.148000 8
2016.457200 20.369270 3.081000 8
2016.460000 6.793531 3.168000 8
2016.462700 5.244297 3.188000 8
2016.465400 6.469239 3.187000 8
2016.468200 2.062201 5.860000 8
2016.470900 0.633543 3.385000 8
2016.473600 5.118064 3.212000 8
2016.476400 11.418736 3.175000 8
2016.479100 6.950651 3.269000 8
2016.481900 11.568801 3.248000 8
2016.484600 6.422097 3.282000 8
2016.487300 2.406555 3.310000 8
2016.490100 12.422359 3.287000 8
2016.492800 8.449160 3.319000 8
2016.495600 6.756377 3.344000 8
2016.498300 10.150486 3.323000 8
2016.501000 3.510713 3.392000 8
2016.503800 10.289451 3.459000 8
2016.506500 8.998920 3.400000 8
2016.509200 19.693471 3.126000 8
2016.512000 8.081615 3.254000 8
2016.514700 5.075328 3.539000 8
2016.517500 7.140682 3.382000 8
2016.520200 7.338494 3.350000 8
2016.522900 8.366312 3.303000 8
2016.525700 7.904836 3.246000 8
2016.528400 10.513652 3.492000 8
2016.531100 2.172423 3.358000 8
2016.533900 4.466951 3.414000 8
2016.536600 1.481608 3.383000 8
2016.539400 6.738052 3.400000 8
2016.542100 12.800517 3.493000 8
2016.544800 1.131839 3.254000 8
2016.547600 9.126984 3.315000 8
2016.550300 3.093992 3.489000 8
2016.553000 -3.857205 3.540000 8
2016.555800 -0.150552 3.403000 8
2016.558500 10.035810 3.372000 8
2016.561300 9.995034 3.323000 8
2016.564000 9.762868 3.214000 8
2016.566700 10.604394 3.512000 8
2016.569500 7.786794 3.674000 8
2016.572200 6.068664 3.513000 8
2016.574900 2.608161 3.547000 8
2016.577700 8.824542 3.386000 8
2016.580400 11.086257 3.404000 8
2016.583200 6.723856 3.456000 8
2016.585900 8.835705 3.510000 8
2016.588600 0.522082 3.374000 8
2016.591400 2.170342 3.439000 8
2016.594100 3.289734 3.335000 8
2016.596900 13.485008 3.364000 8
2016.599600 13.210339 3.445000 8
2016.602300 9.532105 3.495000 8
2016.605100 11.235748 3.412000 8
2016.607800 5.814347 3.723000 8
2016.610500 14.906332 3.721000 8
2016.613300 6.338187 3.490000 8
2016.616000 -1.464091 3.287000 8
2016.618800 1.942499 3.314000 8
2016.621500 4.162900 3.291000 8
2016.624200 6.311615 3.617000 8
2016.627000 -2.678805 3.383000 8
2016.629700 10.182514 3.529000 8
2016.632400 10.682113 3.359000 8
2016.635200 10.208575 3.388000 8
2016.637900 16.982716 3.488000 8
2016.640700 12.040722 3.319000 8
2016.643400 5.437371 3.484000 8
2016.646100 4.181259 3.286000 8
2016.648900 13.466019 3.340000 8
2016.651600 17.647379 3.309000 8
2016.654300 6.105963 3.362000 8
2016.657100 -2.461566 3.144000 8
2016.659800 3.638469 3.196000 8
2016.662600 5.512403 3.288000 8
2016.665300 4.179884 3.329000 8
2016.668000 9.674584 3.474000 8
2016.670800 11.093210 3.576000 8
2016.673500 14.338363 3.414000 8
2016.676200 20.326742 3.435000 8
2016.679000 11.113084 3.305000 8
2016.681700 6.266940 3.291000 8
2016.684500 5.780788 3.719000 8
2016.687200 1.166145 3.595000 8
2016.689900 5.276760 3.497000 8
2016.692700 7.799420 3.266000 8
2016.695400 7.312587 3.262000 8
2016.698200 17.959842 3.314000 8
2016.700900 13.540605 3.459000 8
2016.703600 8.762679 3.237000 8
2016.706400 8.150912 3.324000 8
2016.709100 3.508659 3.435000 8
2016.711800 0.153758 3.229000 8
2016.714600 5.685099 3.295000 8
2016.717300 9.613962 3.242000 8
2016.720100 11.182132 3.168000 8
2016.722800 11.914828 3.263000 8
2016.725500 16.080960 3.753000 8
2016.728300 2.089503 3.533000 8
2016.731000 4.838581 3.244000 8
2016.733700 4.854153 3.192000 8
2016.736500 8.228252 3.230000 8
2016.739200 6.126894 3.135000 8
2016.742000 10.597148 3.386000 8
2016.744700 3.101947 3.304000 8
2016.747400 6.319348 3.271000 8
2016.750200 13.899498 3.274000 8
2016.752900 12.689195 3.375000 8
2016.755600 11.787563 3.239000 8
2016.758400 12.778828 3.258000 8
2016.761100 9.907636 3.282000 8
2016.763900 4.343445 3.194000 8
2016.766600 4.514793 3.169000 8
2016.769300 6.394934 3.285000 8
2016.772100 7.649239 3.407000 8
2016.774800 -0.322931 3.214000 8
2016.777500 11.484766 3.259000 8
2016.780300 3.225801 3.336000 8
2016.783000 7.123338 3.255000 8
2016.785800 8.077333 3.266000 8
2016.788500 21.021812 3.329000 8
2016.791200 19.397279 3.437000 8
2016.794000 11.296390 3.287000 8
2016.796700 7.432945 3.442000 8
2016.799500 7.334271 3.144000 8
2016.802200 5.103011 3.233000 8
2016.804900 5.110856 3.190000 8
2016.807700 9.635666 3.319000 8
2016.810400 6.297832 3.259000 8
2016.813100 3.424170 3.232000 8
2016.815900 5.179669 3.120000 8
2016.818600 4.498456 3.180000 8
2016.821400 2.405536 3.192000 8
2016.824100 10.740851 3.361000 8
2016.826800 11.351436 3.382000 8
2016.829600 9.445512 3.249000 8
2016.832300 5.049733 3.270000 8
2016.835000 9.089273 3.205000 8
2016.837800 9.548502 3.255000 8
2016.840500 -0.208227 3.310000 8
2016.843300 4.822862 3.214000 8
2016.846000 7.558917 3.250000 8
2016.848700 3.455358 3.099000 8
2016.851500 4.478806 2.987000 8
2016.854200 3.566096 3.090000 8
2016.856900 5.396799 3.152000 8
2016.859700 2.116693 3.241000 8
2016.862400 3.513292 3.203000 8
2016.865200 2.423201 3.014000 8
2016.867900 6.657716 3.085000 8
2016.870600 0.618666 3.121000 8
2016.873400 2.704096 3.165000 8
2016.876100 14.699973 3.214000 8
2016.878900 6.713437 3.329000 8
2016.881600 3.340236 3.223000 8
2016.884300 1.533464 2.997000 8
2016.887100 10.109428 3.208000 8
2016.889800 8.487550 3.237000 8
2016.892500 6.415082 3.062000 8
2016.895300 3.392484 3.230000 8
2016.898000 6.878859 3.191000 8
2016.900800 2.038185 3.081000 8
2016.903500 4.784354 3.566000 8
2016.906200 15.243874 3.432000 8
2016.909000 7.412453 3.070000 8
2016.911700 9.526674 3.154000 8
2016.914400 5.576194 3.146000 8
2016.917200 3.442861 3.177000 8
2016.919900 10.520965 3.402000 8
2016.922700 4.148265 3.289000 8
2016.925400 8.878859 3.138000 8
2016.928100 6.976638 3.129000 8
2016.930900 10.147670 3.124000 8
2016.933600 4.359781 3.190000 8
2016.936300 0.213992 3.112000 8
2016.939100 2.740491 3.259000 8
2016.941800 7.703852 3.274000 8
2016.944600 6.019509 3.244000 8
2016.947300 6.668882 3.212000 8
2016.950000 5.692190 3.225000 8
2016.952800 4.937792 3.072000 8
2016.955500 5.647892 3.375000 8
2016.958200 18.229813 3.449000 8
2016.961000 6.862001 3.344000 8
2016.963700 3.106471 3.146000 8
2016.966500 -1.093824 3.086000 8
2016.969200 2.672022 3.066000 8
2016.971900 6.699476 3.104000 8
2016.974700 9.429098 3.157000 8
2016.977400 9.063654 3.244000 8
2016.980200 20.150319 3.211000 8
2016.982900 7.442781 3.051000 8
2016.985600 8.092617 3.085000 8
2016.988400 2.978453 3.088000 8
2016.991100 -0.439106 3.257000 8
2016.993800 -2.597444 3.123000 8
2016.996600 2.947088 3.299000 8
2016.999300 4.763041 3.050000 8
2017.002100 9.128762 3.042000 8
2017.004800 9.998788 3.163000 8
2017.007500 10.773770 3.306000 8
2017.010300 5.725349 3.169000 8
2017.013000 3.863072 3.206000 8
2017.015700 6.911585 3.216000 8
2017.018500 4.751503 3.092000 8
2017.021200 5.618419 3.210000 8
2017.024000 4.501599 3.335000 8
2017.026700 11.283687 3.532000 8
2017.029400 12.315284 3.390000 8
2017.032200 5.195918 3.193000 8
2017.034900 5.813343 3.111000 8
2017.037600 7.963108 3.121000 8
2017.040400 1.415663 3.078000 8
2017.043100 6.434911 3.121000 8
2017.045900 1.959774 3.120000 8
2017.048600 2.649276 3.413000 8
2017.051300 14.012837 3.135000 8
2017.054100 15.160737 3.129000 8
2017.056800 20.160213 3.095000 8
2017.059500 6.724585 3.006000 8
2017.062300 -1.987995 3.197000 8
2017.065000 9.173962 3.061000 8
2017.067800 -1.145235 3.101000 8
2017.070500 -1.439910 3.197000 8
2017.073200 -3.408954 3.008000 8
2017.076000 -6.469462 3.111000 8
2017.078700 -5.917449 3.105000 8
2017.081500 -2.566115 3.034000 8
2017.084200 -0.100247 3.058000 8
2017.086900 -5.196994 3.134000 8
2017.089700 -3.445746 3.194000 8
2017.092400 3.829077 2.919000 8
2017.095100 1.895148 3.038000 8
2017.097900 1.604881 3.037000 8
2017.100600 12.926254 3.223000 8
2017.103400 9.313064 3.030000 8
2017.106100 6.767570 3.184000 8
2017.108800 4.025119 3.087000 8
2017.111600 0.552768 3.187000 8
2017.114300 9.410219 3.163000 8
2017.117000 1.623606 2.975000 8
2017.119800 2.313754 3.050000 8
2017.122500 3.313835 2.947000 8
2017.125300 -1.004548 3.102000 8
2017.128000 4.596103 2.963000 8
2017.130700 8.380536 3.003000 8
2017.133500 14.958172 3.073000 8
2017.136200 4.862012 2.979000 8
2017.138900 5.015562 3.029000 8
2017.141700 5.961986 3.120000 8
2017.144400 -8.301194 3.214000 8
2017.147200 -2.078714 3.092000 8
2017.149900 -2.526697 3.205000 8
2017.152600 -0.504061 3.133000 8
2017.155400 7.182922 3.147000 8
2017.158100 7.241669 3.275000 8
2017.160800 3.512000 3.082000 8
2017.163600 -5.521624 3.038000 8
2017.166300 -2.369236 2.993000 8
2017.169100 -3.687999 3.137000 8
2017.171800 2.394425 3.160000 8
2017.174500 13.743410 3.268000 8
2017.177300 -3.846034 3.174000 8
2017.180000 -2.629016 3.075000 8
2017.182800 -3.664604 3.085000 8
2017.185500 -3.878538 3.070000 8
2017.188200 -4.720891 3.026000 8
2017.191000 -1.778102 3.058000 8
2017.193700 1.360642 3.014000 8
2017.196400 -0.887004 3.022000 8
2017.199200 -1.437738 3.111000 8
2017.201900 -1.285208 2.968000 8
2017.204700 11.738090 3.131000 8
2017.207400 0.271867 3.095000 8
2017.210100 2.332340 3.007000 8
2017.212900 1.763382 3.071000 8
2017.215600 8.863228 2.950000 8
2017.218300 4.184840 3.117000 8
2017.221100 13.856846 3.150000 8
2017.223800 8.164987 3.071000 8
2017.226600 4.511417 3.212000 8
2017.229300 9.528207 2.962000 8
2017.232000 5.101908 3.181000 8
2017.234800 9.748760 3.193000 8
2017.237500 2.918308 3.098000 8
2017.240200 4.590871 3.027000 8
2017.243000 11.688470 3.288000 8
2017.245700 7.645102 2.998000 8
2017.248500 -0.387293 3.236000 8
2017.251200 0.963569 3.002000 8
2017.253900 -0.744357 3.141000 8
2017.256700 0.710614 3.025000 8
2017.259400 -1.522826 3.027000 8
2017.262100 0.640076 3.207000 8
2017.264900 4.232825 3.070000 8
2017.267600 2.080487 3.173000 8
2017.270400 -3.348024 3.215000 8
2017.273100 -2.911408 3.043000 8
2017.275800 -1.348216 3.147000 8
2017.278600 -1.452208 3.131000 8
2017.281300 7.304236 3.099000 8
2017.284100 0.945500 3.087000 8
2017.286800 -2.559597 2.977000 8
2017.289500 0.944134 3.011000 8
2017.292300 6.734711 3.100000 8
2017.295000 2.566216 3.175000 8
2017.297700 -0.401293 3.122000 8
2017.300500 -3.773911 3.245000 8
2017.303200 -0.263325 3.087000 8
2017.306000 -0.590805 3.154000 8
2017.308700 3.762094 3.093000 8
2017.311400 2.697246 3.076000 8
2017.314200 6.150411 3.274000 8
2017.316900 -0.703796 3.047000 8
2017.319600 3.400409 3.206000 8
2017.322400 -2.107276 3.161000 8
2017.325100 0.429896 3.072000 8
2017.327900 -2.472748 3.002000 8
2017.330600 -2.848393 3.087000 8
2017.333300 -3.810360 3.055000 8
2017.336100 -1.978018 2.993000 8
2017.338800 -0.362481 3.102000 8
2017.341500 -1.275112 3.269000 8
2017.344300 2.563704 3.041000 8
2017.347000 0.637888 3.048000 8
2017.349800 -0.589382 2.979000 8
2017.352500 2.821820 3.017000 8
2017.355200 -3.314895 2.999000 8
2017.358000 -3.756907 3.032000 8
2017.360700 -2.684310 3.043000 8
2017.363400 0.862510 3.003000 8
2017.366200 2.272200 2.934000 8
2017.368900 2.295614 3.066000 8
2017.371700 -5.445987 3.134000 8
2017.374400 2.261198 3.114000 8
2017.377100 0.674827 3.215000 8
2017.379900 -3.377381 3.387000 8
2017.382600 -0.891727 3.039000 8
2017.385400 -1.369787 3.059000 8
2017.388100 -0.801947 3.127000 8
2017.390800 -1.929469 3.087000 8
2017.393600 5.710479 3.035000 8
2017.396300 -4.809635 3.158000 8
2017.399000 2.960992 3.276000 8
2017.401800 1.800275 3.008000 8
2017.404500 2.335511 3.210000 8
2017.407300 2.788528 3.201000 8
2017.410000 1.458495 3.127000 8
2017.412700 6.437355 3.066000 8
2017.415500 1.028180 3.272000 8
2017.418200 -2.332065 3.288000 8
2017.420900 1.021658 3.083000 8
2017.423700 2.419527 3.075000 8
2017.426400 12.573288 3.132000 8
2017.429200 0.268313 3.098000 8
2017.431900 3.641193 3.284000 8
2017.434600 1.518140 3.119000 8
2017.437400 8.383525 3.083000 8
2017.440100 19.671693 3.234000 8
2017.442800 21.385973 3.073000 8
2017.445600 17.883858 3.247000 8
2017.448300 2.629438 3.049000 8
2017.451100 3.586731 3.033000 8
2017.453800 -1.697348 3.323000 8
2017.456500 1.131733 3.613000 8
2017.459300 5.425679 3.446000 8
2017.462000 5.245141 3.410000 8
2017.464800 4.818566 3.064000 8
2017.467500 -2.709576 3.240000 8
2017.470200 0.163460 3.092000 8
2017.473000 7.958595 3.320000 8
2017.475700 -4.486969 3.350000 8
2017.478400 2.383642 3.229000 8
2017.481200 -2.303523 3.253000 8
2017.483900 0.253472 3.226000 8
2017.486700 -0.735232 3.307000 8
2017.489400 6.645124 3.205000 8
2017.492100 1.974628 3.141000 8
2017.494900 1.175540 3.340000 8
2017.497600 0.125358 3.248000 8
2017.500300 6.870296 3.234000 8
2017.503100 8.150737 3.242000 8
2017.505800 0.610924 3.262000 8
2017.508600 -0.379329 3.335000 8
2017.511300 1.015054 3.305000 8
2017.514000 -2.629505 3.252000 8
2017.516800 -2.701429 3.059000 8
2017.519500 5.140119 3.062000 8
2017.522200 5.350679 3.275000 8
2017.525000 3.906938 3.238000 8
2017.527700 -6.799496 3.373000 8
2017.530500 1.470807 3.226000 8
2017.533200 -0.609693 3.195000 8
2017.535900 2.061728 3.393000 8
2017.538700 -1.022067 3.313000 8
2017.541400 9.988172 3.321000 8
2017.544100 10.566274 3.280000 8
2017.546900 5.734196 3.327000 8
2017.549600 10.664994 3.236000 8
2017.552400 2.867630 3.255000 8
2017.555100 4.246039 3.200000 8
2017.557800 -2.507792 3.323000 8
2017.560600 1.711237 3.405000 8
2017.563300 8.520888 3.368000 8
2017.566100 -2.494589 2.998000 8
2017.568800 -3.468541 3.233000 8
2017.571500 3.456162 3.346000 8
2017.574300 -0.832254 3.322000 8
2017.577000 -2.313282 3.454000 8
2017.579700 0.219283 3.266000 8
2017.582500 3.031732 3.158000 8
2017.585200 1.176441 3.265000 8
2017.588000 1.455035 3.506000 8
2017.590700 5.841809 3.439000 8
2017.593400 8.401076 3.425000 8
2017.596200 0.221225 3.106000 8
2017.598900 4.758441 3.202000 8
2017.601600 -1.031904 3.396000 8
2017.604400 3.772628 3.264000 8
2017.607100 6.985125 3.307000 8
2017.609900 -7.221505 3.459000 8
2017.612600 5.267769 3.318000 8
2017.615300 5.354400 3.392000 8
2017.618100 3.115899 3.493000 8
2017.620800 9.116217 3.181000 8
2017.623500 1.701852 3.277000 8
2017.626300 -3.336648 3.299000 8
2017.629000 -5.491404 3.386000 8
2017.631800 -0.372296 3.484000 8
2017.634500 -5.110486 3.349000 8
2017.637200 4.571588 3.269000 8
2017.640000 -0.059473 3.074000 8
2017.642700 1.729113 3.245000 8
2017.645400 7.199939 3.362000 8
2017.648200 10.061637 3.354000 8
2017.650900 -3.545062 3.155000 8
2017.653700 4.106118 3.152000 8
2017.656400 -1.650124 3.223000 8
2017.659100 -7.417146 3.229000 8
2017.661900 -2.005271 3.068000 8
2017.664600 -1.308847 3.493000 8
2017.667400 5.337491 3.449000 8
2017.670100 2.096363 3.172000 8
2017.672800 1.925457 3.285000 8
2017.675600 1.213498 3.232000 8
2017.678300 -7.077943 3.269000 8
2017.681000 3.919851 3.211000 8
2017.683800 0.742632 3.475000 8
2017.686500 7.829924 3.658000 8
2017.689300 -0.867762 3.292000 8
2017.692000 2.809059 3.220000 8
2017.694700 1.271154 3.309000 8
2017.697500 2.713330 3.528000 8
2017.700200 0.146015 3.205000 8
2017.702900 16.791007 3.440000 8
2017.705700 4.852152 3.380000 8
2017.708400 1.839810 3.219000 8
2017.711200 4.104675 3.241000 8
2017.713900 4.629058 3.036000 8
2017.716600 13.803820 3.298000 8
2017.719400 13.022880 3.091000 8
2017.722100 25.673466 3.261000 8
2017.724800 13.330483 3.204000 8
2017.727600 5.055902 3.059000 8
2017.730300 0.618855 3.017000 8
2017.733100 8.686286 3.073000 8
2017.735800 5.752256 3.063000 8
2017.738500 8.814756 3.079000 8
2017.741300 4.251858 3.408000 8
2017.744000 4.187505 3.071000 8
2017.746700 1.736748 3.210000 8
2017.749500 3.224728 3.131000 8
2017.752200 14.584255 3.059000 8
2017.755000 2.241615 3.160000 8
2017.757700 2.668522 3.339000 8
2017.760400 0.153142 3.057000 8
2017.763200 3.327748 3.081000 8
2017.765900 2.575895 3.130000 8
2017.768700 3.204137 3.020000 8
2017.771400 -1.247089 3.158000 8
2017.774100 -0.690480 2.974000 8
2017.776900 1.375395 3.045000 8
2017.779600 10.015782 3.199000 8
2017.782300 2.053080 3.052000 8
2017.785100 5.923820 3.016000 8
2017.787800 -2.336955 3.033000 8
2017.790600 -3.370163 3.035000 8
2017.793300 -0.928910 3.110000 8
2017.796000 6.783375 3.221000 8
2017.798800 8.625413 3.355000 8
2017.801500 18.556869 3.397000 8
2017.804200 0.936426 3.144000 8
2017.807000 -0.795070 3.209000 8
2017.809700 -2.622204 3.031000 8
2017.812500 -1.412259 3.069000 8
2017.815200 0.060004 3.122000 8
2017.817900 5.699475 3.068000 8
2017.820700 2.771222 3.168000 8
2017.823400 0.703212 3.228000 8
2017.826100 3.157465 3.085000 8
2017.828900 4.123194 3.232000 8
2017.831600 8.248076 3.098000 8
2017.834400 4.712565 3.036000 8
2017.837100 7.421141 3.138000 8
2017.839800 9.606061 3.327000 8
2017.842600 5.662783 3.420000 8
2017.845300 4.178482 3.253000 8
2017.848000 1.859562 3.202000 8
2017.850800 -2.071366 3.285000 8
2017.853500 -1.147440 3.267000 8
2017.856300 1.380602 3.278000 8
2017.859000 4.027407 3.528000 8
2017.861700 7.970636 3.514000 8
2017.864500 -0.213839 3.144000 8
2017.867200 0.912304 3.115000 8
2017.870000 2.461857 3.252000 8
2017.872700 4.505925 3.177000 8
2017.875400 4.933430 3.237000 8
2017.878200 14.446508 3.462000 8
2017.880900 8.591936 3.128000 8
2017.883600 4.358794 3.126000 8
2017.886400 8.188375 3.235000 8
2017.889100 5.495131 3.115000 8
2017.891900 1.090702 3.152000 8
2017.894600 5.366325 3.152000 8
2017.897300 10.751340 3.211000 8
2017.900100 6.221297 3.208000 8
2017.902800 0.780114 3.123000 8
2017.905500 10.758285 3.153000 8
2017.908300 3.637506 3.053000 8
2017.911000 4.483387 3.284000 8
2017.913800 3.252382 3.174000 8
2017.916500 2.668898 3.030000 8
2017.919200 5.271678 3.214000 8
2017.922000 10.059648 3.124000 8
2017.924700 1.589931 3.166000 8
2017.927400 3.468405 3.104000 8
2017.930200 -0.709872 3.096000 8
2017.932900 0.710949 3.089000 8
2017.935700 -1.218956 3.194000 8
2017.938400 -3.653908 3.086000 8
2017.941100 0.908186 3.168000 8
2017.943900 -0.717423 3.089000 8
2017.946600 -0.645298 3.108000 8
2017.949300 1.878771 3.199000 8
2017.952100 8.566135 3.126000 8
2017.954800 5.734015 3.118000 8
2017.957600 9.667176 3.134000 8
2017.960300 7.169709 3.222000 8
2017.963000 5.152991 3.196000 8
2017.965800 3.248514 3.195000 8
2017.968500 1.429194 3.088000 8
2017.971300 4.788073 3.205000 8
2017.974000 7.819970 3.172000 8
2017.976700 5.286396 3.281000 8
2017.979500 0.216939 3.175000 8
2017.982200 6.734298 3.286000 8
2017.984900 3.899041 3.239000 8
2017.987700 1.161796 3.113000 8
2017.990400 1.245171 3.190000 8
2017.993200 1.348474 3.149000 8
2017.995900 3.622272 3.211000 8
2017.998600 3.306200 3.163000 8
2018.001400 1.315910 3.207000 8
2018.004100 1.463939 3.375000 8
2018.006800 1.332937 2.998000 8
2018.009600 5.250549 3.170000 8
2018.012300 1.700317 3.103000 8
2018.015100 4.206573 3.108000 8
2018.017800 2.173885 3.140000 8
2018.020500 1.777890 3.151000 8
2018.023300 1.843177 3.049000 8
2018.026000 6.965383 3.056000 8
2018.028700 2.498113 3.019000 8
2018.031500 2.795899 3.105000 8
2018.034200 -1.946513 2.889000 8
2018.037000 -2.360032 3.119000 8
2018.039700 -6.139819 3.215000 8
2018.042400 0.599635 3.079000 8
2018.045200 -3.986273 3.064000 8
2018.047900 -0.742537 3.052000 8
2018.050700 7.756655 2.976000 8
2018.053400 15.869447 3.035000 8
2018.056100 3.324201 3.096000 8
2018.058900 0.256127 3.012000 8
2018.061600 0.080602 3.255000 8
2018.064300 0.005878 3.110000 8
2018.067100 2.422027 3.179000 8
2018.069800 5.250699 3.162000 8
2018.072600 4.529036 3.172000 8
2018.075300 -1.384107 3.208000 8
2018.078000 -2.304709 3.124000 8
2018.080800 2.281039 3.142000 8
2018.083500 3.002318 3.332000 8
2018.086200 -0.162005 3.195000 8
2018.089000 -2.945306 3.211000 8
2018.091700 -0.058037 3.263000 8
2018.094500 1.303034 3.272000 8
2018.097200 8.446713 3.321000 8
2018.099900 6.990566 3.435000 8
2018.102700 0.111884 3.235000 8
2018.105400 8.015891 3.380000 8
2018.108100 -0.207048 3.243000 8
2018.110900 5.875140 3.121000 8
2018.113600 2.232121 3.329000 8
2018.116400 9.121004 3.259000 8
2018.119100 -0.022238 3.161000 8
2018.121800 -0.120602 3.234000 8
2018.124600 1.197599 3.094000 8
2018.127300 3.397820 3.094000 8
2018.130000 0.847831 3.086000 8
2018.132800 8.919073 3.200000 8
2018.135500 9.162502 3.334000 8
2018.138300 8.582942 3.270000 8
2018.141000 2.403696 3.140000 8
2018.143700 4.541122 3.093000 8
2018.146500 7.465236 3.162000 8
2018.149200 4.257868 3.356000 8
2018.152000 3.897975 3.053000 8
2018.154700 9.234750 3.027000 8
2018.157400 13.123121 3.163000 8
2018.160200 9.951662 3.124000 8
2018.162900 10.043109 3.224000 8
2018.165600 11.396127 3.362000 8
2018.168400 9.602019 3.364000 8
2018.171100 10.170076 3.075000 8
2018.173900 1.838817 3.065000 8
2018.176600 3.369904 3.145000 8
2018.179300 6.491554 3.267000 8
2018.182100 3.868619 3.135000 8
2018.184800 6.784315 3.136000 8
2018.187500 7.649588 3.107000 8
2018.190300 -1.973975 2.995000 8
2018.193000 3.793390 3.044000 8
2018.195800 2.979760 3.176000 8
2018.198500 16.190265 3.103000 8
2018.201200 18.432406 3.318000 8
2018.204000 8.359333 3.221000 8
2018.206700 10.647710 3.156000 8
2018.209400 8.895778 3.298000 8
2018.212200 3.342432 3.134000 8
2018.214900 2.663862 3.056000 8
2018.217700 9.064755 3.162000 8
2018.220400 9.799647 2.908000 8
2018.223100 10.106351 3.291000 8
2018.225900 9.690356 3.088000 8
2018.228600 1.085693 3.092000 8
2018.231300 2.869933 2.922000 8
2018.234100 -3.176666 3.096000 8
2018.236800 -0.002597 2.918000 8
2018.239600 3.266553 3.000000 8
2018.242300 -1.405404 3.029000 8
2018.245000 0.418720 3.152000 8
2018.247800 2.767824 3.136000 8
2018.250500 10.235157 3.055000 8
2018.253300 3.657416 3.122000 8
2018.256000 0.868127 3.117000 8
2018.258700 -0.334876 2.971000 8
2018.261500 3.924987 3.010000 8
2018.264200 5.057629 3.083000 8
2018.266900 7.024693 3.072000 8
2018.269700 0.498586 3.059000 8
2018.272400 -0.838422 3.032000 8
2018.275200 0.282388 3.086000 8
2018.277900 4.210507 3.190000 8
2018.280600 1.542290 3.072000 8
2018.283400 -1.586109 2.927000 8
2018.286100 1.539105 2.972000 8
2018.288800 10.941136 3.079000 8
2018.291600 1.578008 3.247000 8
2018.294300 0.349784 3.155000 8
2018.297100 2.931431 3.015000 8
2018.299800 -5.025831 2.876000 8
2018.302500 2.020985 2.988000 8
2018.305300 -2.260271 2.916000 8
2018.308000 1.013832 3.003000 8
2018.310700 -4.329828 3.072000 8
2018.313500 -4.972481 2.970000 8
2018.316200 1.566472 2.973000 8
2018.319000 -0.675507 3.123000 8
2018.321700 1.792277 2.980000 8
2018.324400 8.046568 3.010000 8
2018.327200 0.743034 3.207000 8
2018.329900 -1.283519 3.204000 8
2018.332600 -2.346407 3.054000 8
2018.335400 0.844003 3.109000 8
2018.338100 -4.990410 3.081000 8
2018.340900 -3.947434 3.045000 8
2018.343600 -3.344160 3.108000 8
2018.346300 1.228036 3.057000 8
2018.349100 -1.972234 3.044000 8
2018.351800 -0.859045 3.052000 8
2018.354600 7.966780 3.197000 8
2018.357300 11.479162 3.077000 8
2018.360000 4.698708 3.109000 8
2018.362800 8.053055 3.014000 8
2018.365500 4.835080 3.023000 8
2018.368200 -3.482593 3.126000 8
2018.371000 5.619706 3.111000 8
2018.373700 5.947784 3.173000 8
2018.376500 3.567951 3.255000 8
2018.379200 7.931951 3.064000 8
2018.381900 3.871466 3.078000 8
2018.384700 4.937251 3.002000 8
2018.387400 -4.014069 3.081000 8
2018.390100 6.130240 3.205000 8
2018.392900 -0.602996 3.136000 8
2018.395600 10.946702 3.223000 8
2018.398400 5.750979 3.221000 8
2018.401100 -0.052794 2.981000 8
2018.403800 3.636230 3.106000 8
2018.406600 6.673019 3.146000 8
2018.409300 10.088760 3.413000 8
2018.412000 13.565386 3.226000 8
2018.414800 2.536961 3.142000 8
2018.417500 -0.289530 3.078000 8
2018.420300 4.308050 3.296000 8
2018.423000 4.098541 3.080000 8
2018.425700 11.192037 3.127000 8
2018.428500 8.819783 3.169000 8
2018.431200 1.938389 3.256000 8
2018.433900 -3.214943 3.121000 8
2018.436700 7.500150 3.200000 8
2018.439400 7.153032 3.234000 8
2018.442200 3.148451 3.120000 8
2018.444900 0.673604 3.136000 8
2018.447600 4.132889 3.226000 8
2018.450400 3.341873 3.362000 8
2018.453100 3.385494 3.122000 8
2018.455900 5.672918 3.287000 8
2018.458600 8.122906 3.371000 8
2018.461300 6.032064 3.176000 8
2018.464100 0.548172 3.109000 8
2018.466800 3.447725 3.426000 8
2018.469500 3.257456 3.239000 8
2018.472300 3.240274 3.471000 8
2018.475000 7.578405 3.078000 8
2018.477800 8.582709 3.106000 8
2018.480500 6.637232 3.129000 8
2018.483200 2.953924 3.139000 8
2018.486000 2.252909 3.194000 8
2018.488700 13.236965 3.124000 8
2018.491400 5.475173 3.065000 8
2018.494200 5.657779 3.135000 8
2018.496900 2.829304 3.137000 8
2018.499700 3.417295 3.327000 8
2018.502400 2.816097 3.345000 8
2018.505100 -0.633000 3.358000 8
2018.507900 -5.425543 3.404000 8
2018.510600 -0.918436 3.239000 8
2018.513300 4.216732 3.198000 8
2018.516100 -4.591471 3.154000 8
2018.518800 -0.101187 3.117000 8
2018.521600 3.532772 3.257000 8
2018.524300 2.493105 3.295000 8
2018.527000 -1.466580 3.269000 8
2018.529800 1.926467 3.084000 8
2018.532500 -3.632275 3.275000 8
2018.535200 7.488910 3.282000 8
2018.538000 1.451874 3.291000 8
2018.540700 4.255886 3.231000 8
2018.543500 3.141704 3.415000 8
2018.546200 2.916464 3.094000 8
2018.548900 -1.022950 3.288000 8
2018.551700 6.994473 3.478000 8
2018.554400 -2.425318 3.248000 8
2018.557200 0.263743 3.202000 8
2018.559900 -7.024512 3.282000 8
2018.562600 -3.334044 3.103000 8
2018.565400 -3.400707 3.145000 8
2018.568100 1.026168 3.461000 8
2018.570800 7.215704 3.159000 8
2018.573600 9.400119 3.351000 8
2018.576300 -6.008066 3.495000 8
2018.579100 -4.144367 3.557000 8
2018.581800 2.070645 3.465000 8
2018.584500 22.976213 3.522000 8
2018.587300 9.398666 3.149000 8
2018.590000 19.461308 3.257000 8
2018.592700 15.857449 3.201000 8
2018.595500 5.487472 3.173000 8
2018.598200 1.917571 3.237000 8
2018.601000 9.699550 3.226000 8
2018.603700 8.817535 3.354000 8
2018.606400 1.350928 3.352000 8
2018.609200 -0.956804 3.299000 8
2018.611900 13.521374 3.138000 8
2018.614600 1.919914 3.239000 8
2018.617400 2.338322 3.168000 8
2018.620100 6.301556 3.271000 8
2018.622900 2.069655 3.330000 8
2018.625600 -2.900472 3.286000 8
2018.628300 -1.259302 3.255000 8
2018.631100 -3.860269 3.236000 8
2018.633800 4.257471 3.265000 8
2018.636600 16.038075 3.310000 8
2018.639300 5.197348 3.306000 8
2018.642000 2.868871 3.292000 8
2018.644800 17.434261 3.201000 8
2018.647500 14.968271 3.425000 8
2018.650200 20.996512 3.513000 8
2018.653000 13.419632 3.180000 8
2018.655700 9.023332 3.129000 8
2018.658500 10.944921 3.157000 8
2018.661200 22.650070 3.235000 8
2018.663900 11.315437 3.213000 8
2018.666700 5.623716 3.145000 8
2018.669400 14.565530 3.089000 8
2018.672100 6.707567 3.151000 8
2018.674900 2.697546 3.281000 8
2018.677600 3.329045 3.201000 8
2018.680400 0.265513 3.239000 8
2018.683100 -0.825506 3.237000 8
2018.685800 2.986721 3.233000 8
2018.688600 3.539965 3.086000 8
2018.691300 9.415717 3.044000 8
2018.694000 9.424740 3.236000 8
2018.696800 12.900839 3.059000 8
2018.699500 2.466446 3.219000 8
2018.702300 9.037175 3.283000 8
2018.705000 8.469414 3.174000 8
2018.707700 10.489985 3.208000 8
2018.710500 4.428754 3.368000 8
2018.713200 4.850041 3.270000 8
2018.715900 8.177703 3.458000 8
2018.718700 1.712655 3.429000 8
2018.721400 3.149132 3.458000 8
2018.724200 9.142967 3.258000 8
2018.726900 7.483332 3.114000 8
2018.729600 6.944162 3.319000 8
2018.732400 0.053459 3.223000 8
2018.735100 -0.814705 3.127000 8
2018.737900 1.832680 3.224000 8
2018.740600 3.915608 3.168000 8
2018.743300 8.486104 3.300000 8
2018.746100 9.565279 3.309000 8
2018.748800 14.152001 3.494000 8
2018.751500 5.040359 3.222000 8
2018.754300 6.989538 3.396000 8
2018.757000 7.662264 3.485000 8
2018.759800 7.927911 3.145000 8
2018.762500 3.636102 3.119000 8
2018.765200 4.740049 3.221000 8
2018.768000 5.544077 3.336000 8
2018.770700 6.272638 3.253000 8
2018.773400 5.168029 3.461000 8
2018.776200 12.266669 3.463000 8
2018.778900 6.154825 3.109000 8
2018.781700 7.416349 3.309000 8
2018.784400 4.767371 3.317000 8
2018.787100 -2.030655 3.163000 8
2018.789900 -1.509130 3.093000 8
2018.792600 -4.707140 3.145000 8
2018.795300 -0.204125 3.239000 8
2018.798100 1.942627 3.220000 8
2018.800800 -5.224198 3.374000 8
2018.803600 5.699843 3.326000 8
2018.806300 4.789271 3.223000 8
2018.809000 -0.440162 3.127000 8
2018.811800 -2.867532 3.393000 8
2018.814500 2.088421 3.164000 8
2018.817200 4.742577 3.200000 8
2018.820000 1.557992 3.211000 8
2018.822700 3.123657 3.373000 8
2018.825500 3.971714 3.201000 8
2018.828200 5.593963 3.105000 8
2018.830900 2.560507 3.232000 8
2018.833700 3.099641 3.099000 8
2018.836400 4.783870 3.220000 8
2018.839200 -0.437179 3.113000 8
2018.841900 2.185796 3.044000 8
2018.844600 2.432139 3.049000 8
2018.847400 7.759395 2.982000 8
2018.850100 4.849557 3.138000 8
2018.852800 3.271118 3.152000 8
2018.855600 2.030780 3.173000 8
2018.858300 2.672218 3.172000 8
2018.861100 -0.892123 3.257000 8
2018.863800 -0.296783 3.078000 8
2018.866500 -0.938012 3.132000 8
2018.869300 -5.003845 3.095000 8
2018.872000 -2.732149 3.171000 8
2018.874700 1.706984 3.163000 8
2018.877500 3.818675 3.116000 8
2018.880200 4.807732 3.135000 8
2018.883000 2.957451 3.034000 8
2018.885700 3.205418 3.239000 8
2018.888400 3.670807 3.143000 8
2018.891200 2.297999 3.266000 8
2018.893900 7.320259 3.214000 8
2018.896600 6.459914 3.207000 8
2018.899400 2.077501 3.147000 8
2018.902100 3.399964 3.398000 8
2018.904900 4.253434 3.276000 8
2018.907600 10.149648 3.215000 8
2018.910300 14.178188 3.357000 8
2018.913100 10.759834 3.321000 8
2018.915800 13.325020 3.164000 8
2018.918500 15.116474 3.227000 8
2018.921300 3.370114 3.302000 8
2018.924000 0.837083 3.162000 8
2018.926800 5.268280 3.286000 8
2018.929500 9.961663 3.169000 8
2018.932200 6.684191 3.155000 8
2018.935000 2.247992 3.433000 8
2018.937700 -4.810237 3.085000 8
2018.940500 6.627825 3.245000 8
2018.943200 4.406711 3.173000 8
2018.945900 5.881585 3.186000 8
2018.948700 0.424757 3.041000 8
2018.951400 1.498536 3.392000 8
2018.954100 7.524195 3.148000 8
2018.956900 2.794136 2.957000 8
2018.959600 1.568468 3.149000 8
2018.962400 5.182059 3.143000 8
2018.965100 1.901896 3.221000 8
2018.967800 -0.128592 2.976000 8
2018.970600 7.729125 3.320000 8
2018.973300 4.475878 3.014000 8
2018.976000 0.441171 3.148000 8
2018.978800 2.441590 3.064000 8
2018.981500 8.018840 3.198000 8
2018.984300 9.900149 3.190000 8
2018.987000 8.746158 3.182000 8
2018.989700 5.626464 3.035000 8
2018.992500 -0.405291 3.186000 8
2018.995200 3.754466 3.207000 8
2018.997900 5.781365 3.087000 8
2019.000700 -1.345940 3.261000 8
2019.003400 5.093088 3.052000 8
2019.006200 2.243803 3.225000 8
2019.008900 4.672740 3.213000 8
2019.011600 6.651550 3.205000 8
2019.014400 3.650864 3.070000 8
2019.017100 3.250247 3.111000 8
2019.019800 -1.414664 3.172000 8
2019.022600 1.465726 3.169000 8
2019.025300 -2.238953 3.120000 8
2019.028100 -1.118479 3.201000 8
2019.030800 4.707841 3.164000 8
2019.033500 3.711587 3.161000 8
2019.036300 1.301248 3.125000 8
2019.039000 3.272649 2.990000 8
2019.041800 0.916795 3.029000 8
2019.044500 1.345621 3.217000 8
2019.047200 -3.660411 3.336000 8
2019.050000 -1.902964 3.127000 8
2019.052700 -2.187913 3.395000 8
2019.055400 5.825116 3.304000 8
2019.058200 -4.279660 3.471000 8
2019.060900 1.892118 3.167000 8
2019.063700 -2.339107 3.085000 8
2019.066400 -2.237800 3.296000 8
2019.069100 -5.772784 3.117000 8
2019.071900 3.000923 3.117000 8
2019.074600 2.320150 3.293000 8
2019.077300 4.159931 3.190000 8
2019.080100 7.476089 3.053000 8
2019.082800 4.259776 3.161000 8
2019.085600 5.818622 3.134000 8
2019.088300 8.063020 3.223000 8
2019.091000 10.847733 3.303000 8
2019.093800 15.687276 3.253000 8
2019.096500 18.677422 3.244000 8
2019.099200 5.379752 3.128000 8
2019.102000 0.199577 3.083000 8
2019.104700 3.808083 3.163000 8
2019.107500 5.414857 3.137000 8
2019.110200 10.986377 3.173000 8
2019.112900 7.967885 3.275000 8
2019.115700 5.861324 3.212000 8
2019.118400 1.549627 3.200000 8
2019.121100 13.984817 3.227000 8
2019.123900 9.520599 3.278000 8
2019.126600 10.760389 3.194000 8
2019.129400 5.859547 2.981000 8
2019.132100 6.306821 3.086000 8
2019.134800 7.371839 3.172000 8
2019.137600 9.487896 3.132000 8
2019.140300 13.284249 3.167000 8
2019.143100 4.446422 3.242000 8
2019.145800 2.214026 3.105000 8
2019.148500 -0.692728 3.139000 8
2019.151300 -2.032980 3.074000 8
2019.154000 2.769416 3.198000 8
2019.156700 0.209412 3.184000 8
2019.159500 3.012602 3.168000 8
2019.162200 1.400678 3.214000 8
2019.165000 3.211748 3.205000 8
2019.167700 1.898873 3.119000 8
2019.170400 0.419562 2.950000 8
2019.173200 -3.115041 3.147000 8
2019.175900 3.044679 3.152000 8
2019.178600 -1.704040 3.226000 8
2019.181400 9.016680 3.120000 8
2019.184100 3.829005 3.265000 8
2019.186900 4.123596 3.161000 8
2019.189600 -2.950010 3.058000 8
2019.192300 1.138977 3.079000 8
2019.195100 -2.746010 3.175000 8
2019.197800 -8.644890 3.244000 8
2019.200500 -4.343137 3.082000 8
2019.203300 -3.210582 3.194000 8
2019.206000 -4.709602 3.184000 8
2019.208800 -6.360957 3.119000 8
2019.211500 -3.805671 3.101000 8
2019.214200 -5.842656 3.153000 8
2019.217000 -4.695162 3.270000 8
2019.219700 -7.082699 3.239000 8
2019.222500 -5.753870 3.103000 8
2019.225200 -9.204847 3.403000 8
2019.227900 -6.478962 3.163000 8
2019.230700 -6.415859 3.077000 8
2019.233400 -1.096229 3.080000 8
2019.236100 -0.750637 3.179000 8
2019.238900 1.600046 3.351000 8
2019.241600 -4.523407 3.069000 8
2019.244400 -14.151840 3.186000 8
2019.247100 -4.607183 3.091000 8
2019.249800 2.110623 3.060000 8
2019.252600 1.633362 3.038000 8
2019.255300 -3.109476 3.229000 8
2019.258000 -1.522039 3.114000 8
2019.260800 3.087268 3.168000 8
2019.263500 -2.453673 3.209000 8
2019.266300 -2.463772 3.049000 8
2019.269000 -1.425904 3.352000 8
2019.271700 -10.171532 3.298000 8
2019.274500 -5.919341 3.009000 8
2019.277200 5.577132 3.179000 8
2019.279900 -0.146743 3.132000 8
2019.282700 -1.301801 3.201000 8
2019.285400 14.034729 3.116000 8
2019.288200 9.023088 3.087000 8
2019.290900 -2.607767 3.088000 8
2019.293600 -1.307716 3.223000 8
2019.296400 -6.910799 3.131000 8
2019.299100 3.236187 3.247000 8
2019.301800 1.261237 3.189000 8
2019.304600 -0.541791 3.134000 8
2019.307300 -1.937483 3.081000 8
2019.310100 -4.540203 3.362000 8
2019.312800 -2.945418 3.372000 8
2019.315500 5.233699 3.063000 8
2019.318300 -1.870124 2.996000 8
2019.321000 1.087798 3.289000 8
2019.323800 1.359848 3.206000 8
2019.326500 3.502791 3.150000 8
2019.329200 -0.872667 3.172000 8
2019.332000 -3.758879 3.107000 8
2019.334700 -6.579993 3.134000 8
2019.337400 2.207650 3.017000 8
2019.340200 -2.265331 3.335000 8
2019.342900 1.330971 3.159000 8
2019.345700 -3.176255 3.289000 8
2019.348400 1.239915 3.125000 8
2019.351100 2.873094 3.112000 8
2019.353900 0.452896 2.955000 8
2019.356600 -1.504759 3.255000 8
2019.359300 1.636741 3.063000 8
2019.362100 -1.524974 2.983000 8
2019.364800 -1.023021 3.223000 8
2019.367600 -2.393168 3.077000 8
2019.370300 5.777425 3.080000 8
2019.373000 -0.425602 3.134000 8
2019.375800 3.593444 3.174000 8
2019.378500 8.317318 3.361000 8
2019.381200 3.808696 3.122000 8
2019.384000 5.001328 3.123000 8
2019.386700 4.169852 3.036000 8
2019.389500 -4.989247 3.047000 8
2019.392200 -4.957425 3.056000 8
2019.394900 -6.378911 3.102000 8
2019.397700 -1.728834 3.257000 8
2019.400400 0.460190 3.195000 8
2019.403100 -0.467995 3.102000 8
2019.405900 3.190568 3.002000 8
2019.408600 -2.321916 3.148000 8
2019.411400 -3.608527 3.269000 8
2019.414100 -5.798195 3.230000 8
2019.416800 1.127069 3.240000 8
2019.419600 -4.612612 3.099000 8
2019.422300 -3.827379 3.145000 8
2019.425100 0.857031 3.164000 8
2019.427800 4.085324 3.245000 8
2019.430500 9.437657 3.284000 8
2019.433300 0.274342 3.186000 8
2019.436000 -10.203151 3.061000 8
2019.438700 -6.615554 3.436000 8
2019.441500 -0.961435 3.392000 8
2019.444200 -2.795573 3.305000 8
2019.447000 -4.001080 3.220000 8
2019.449700 -2.580907 3.538000 8
2019.452400 0.439415 3.253000 8
2019.455200 -4.096473 3.206000 8
2019.457900 0.783212 3.332000 8
2019.460600 -3.556933 3.166000 8
2019.463400 -2.015142 3.618000 8
2019.466100 2.049106 3.312000 8
2019.468900 4.328384 3.323000 8
2019.471600 4.144032 3.244000 8
2019.474300 0.355858 3.098000 8
2019.477100 -2.144154 3.119000 8
2019.479800 4.558066 3.330000 8
2019.482500 -0.252545 3.284000 8
2019.485300 -5.188873 3.343000 8
2019.488000 -0.504116 3.350000 8
2019.490800 -6.803002 3.241000 8
2019.493500 -8.864906 3.386000 8
2019.496200 -4.976673 3.228000 8
2019.499000 -1.748984 3.173000 8
2019.501700 3.484531 3.376000 8
2019.504400 4.760150 3.222000 8
2019.507200 -5.688685 3.218000 8
2019.509900 -8.404855 3.243000 8
2019.512700 -0.845426 3.033000 8
2019.515400 1.779557 3.184000 8
2019.518100 -6.836425 3.281000 8
2019.520900 -2.839738 3.299000 8
2019.523600 -4.719661 3.158000 8
2019.526400 1.175126 3.259000 8
2019.529100 2.570191 3.446000 8
2019.531800 1.948206 3.347000 8
2019.534600 1.673982 3.367000 8
2019.537300 -1.729126 3.302000 8
2019.540000 -0.491342 3.302000 8
2019.542800 -2.851755 3.233000 8
2019.545500 -2.949213 3.298000 8
2019.548300 2.269153 3.191000 8
2019.551000 -4.407631 3.166000 8
2019.553700 -6.709624 3.213000 8
2019.556500 -3.475767 3.278000 8
2019.559200 -7.432212 3.137000 8
2019.561900 -9.065930 3.315000 8
2019.564700 -2.508779 3.518000 8
2019.567400 -5.981078 3.261000 8
2019.570200 -4.876501 3.261000 8
2019.572900 -16.401467 3.253000 8
2019.575600 -1.706809 3.366000 8
2019.578400 0.583731 3.305000 8
2019.581100 -1.113405 3.180000 8
2019.583800 -2.850979 3.372000 8
2019.586600 -4.800669 3.179000 8
2019.589300 -1.841159 3.091000 8
2019.592100 -7.509765 3.275000 8
2019.594800 -1.457249 3.190000 8
2019.597500 -0.759268 3.328000 8
2019.600300 2.359593 3.406000 8
2019.603000 -8.396531 3.505000 8
2019.605700 9.459758 3.333000 8
2019.608500 2.977922 3.328000 8
2019.611200 -6.132996 3.052000 8
2019.614000 -2.121044 3.203000 8
2019.616700 -7.811233 3.263000 8
2019.619400 -6.742084 3.256000 8
2019.622200 1.439930 3.141000 8
2019.624900 -1.421275 3.190000 8
2019.627700 1.675383 3.068000 8
2019.630400 -0.856224 3.172000 8
2019.633100 -0.496554 3.242000 8
2019.635900 -0.557020 3.201000 8
2019.638600 2.461187 3.053000 8
2019.641300 5.941645 3.322000 8
2019.644100 -5.421029 3.455000 8
2019.646800 -5.313080 3.046000 8
2019.649600 -8.816257 3.252000 8
2019.652300 -4.664839 3.155000 8
2019.655000 0.586803 3.219000 8
2019.657800 -1.246667 3.217000 8
2019.660500 5.144425 3.400000 8
2019.663200 -4.550264 3.067000 8
2019.666000 -6.852044 3.424000 8
2019.668700 1.069713 3.234000 8
2019.671500 -15.997601 3.244000 8
2019.674200 4.143610 3.468000 8
2019.676900 -6.107951 3.347000 8
2019.679700 -10.382546 3.195000 8
2019.682400 -8.449628 3.244000 8
2019.685100 -2.598466 3.454000 8
2019.687900 2.647709 3.258000 8
2019.690600 -1.002608 3.558000 8
2019.693400 -0.048874 3.439000 8
2019.696100 -8.092634 3.306000 8
2019.698800 -3.869103 3.101000 8
2019.701600 -5.699457 3.193000 8
2019.704300 2.608699 3.182000 8
2019.707000 6.134182 3.468000 8
2019.709800 5.759858 3.261000 8
2019.712500 -5.016950 3.268000 8
2019.715300 8.442493 3.089000 8
2019.718000 3.138458 3.414000 8
2019.720700 -4.942172 3.491000 8
2019.723500 -5.064454 3.029000 8
2019.726200 1.396794 3.266000 8
2019.729000 -4.150538 3.173000 8
2019.731700 -0.557334 3.217000 8
2019.734400 -0.626630 3.294000 8
2019.737200 0.157611 3.277000 8
2019.739900 13.233395 3.508000 8
2019.742600 15.245742 3.620000 8
2019.745400 1.763756 3.076000 8
2019.748100 1.944317 3.131000 8
2019.750900 -4.401362 3.294000 8
2019.753600 -3.749493 3.356000 8
2019.756300 -0.134947 3.358000 8
2019.759100 -4.477492 3.156000 8
2019.761800 -2.860493 3.124000 8
2019.764500 -4.127744 3.109000 8
2019.767300 -2.794928 3.224000 8
2019.770000 -2.045578 3.329000 8
2019.772800 -1.879049 3.154000 8
2019.775500 -1.708997 3.285000 8
2019.778200 -3.511071 3.238000 8
2019.781000 0.766207 3.075000 8
2019.783700 -3.171014 3.081000 8
2019.786400 -1.762289 3.360000 8
2019.789200 -4.633030 3.149000 8
2019.791900 1.706698 3.173000 8
2019.794700 2.720085 3.178000 8
2019.797400 0.781914 3.241000 8
2019.800100 2.282808 3.203000 8
2019.802900 -4.173447 3.267000 8
2019.805600 -2.035311 3.046000 8
2019.808400 -3.701195 3.057000 8
2019.811100 -6.796726 3.269000 8
2019.813800 -4.132081 3.152000 8
2019.816600 -3.581259 3.372000 8
2019.819300 -0.177155 3.137000 8
2019.822000 -7.119814 3.130000 8
2019.824800 2.825903 3.200000 8
2019.827500 -11.428181 3.004000 8
2019.830300 -6.084756 3.365000 8
2019.833000 -8.350194 3.257000 8
2019.835700 -6.604310 3.160000 8
2019.838500 -3.647721 3.182000 8
2019.841200 -6.468098 3.028000 8
2019.843900 -0.148111 3.413000 8
2019.846700 -1.504227 3.197000 8
2019.849400 -5.486427 3.153000 8
2019.852200 -5.475602 3.154000 8
2019.854900 -5.402946 3.044000 8
2019.857600 -0.742876 3.173000 8
2019.860400 -1.134600 3.081000 8
2019.863100 -2.574631 3.362000 8
2019.865800 1.388769 3.273000 8
2019.868600 -1.254450 3.167000 8
2019.871300 -1.824127 3.156000 8
2019.874100 0.954689 3.219000 8
2019.876800 1.158939 3.253000 8
2019.879500 0.794624 3.221000 8
2019.882300 7.780958 3.230000 8
2019.885000 10.337557 3.240000 8
2019.887700 1.788577 3.220000 8
2019.890500 -7.386610 3.052000 8
2019.893200 -2.882713 3.154000 8
2019.896000 -5.496936 3.116000 8
2019.898700 -0.772203 3.097000 8
2019.901400 -2.434094 3.021000 8
2019.904200 12.992012 3.241000 8
2019.906900 4.918880 3.179000 8
2019.909700 5.642814 3.299000 8
2019.912400 -4.817626 3.009000 8
2019.915100 -0.551773 3.402000 8
2019.917900 -1.807765 3.117000 8
2019.920600 -3.525339 3.035000 8
2019.923300 -1.498684 3.024000 8
2019.926100 -4.890807 3.279000 8
2019.928800 -10.757725 3.044000 8
2019.931600 -7.609386 3.109000 8
2019.934300 1.397013 3.260000 8
2019.937000 -3.794495 3.185000 8
2019.939800 -3.915714 3.182000 8
2019.942500 -9.343089 3.129000 8
2019.945200 -11.505468 3.214000 8
2019.948000 -4.758548 3.138000 8
2019.950700 -2.920003 3.362000 8
2019.953500 1.433834 3.394000 8
2019.956200 -3.030850 3.106000 8
2019.958900 -7.775722 3.127000 8
2019.961700 -8.150332 3.014000 8
2019.964400 -3.791677 3.207000 8
2019.967100 -11.652335 3.308000 8
2019.969900 -11.720784 3.325000 8
2019.972600 -7.825178 3.135000 8
2019.975400 3.044588 3.403000 8
2019.978100 3.930270 3.072000 8
2019.980800 -1.244591 3.139000 8
2019.983600 -0.496384 3.330000 8
2019.986300 -0.878460 3.190000 8
2019.989000 1.900774 3.258000 8
2019.991800 -3.272042 3.042000 8
2019.994500 -6.458331 3.262000 8
2019.997300 -7.527763 3.177000 8
2020.000000 -3.508788 3.144000 8
2020.002700 -5.582764 3.122000 8
2020.005500 -9.200039 3.286000 8
2020.008200 -9.283078 3.218000 8
2020.011000 -10.298535 3.338000 8
2020.013700 -16.156861 3.406000 8
2020.016400 -17.209412 3.467000 8
2020.019200 -2.090574 3.106000 8
2020.021900 -3.822751 3.318000 8
2020.024600 -3.046320 3.363000 8
2020.027400 -8.633716 3.189000 8
2020.030100 -3.848255 3.334000 8
2020.032900 -9.174778 3.141000 8
2020.035600 -3.581519 3.222000 8
2020.038300 -5.546934 2.989000 8
2020.041100 -4.146581 3.117000 8
2020.043800 2.388457 3.203000 8
2020.046500 -9.548347 3.248000 8
2020.049300 -11.950649 3.032000 8
2020.052000 -3.764341 3.134000 8
2020.054800 -6.072718 3.225000 8
2020.057500 -6.554522 3.137000 8
2020.060200 -3.849446 3.207000 8
2020.063000 -5.210346 3.124000 8
2020.065700 -6.381713 3.106000 8
2020.068400 -6.605358 3.270000 8
2020.071200 -3.424284 3.277000 8
2020.073900 -5.211691 3.221000 8
2020.076700 -2.404589 3.235000 8
2020.079400 3.513034 3.217000 8
2020.082100 -0.062874 3.170000 8
2020.084900 -5.247594 2.987000 8
2020.087600 -2.791768 3.237000 8
2020.090300 -0.807613 3.105000 8
2020.093100 -1.929601 3.151000 8
2020.095800 4.035008 3.125000 8
2020.098600 0.125252 3.125000 8
2020.101300 -2.013858 3.264000 8
2020.104000 0.629143 3.111000 8
2020.106800 2.365442 3.025000 8
2020.109500 1.390478 3.251000 8
2020.112300 2.363585 3.277000 8
2020.115000 -1.721496 3.080000 8
2020.117700 -5.518649 3.136000 8
2020.120500 -1.814071 3.242000 8
2020.123200 -0.424547 3.040000 8
2020.125900 -1.067191 3.096000 8
2020.128700 -0.948437 3.087000 8
2020.131400 -2.009583 3.077000 8
2020.134200 -5.836554 3.228000 8
2020.136900 -5.801306 3.210000 8
2020.139600 -4.113354 3.183000 8
2020.142400 -2.529554 3.019000 8
2020.145100 -3.544341 3.096000 8
2020.147800 -9.954483 3.116000 8
2020.150600 -4.387095 3.049000 8
2020.153300 -14.616079 3.191000 8
2020.156100 -10.693742 3.103000 8
2020.158800 -9.791620 2.995000 8
2020.161500 -6.182916 2.931000 8
2020.164300 -0.285193 3.083000 8
2020.167000 -2.556436 3.049000 8
2020.169700 -3.078116 3.116000 8
2020.172500 -2.928063 3.134000 8
2020.175200 -8.490711 3.130000 8
2020.178000 -6.384810 3.006000 8
2020.180700 -4.333423 3.262000 8
2020.183400 -1.769469 3.094000 8
2020.186200 0.550774 3.019000 8
2020.188900 -9.044206 3.032000 8
2020.191600 -12.488596 3.081000 8
2020.194400 -7.387941 3.067000 8
2020.197100 -3.494204 3.129000 8
2020.199900 -8.483575 3.206000 8
2020.202600 3.635347 3.109000 8
2020.205300 2.102930 3.113000 8
2020.208100 -5.821804 6.110000 8
2020.210800 -2.907926 3.137000 8
2020.213600 -12.218494 3.544000 8
2020.216300 -11.730229 3.179000 8
2020.219000 -15.452192 3.135000 8
2020.221800 -16.140776 2.961000 8
2020.224500 -12.141195 3.169000 8
2020.227200 -14.011758 3.003000 8
2020.230000 -5.405093 3.353000 8
2020.232700 0.352072 3.074000 8
2020.235500 -13.836623 3.007000 8
2020.238200 -15.293593 3.023000 8
2020.240900 -14.985539 3.043000 8
2020.243700 -17.067458 2.999000 8
2020.246400 -19.489315 2.983000 8
2020.249100 -13.112033 3.009000 8
2020.251900 -14.285812 3.034000 8
2020.254600 -16.816195 3.047000 8
2020.257400 -10.429686 3.018000 8
2020.260100 5.573440 3.004000 8
2020.262800 -6.348082 3.129000 8
2020.265600 -9.758758 2.897000 8
2020.268300 -13.383495 3.190000 8
2020.271000 -17.032739 3.024000 8
2020.273800 -12.512164 3.201000 8
2020.276500 -12.307333 2.997000 8
2020.279300 -9.569686 3.208000 8
2020.282000 -9.867577 3.218000 8
2020.284700 -20.591729 3.055000 8
2020.287500 -14.330053 3.057000 8
2020.290200 -11.493616 3.100000 8
2020.293000 -13.511332 3.239000 8
2020.295700 -9.388095 3.188000 8
2020.298400 -9.208858 3.159000 8
2020.301200 -12.503726 3.174000 8
2020.303900 -7.049366 3.127000 8
2020.306600 -11.628849 2.975000 8
2020.309400 -16.627367 3.173000 8
2020.312100 -9.219400 3.177000 8
2020.314900 -16.017412 2.924000 8
2020.317600 -11.485778 3.126000 8
2020.320300 -11.111716 3.143000 8
2020.323100 -12.451535 3.046000 8
2020.325800 -11.565480 2.963000 8
2020.328500 -6.110838 3.063000 8
2020.331300 -5.071963 3.019000 8
2020.334000 -10.992004 2.993000 8
2020.336800 1.317274 3.240000 8
2020.339500 -14.092238 3.080000 8
2020.342200 -9.540904 3.090000 8
2020.345000 -15.587111 3.084000 8
2020.347700 -15.940935 2.981000 8
2020.350400 -10.394764 2.983000 8
2020.353200 -14.019982 3.121000 8
2020.355900 -10.928668 3.136000 8
2020.358700 -9.516638 3.088000 8
2020.361400 -4.667987 3.185000 8
2020.364100 0.184899 3.015000 8
2020.366900 -8.885331 3.069000 8
2020.369600 -17.834830 3.172000 8
2020.372300 -14.419960 2.983000 8
2020.375100 -4.328031 2.987000 8
2020.377800 -8.270281 3.349000 8
2020.380600 4.139648 3.178000 8
2020.383300 -13.570555 3.182000 8
2020.386000 -11.586186 3.349000 8
2020.388800 -11.547456 3.228000 8
2020.391500 -8.521807 3.243000 8
2020.394300 -8.673672 3.078000 8
2020.397000 -12.410597 3.017000 8
2020.399700 -8.655772 3.209000 8
2020.402500 -9.181275 3.196000 8
2020.405200 -11.436825 3.087000 8
2020.407900 -10.341533 3.131000 8
2020.410700 -6.767383 3.268000 8
2020.413400 -12.395288 3.102000 8
2020.416200 -7.942212 3.302000 8
2020.418900 -12.892208 3.212000 8
2020.421600 -10.299230 3.277000 8
2020.424400 -8.600092 3.310000 8
2020.427100 -4.449066 3.395000 8
2020.429800 3.108995 3.284000 8
2020.432600 -9.940605 3.196000 8
2020.435300 -8.417379 3.164000 8
2020.438100 -10.712700 3.208000 8
2020.440800 -11.716245 3.101000 8
2020.443500 -14.308675 3.149000 8
2020.446300 -13.961486 3.280000 8
2020.449000 -4.779610 3.276000 8
2020.451700 -6.227587 3.061000 8
2020.454500 -12.339787 3.039000 8
2020.457200 0.824596 3.176000 8
2020.460000 2.326857 3.203000 8
2020.462700 -8.714376 3.117000 8
2020.465400 -10.854434 3.033000 8
2020.468200 -11.641472 3.273000 8
2020.470900 -10.049130 3.117000 8
2020.473600 -11.777610 3.066000 8
2020.476400 -9.057938 3.212000 8
2020.479100 -12.442022 3.135000 8
2020.481900 -4.844873 3.009000 8
2020.484600 -8.643576 3.210000 8
2020.487300 -5.010119 3.135000 8
2020.490100 -0.769315 3.160000 8
2020.492800 6.139486 3.243000 8
2020.495600 -14.111297 3.241000 8
2020.498300 -8.924188 3.050000 8
2020.501000 -7.959961 2.875000 8
2020.503800 -7.330223 3.346000 8
2020.506500 -4.005754 3.125000 8
2020.509200 -11.057203 2.964000 8
2020.512000 -16.344058 3.127000 8
2020.514700 -3.175346 3.260000 8
2020.517500 -5.111992 3.295000 8
2020.520200 -7.681180 3.195000 8
2020.522900 -15.088361 3.267000 8
2020.525700 -16.344838 3.245000 8
2020.528400 -6.058021 3.169000 8
2020.531100 -2.329251 3.169000 8
2020.533900 -6.442723 3.319000 8
2020.536600 -8.720066 3.160000 8
2020.539400 -10.079622 3.080000 8
2020.542100 -12.837157 3.262000 8
2020.544800 -8.186834 3.410000 8
2020.547600 -11.412690 3.181000 8
2020.550300 -4.656682 3.211000 8
2020.553000 -4.715878 3.358000 8
2020.555800 -8.816226 3.451000 8
2020.558500 1.090136 3.315000 8
2020.561300 -0.230640 3.349000 8
2020.564000 -3.470806 3.238000 8
2020.566700 -5.689280 3.255000 8
2020.569500 -14.227879 3.330000 8
2020.572200 -7.954010 3.263000 8
2020.574900 -9.406512 3.184000 8
2020.577700 -6.559132 3.274000 8
2020.580400 -17.268417 3.212000 8
2020.583200 -16.863818 3.265000 8
2020.585900 -14.311968 3.186000 8
2020.588600 -11.863592 3.013000 8
2020.591400 -10.977332 3.069000 8
2020.594100 -1.421940 3.255000 8
2020.596900 -1.777666 3.260000 8
2020.599600 -4.475335 3.120000 8
2020.602300 -6.924569 3.134000 8
2020.605100 -11.629926 3.144000 8
2020.607800 -6.035326 3.087000 8
2020.610500 -7.820342 3.269000 8
2020.613300 -6.575486 3.275000 8
2020.616000 -6.001765 3.085000 8
2020.618800 -11.380175 3.204000 8
2020.621500 -10.555774 3.175000 8
2020.624200 -9.214059 3.205000 8
2020.627000 -14.813479 3.269000 8
2020.629700 -16.631160 3.270000 8
2020.632400 -11.095561 3.166000 8
2020.635200 -5.549099 3.159000 8
2020.637900 -3.304958 3.179000 8
2020.640700 -7.459952 3.304000 8
2020.643400 -7.935303 3.253000 8
2020.646100 -7.170415 3.407000 8
2020.648900 -7.811654 3.181000 8
2020.651600 -6.563295 3.169000 8
2020.654300 -6.962710 3.019000 8
2020.657100 -6.858240 3.031000 8
2020.659800 3.748795 3.189000 8
2020.662600 3.498729 3.213000 8
2020.665300 -5.838790 3.449000 8
2020.668000 -4.577090 3.086000 8
2020.670800 -10.344464 3.136000 8
2020.673500 -9.284311 3.012000 8
2020.676200 -15.670931 3.167000 8
2020.679000 -9.590590 3.060000 8
2020.681700 -12.708734 3.240000 8
2020.684500 -10.805886 3.108000 8
2020.687200 -12.217529 3.358000 8
2020.689900 -13.866914 3.181000 8
2020.692700 -13.300254 3.190000 8
2020.695400 -12.287086 3.357000 8
2020.698200 -13.822832 3.153000 8
2020.700900 -10.387068 3.023000 8
2020.703600 -16.946994 3.063000 8
2020.706400 -10.539761 3.227000 8
2020.709100 -7.029015 3.204000 8
2020.711800 -12.499916 3.119000 8
2020.714600 -7.176574 3.289000 8
2020.717300 -10.700711 3.194000 8
2020.720100 -10.856542 3.213000 8
2020.722800 -8.533846 3.216000 8
2020.725500 -6.631714 3.329000 8
2020.728300 -9.985171 3.279000 8
2020.731000 -15.279093 3.213000 8
2020.733700 -9.402521 3.082000 8
2020.736500 -10.208421 3.052000 8
2020.739200 -11.625780 3.293000 8
2020.742000 -8.128526 3.229000 8
2020.744700 -12.136727 3.202000 8
2020.747400 -16.413325 3.201000 8
2020.750200 -13.117176 3.142000 8
2020.752900 -8.201479 3.362000 8
2020.755600 -11.508110 3.219000 8
2020.758400 -13.298846 3.113000 8
2020.761100 -14.537037 3.095000 8
2020.763900 -15.418228 3.056000 8
2020.766600 -10.376880 2.960000 8
2020.769300 -11.273740 3.321000 8
2020.772100 -5.658435 3.137000 8
2020.774800 -2.768604 3.033000 8
2020.777500 -11.167907 3.246000 8
2020.780300 -11.506873 2.980000 8
2020.783000 -12.958336 3.101000 8
2020.785800 -9.414340 3.047000 8
2020.788500 -12.820862 2.941000 8
2020.791200 -13.239395 2.951000 8
2020.794000 -14.958284 3.058000 8
2020.796700 -9.529728 3.091000 8
2020.799500 -8.576402 3.118000 8
2020.802200 -7.793663 3.181000 8
2020.804900 -11.129817 3.011000 8
2020.807700 -5.967008 3.313000 8
2020.810400 -12.549841 3.035000 8
2020.813100 -7.624503 3.076000 8
2020.815900 -6.255005 3.183000 8
2020.818600 -14.168218 3.025000 8
2020.821400 -9.031138 3.027000 8
2020.824100 -9.997822 3.158000 8
2020.826800 -10.929238 3.135000 8
2020.829600 -9.791162 3.192000 8
2020.832300 -8.637940 2.984000 8
2020.835000 -14.754400 3.208000 8
2020.837800 -9.829172 3.072000 8
2020.840500 -9.627901 3.219000 8
2020.843300 -15.279812 3.241000 8
2020.846000 -13.082756 3.012000 8
2020.848700 -6.288316 3.062000 8
2020.851500 5.148132 3.297000 8
2020.854200 -1.038577 3.126000 8
2020.856900 -2.273875 3.147000 8
2020.859700 -5.852981 3.165000 8
2020.862400 -7.119382 2.974000 8
2020.865200 -7.822473 3.282000 8
2020.867900 -5.995958 3.307000 8
2020.870600 -6.174007 3.095000 8
2020.873400 -5.360578 3.181000 8
2020.876100 -6.368700 3.366000 8
2020.878900 -4.491237 3.187000 8
2020.881600 -0.297438 3.268000 8
2020.884300 -8.602209 3.191000 8
2020.887100 -11.067246 3.419000 8
2020.889800 -8.221124 3.262000 8
2020.892500 -11.591591 3.226000 8
2020.895300 -6.262189 3.061000 8
2020.898000 -2.510814 3.280000 8
2020.900800 -4.754488 3.084000 8
2020.903500 -3.122319 3.190000 8
2020.906200 -7.421800 3.271000 8
2020.909000 -8.354221 3.252000 8
2020.911700 -6.228000 3.370000 8
2020.914400 -7.478480 3.276000 8
2020.917200 -6.470812 3.229000 8
2020.919900 -3.839709 3.053000 8
2020.922700 -11.152409 3.158000 8
2020.925400 -10.999815 3.020000 8
2020.928100 -10.967036 3.142000 8
2020.930900 -9.760004 3.205000 8
2020.933600 -9.696893 3.204000 8
2020.936300 -9.553681 3.226000 8
2020.939100 -7.479182 3.110000 8
2020.941800 -7.435822 3.191000 8
2020.944600 -6.721165 3.094000 8
2020.947300 -7.574792 3.185000 8
2020.950000 -8.590483 3.187000 8
2020.952800 -3.302881 3.262000 8
2020.955500 -5.521782 3.082000 8
2020.958200 -8.140861 3.146000 8
2020.961000 -2.405673 3.330000 8
2020.963700 -5.752203 3.151000 8
2020.966500 -11.739498 3.182000 8
2020.969200 -7.843652 3.182000 8
2020.971900 -5.596198 2.949000 8
2020.974700 -2.337575 3.087000 8
2020.977400 -4.186020 3.035000 8
2020.980200 -11.510355 3.541000 8
2020.982900 -11.740892 3.123000 8
2020.985600 -8.585057 3.091000 8
2020.988400 -0.828221 3.058000 8
2020.991100 0.295220 3.104000 8
2020.993800 0.153882 3.178000 8
2020.996600 -4.768586 3.003000 8
2020.999300 -4.113633 3.103000 8
2021.002100 -6.562912 3.065000 8
2021.004800 -7.725886 3.072000 8
2021.007500 -7.065904 3.007000 8
2021.010300 -4.035325 3.109000 8
2021.013000 -0.677602 2.939000 8
2021.015700 -8.224089 3.056000 8
2021.018500 -4.726170 3.021000 8
2021.021200 -10.092255 3.059000 8
2021.024000 -9.636075 3.161000 8
2021.026700 -6.647987 3.027000 8
2021.029400 -8.160390 3.198000 8
2021.032200 -7.956756 3.045000 8
2021.034900 -7.539331 3.203000 8
2021.037600 -7.147566 3.118000 8
2021.040400 -4.001011 3.102000 8
2021.043100 -2.634763 3.023000 8
2021.045900 -4.580900 3.012000 8
2021.048600 -0.493398 3.114000 8
2021.051300 -0.071837 3.133000 8
2021.054100 -7.461937 3.149000 8
2021.056800 -1.759460 3.279000 8
2021.059500 1.214911 3.083000 8
2021.062300 1.228332 3.122000 8
2021.065000 -1.519712 3.047000 8
2021.067800 7.709091 3.134000 8
2021.070500 6.673417 2.950000 8
2021.073200 -5.672627 3.139000 8
2021.076000 -3.288136 3.192000 8
2021.078700 1.564877 3.134000 8
2021.081500 -5.447789 3.069000 8
2021.084200 -8.287921 3.115000 8
2021.086900 -5.972667 3.160000 8
2021.089700 -4.094419 3.139000 8
2021.092400 -7.467597 3.122000 8
2021.095100 -4.678526 3.140000 8
2021.097900 -2.311792 3.196000 8
2021.100600 -2.084420 3.061000 8
2021.103400 -1.191610 3.079000 8
2021.106100 -0.248104 3.183000 8
2021.108800 1.990445 3.211000 8
2021.111600 -3.005906 3.047000 8
2021.114300 -1.321455 3.141000 8
2021.117000 -1.747068 3.124000 8
2021.119800 4.336081 3.213000 8
2021.122500 -3.006838 3.172000 8
2021.125300 -4.841222 3.274000 8
2021.128000 -0.586571 3.208000 8
2021.130700 0.037863 3.219000 8
2021.133500 -6.319501 3.231000 8
2021.136200 -7.052662 3.242000 8
2021.138900 -5.701112 3.240000 8
2021.141700 -7.947688 3.278000 8
2021.144400 -8.424867 2.986000 8
2021.147200 -1.038388 3.188000 8
2021.149900 -5.343371 2.996000 8
2021.152600 -6.196735 3.226000 8
2021.155400 -0.504752 3.498000 8
2021.158100 -1.037005 3.306000 8
2021.160800 -6.109674 3.209000 8
2021.163600 -3.665297 3.451000 8
2021.166300 -5.401910 3.291000 8
2021.169100 -0.218673 3.125000 8
2021.171800 -7.370248 3.101000 8
2021.174500 -8.618264 3.186000 8
2021.177300 -4.670708 3.245000 8
2021.180000 -8.146690 3.186000 8
2021.182800 -3.890278 3.504000 8
2021.185500 -5.591211 3.065000 8
2021.188200 -5.835565 3.217000 8
2021.191000 -0.956776 3.011000 8
2021.193700 -8.991032 3.103000 8
2021.196400 -5.585678 3.186000 8
2021.199200 -6.402412 3.048000 8
2021.201900 -5.664881 3.147000 8
2021.204700 -1.712583 3.239000 8
2021.207400 -5.749807 3.099000 8
2021.210100 -2.964334 3.344000 8
2021.212900 -8.777292 3.104000 8
2021.215600 -0.731445 3.292000 8
2021.218300 -1.363834 3.046000 8
2021.221100 -4.478828 3.072000 8
2021.223800 -7.440686 3.247000 8
2021.226600 -4.144257 3.108000 8
2021.229300 2.137534 3.045000 8
2021.232000 2.362235 3.152000 8
2021.234800 -11.760914 3.186000 8
2021.237500 -9.032365 3.041000 8
2021.240200 -6.035803 3.234000 8
2021.243000 -4.098203 3.174000 8
2021.245700 -8.745571 3.085000 8
2021.248500 -9.545966 3.252000 8
2021.251200 0.249896 3.157000 8
2021.253900 -10.144031 2.927000 8
2021.256700 -3.182059 3.186000 8
2021.259400 -1.919499 3.047000 8
2021.262100 -2.171598 3.163000 8
2021.264900 -4.910849 3.260000 8
2021.267600 0.677813 3.216000 8
2021.270400 -4.376698 3.355000 8
2021.273100 -2.096082 3.018000 8
2021.275800 -1.913890 3.221000 8
2021.278600 -0.817882 3.081000 8
2021.281300 0.778562 3.263000 8
2021.284100 1.498826 3.261000 8
2021.286800 -6.390271 3.263000 8
2021.289500 -0.374540 3.186000 8
2021.292300 0.818037 3.144000 8
2021.295000 0.956542 3.157000 8
2021.297700 -2.813967 3.276000 8
2021.300500 -0.613585 3.188000 8
2021.303200 1.142001 3.193000 8
2021.306000 0.008521 3.202000 8
2021.308700 3.550421 3.258000 8
2021.311400 0.125573 3.340000 8
2021.314200 7.553738 3.129000 8
2021.316900 14.708530 3.159000 8
2021.319600 -0.618265 3.048000 8
2021.322400 -2.962950 3.189000 8
2021.325100 -5.866778 3.007000 8
2021.327900 -4.742422 3.036000 8
2021.330600 -2.055067 2.974000 8
2021.333300 3.819967 3.160000 8
2021.336100 -2.042691 3.170000 8
2021.338800 -2.864155 3.060000 8
2021.341500 -5.920786 3.235000 8
2021.344300 -4.392970 3.278000 8
2021.347000 4.539214 3.049000 8
2021.349800 2.696944 3.071000 8
2021.352500 -1.022853 3.142000 8
2021.355200 -2.151569 3.173000 8
2021.358000 -7.561581 3.072000 8
2021.360700 -6.473984 3.029000 8
2021.363400 -9.266163 3.245000 8
2021.366200 -4.504473 2.940000 8
2021.368900 -1.139060 3.214000 8
2021.371700 5.872339 3.254000 8
2021.374400 -5.636475 3.245000 8
2021.377100 0.409153 3.155000 8
2021.379900 -0.316055 3.361000 8
2021.382600 -4.243400 3.353000 8
2021.385400 7.768539 3.262000 8
2021.388100 -11.758621 3.249000 8
2021.390800 -6.840143 3.052000 8
2021.393600 -5.710195 3.253000 8
2021.396300 -7.720309 3.164000 8
2021.399000 -5.316682 3.186000 8
2021.401800 -4.854399 3.093000 8
2021.404500 -8.172163 3.205000 8
2021.407300 -1.941146 3.045000 8
2021.410000 -2.854178 3.138000 8
2021.412700 -2.566318 3.132000 8
2021.415500 -3.138494 3.175000 8
2021.418200 -3.965738 3.123000 8
2021.420900 3.278985 3.299000 8
2021.423700 1.207854 3.167000 8
2021.426400 -1.931386 3.098000 8
2021.429200 1.877640 3.242000 8
2021.431900 6.299519 3.075000 8
2021.434600 1.848466 3.124000 8
2021.437400 3.205851 3.186000 8
2021.440100 1.000019 3.252000 8
2021.442800 -1.017701 3.163000 8
2021.445600 -1.280816 3.160000 8
2021.448300 -4.759236 3.191000 8
2021.451100 -2.742943 3.091000 8
2021.453800 0.691978 3.286000 8
2021.456500 -3.872941 3.258000 8
2021.459300 -0.755995 3.135000 8
2021.462000 -3.337532 3.133000 8
2021.464800 -0.815108 3.098000 8
2021.467500 1.938750 3.107000 8
2021.470200 -3.585214 3.140000 8
2021.473000 4.590921 3.132000 8
2021.475700 1.563357 3.234000 8
2021.478400 -4.223032 3.221000 8
2021.481200 -8.099196 3.308000 8
2021.483900 -0.863202 3.165000 8
2021.486700 -3.689906 3.237000 8
2021.489400 -12.308550 3.202000 8
2021.492100 -4.905046 3.444000 8
2021.494900 -2.904134 3.081000 8
2021.497600 -2.467316 3.298000 8
2021.500300 4.547622 3.264000 8
2021.503100 -1.822937 3.296000 8
2021.505800 1.123250 3.394000 8
2021.508600 -6.734003 3.135000 8
2021.511300 -4.682620 3.259000 8
2021.514000 -3.271179 3.161000 8
2021.516800 -0.154103 3.271000 8
2021.519500 -0.730554 3.335000 8
2021.522200 2.211005 3.297000 8
2021.525000 1.785264 3.283000 8
2021.527700 6.764830 3.391000 8
2021.530500 -1.011867 3.268000 8
2021.533200 -6.637367 3.309000 8
2021.535900 -2.342945 3.646000 8
2021.538700 -1.617741 3.726000 8
2021.541400 -1.190501 3.550000 8
2021.544100 1.068601 3.393000 8
2021.546900 -1.633477 3.267000 8
2021.549600 -2.492680 3.163000 8
2021.552400 4.174957 3.245000 8
2021.555100 5.683366 3.221000 8
2021.557800 -2.146466 3.613000 8
2021.560600 -2.463437 3.262000 8
2021.563300 -6.780785 3.298000 8
2021.566100 -3.058263 3.415000 8
2021.568800 -5.327214 3.412000 8
2021.571500 -8.310511 3.208000 8
2021.574300 -3.616928 3.232000 8
2021.577000 -3.874956 3.276000 8
2021.579700 -7.021391 3.324000 8
2021.582500 2.023058 3.336000 8
2021.585200 -4.300233 3.260000 8
2021.588000 -5.446639 3.165000 8
2021.590700 -5.223865 3.257000 8
2021.593400 -4.232598 3.412000 8
2021.596200 5.494551 3.413000 8
2021.598900 -7.492233 3.250000 8
2021.601600 -1.675578 3.196000 8
2021.604400 1.936954 3.293000 8
2021.607100 -2.082549 3.402000 8
2021.609900 -2.932178 3.358000 8
2021.612600 -3.476905 3.314000 8
2021.615300 -1.292274 3.224000 8
2021.618100 -3.990774 3.241000 8
2021.620800 -8.602457 3.208000 8
2021.623500 -7.653822 3.354000 8
2021.626300 0.966678 3.219000 8
2021.629000 12.065923 3.542000 8
2021.631800 4.153030 3.323000 8
2021.634500 -2.626159 3.247000 8
2021.637200 0.915914 3.444000 8
2021.640000 -1.381147 3.239000 8
2021.642700 -2.686561 3.252000 8
2021.645400 3.830266 3.353000 8
2021.648200 -3.674036 3.242000 8
2021.650900 -2.214736 3.251000 8
2021.653700 -7.948556 3.291000 8
2021.656400 0.698202 3.069000 8
2021.659100 -10.648820 3.396000 8
2021.661900 -6.827945 3.124000 8
2021.664600 -0.065521 3.177000 8
2021.667400 -3.982183 3.188000 8
2021.670100 3.693689 3.327000 8
2021.672800 -7.570216 3.678000 8
2021.675600 -6.463176 3.396000 8
2021.678300 -3.705617 3.178000 8
2021.681000 -5.593823 3.192000 8
2021.683800 -4.440041 3.253000 8
2021.686500 -7.328749 3.159000 8
2021.689300 -1.682436 3.295000 8
2021.692000 -11.531615 3.378000 8
2021.694700 6.933480 3.425000 8
2021.697500 -3.966343 3.296000 8
2021.700200 -3.281658 3.255000 8
2021.702900 -1.284666 3.228000 8
2021.705700 -3.436522 3.197000 8
2021.708400 0.976136 3.271000 8
2021.711200 5.150001 3.133000 8
2021.713900 -2.761616 3.405000 8
2021.716600 1.757146 3.326000 8
2021.719400 -0.667794 3.035000 8
2021.722100 -7.515208 3.209000 8
2021.724800 -14.636191 3.242000 8
2021.727600 -11.778772 3.368000 8
2021.730300 -3.201819 3.276000 8
2021.733100 -11.344388 3.175000 8
2021.735800 -4.049418 3.242000 8
2021.738500 -3.225917 3.339000 8
2021.741300 2.024185 3.340000 8
2021.744000 4.735832 3.376000 8
2021.746700 -6.445925 3.164000 8
2021.749500 -6.728946 3.234000 8
2021.752200 -5.175419 3.252000 8
2021.755000 -7.602059 3.106000 8
2021.757700 -3.595152 3.200000 8
2021.760400 -1.423532 3.210000 8
2021.763200 -6.810925 3.220000 8
2021.765900 -9.599779 3.252000 8
2021.768700 3.516463 3.327000 8
2021.771400 0.606237 3.158000 8
2021.774100 -8.492153 3.398000 8
2021.776900 -3.266279 3.202000 8
2021.779600 -0.195891 3.174000 8
2021.782300 -1.687594 3.210000 8
2021.785100 -0.438854 3.144000 8
2021.787800 -3.604628 3.156000 8
2021.790600 -3.153837 3.238000 8
2021.793300 -2.150584 3.174000 8
2021.796000 7.405701 3.143000 8
2021.798800 -1.382261 3.165000 8
2021.801500 -3.703804 3.172000 8
2021.804200 -8.850248 3.327000 8
2021.807000 -8.253744 3.186000 8
2021.809700 6.374122 3.263000 8
2021.812500 3.554067 3.217000 8
2021.815200 14.697331 3.333000 8
2021.817900 0.595801 3.172000 8
2021.820700 -4.009452 3.267000 8
2021.823400 -1.797462 3.238000 8
2021.826100 -2.739208 3.034000 8
2021.828900 1.760520 3.188000 8
2021.831600 3.275402 3.133000 8
2021.834400 0.626891 3.411000 8
2021.837100 -2.966533 3.279000 8
2021.839800 -4.665613 3.181000 8
2021.842600 -0.025891 3.274000 8
2021.845300 -0.500192 3.213000 8
2021.848000 -0.786112 3.410000 8
2021.850800 -0.409039 3.283000 8
2021.853500 -0.729114 3.301000 8
2021.856300 -1.607072 3.258000 8
2021.859000 -1.285266 3.183000 8
2021.861700 -1.355037 3.284000 8
2021.864500 -3.123513 3.339000 8
2021.867200 -3.369370 3.526000 8
2021.870000 -4.121817 3.588000 8
2021.872700 -4.201749 3.328000 8
2021.875400 2.131756 3.361000 8
2021.878200 0.828834 3.141000 8
2021.880900 -3.246738 3.098000 8
2021.883600 0.735121 3.169000 8
2021.886400 -2.473299 3.230000 8
2021.889100 -1.918543 3.212000 8
2021.891900 0.111028 3.071000 8
2021.894600 5.573651 3.276000 8
2021.897300 0.816667 3.200000 8
2021.900100 -1.781377 3.152000 8
2021.902800 -6.929560 2.989000 8
2021.905500 -2.233389 3.130000 8
2021.908300 -4.216168 3.144000 8
2021.911000 -3.314286 3.041000 8
2021.913800 -2.518292 3.124000 8
2021.916500 -1.867775 3.171000 8
2021.919200 -6.241996 3.334000 8
2021.922000 -4.974025 3.473000 8
2021.924700 -7.553743 3.254000 8
2021.927400 1.275732 3.141000 8
2021.930200 -2.001545 3.335000 8
2021.932900 -1.285725 3.283000 8
2021.935700 0.899371 3.283000 8
2021.938400 9.288418 3.355000 8
2021.941100 4.008513 3.439000 8
2021.943900 -1.958097 3.199000 8
2021.946600 -3.659972 3.224000 8
2021.949300 3.787097 3.325000 8
2021.952100 9.237461 3.382000 8
2021.954800 3.405342 3.515000 8
2021.957600 -2.039497 3.256000 8
2021.960300 -3.799965 3.308000 8
2021.963000 -0.310682 3.339000 8
2021.965800 2.256840 3.452000 8
2021.968500 -2.618480 3.315000 8
2021.971300 -0.688601 3.206000 8
2021.974000 3.000297 3.514000 8
2021.976700 13.111723 3.444000 8
2021.979500 21.070266 3.520000 8
2021.982200 14.175624 3.495000 8
2021.984900 1.022367 3.744000 8
2021.987700 7.953122 3.483000 8
2021.990400 8.697498 3.445000 8
2021.993200 3.772800 3.187000 8
2021.995900 8.173599 3.398000 8
2021.998600 7.952527 3.156000 8
2022.001400 5.993236 3.294000 8
2022.004100 0.035265 3.182000 8
2022.006800 -2.523736 3.192000 8
2022.009600 2.755875 3.346000 8
2022.012300 -1.854356 3.246000 8
2022.015100 1.578900 3.441000 8
2022.017800 12.848212 3.405000 8
2022.020500 5.783216 3.280000 8
2022.023300 0.130503 3.372000 8
2022.026000 -2.066291 3.271000 8
2022.028700 -3.608561 3.284000 8
2022.031500 -0.913774 3.241000 8
2022.034200 0.580813 3.450000 8
2022.037000 -0.428706 3.317000 8
2022.039700 5.045507 3.381000 8
2022.042400 -3.792039 3.363000 8
2022.045200 -2.732947 3.417000 8
2022.047900 0.928790 3.182000 8
2022.050700 -1.808018 3.350000 8
2022.053400 4.503773 3.250000 8
2022.056100 -2.744472 3.114000 8
2022.058900 4.034453 3.314000 8
2022.061600 1.363928 3.195000 8
2022.064300 5.288204 3.242000 8
2022.067100 2.693353 3.265000 8
2022.069800 1.041025 3.181000 8
2022.072600 -1.673637 3.132000 8
2022.075300 -5.336781 3.240000 8
2022.078000 0.283618 3.216000 8
2022.080800 1.409365 3.119000 8
2022.083500 6.953645 3.225000 8
2022.086200 4.758321 3.321000 8
2022.089000 1.721020 3.201000 8
2022.091700 0.262290 3.195000 8
2022.094500 -0.591640 3.286000 8
2022.097200 -4.964961 3.379000 8
2022.099900 0.442892 3.373000 8
2022.102700 -3.556789 3.302000 8
2022.105400 -5.035782 3.376000 8
2022.108100 -1.328722 3.331000 8
2022.110900 3.742467 3.214000 8
2022.113600 -0.872552 3.140000 8
2022.116400 -0.448670 3.108000 8
2022.119100 -3.988912 3.247000 8
2022.121800 -2.144275 3.247000 8
2022.124600 5.522925 3.409000 8
2022.127300 2.664146 3.168000 8
2022.130000 -7.212843 3.128000 8
2022.132800 -2.768601 3.336000 8
2022.135500 -2.251171 3.356000 8
2022.138300 2.307269 3.164000 8
2022.141000 5.645022 3.230000 8
2022.143700 9.579449 3.198000 8
2022.146500 6.969562 3.139000 8
2022.149200 -0.558806 3.471000 8
2022.152000 0.325301 3.355000 8
2022.154700 -5.406924 3.157000 8
2022.157400 -0.398552 3.132000 8
2022.160200 -3.806012 3.239000 8
2022.162900 -0.911565 3.152000 8
2022.165600 -3.450547 3.153000 8
2022.168400 0.141345 3.085000 8
2022.171100 8.358402 3.246000 8
2022.173900 7.333143 3.335000 8
2022.176600 0.312231 3.065000 8
2022.179300 -2.443120 3.150000 8
2022.182100 1.522946 3.283000 8
2022.184800 3.387641 3.194000 8
2022.187500 4.456914 3.216000 8
2022.190300 0.517351 3.291000 8
2022.193000 -0.499284 3.166000 8
2022.195800 3.418086 3.152000 8
2022.198500 -0.308408 3.181000 8
2022.201200 -3.110267 3.073000 8
2022.204000 4.983659 3.151000 8
2022.206700 0.222036 3.267000 8
2022.209400 -0.640896 3.176000 8
2022.212200 3.538758 3.150000 8
2022.214900 9.337188 3.386000 8
2022.217700 -1.338918 3.227000 8
2022.220400 2.743973 3.171000 8
2022.223100 -3.934323 3.232000 8
2022.225900 1.365683 3.088000 8
2022.228600 0.226020 3.255000 8
2022.231300 0.800259 3.130000 8
2022.234100 6.776660 3.144000 8
2022.236800 8.135729 3.300000 8
2022.239600 3.522879 3.166000 8
2022.242300 2.124923 3.135000 8
2022.245000 3.676046 3.206000 8
2022.247800 6.137150 3.127000 8
2022.250500 -2.250517 3.207000 8
2022.253300 5.876742 3.190000 8
2022.256000 8.929453 3.147000 8
2022.258700 9.073450 3.157000 8
2022.261500 1.985313 3.224000 8
2022.264200 2.741955 3.221000 8
2022.266900 2.661019 3.142000 8
2022.269700 5.720912 3.226000 8
2022.272400 9.241904 3.217000 8
2022.275200 11.997714 3.212000 8
2022.277900 8.507833 3.283000 8
2022.280600 6.191616 3.148000 8
2022.283400 6.838217 3.313000 8
2022.286100 9.094432 3.180000 8
2022.288800 7.274462 3.247000 8
2022.291600 -0.218666 3.223000 8
2022.294300 -0.284889 3.169000 8
2022.297100 -1.308243 3.140000 8
2022.299800 6.429495 3.184000 8
2022.302500 3.387311 3.413000 8
2022.305300 9.681056 3.407000 8
2022.308000 7.018158 3.250000 8
2022.310700 -1.203501 3.214000 8
2022.313500 -0.665155 3.266000 8
2022.316200 2.749798 3.472000 8
2022.319000 6.245819 3.466000 8
2022.321700 12.134604 3.456000 8
2022.324400 6.906895 3.299000 8
2022.327200 1.258361 3.244000 8
2022.329900 10.913808 3.253000 8
2022.332600 3.882920 3.380000 8
2022.335400 5.650329 3.253000 8
2022.338100 2.304917 3.453000 8
2022.340900 -1.861108 3.070000 8
2022.343600 2.269166 3.283000 8
2022.346300 5.925363 3.330000 8
2022.349100 9.676092 3.299000 8
2022.351800 5.652281 3.163000 8
2022.354600 13.351107 3.430000 8
2022.357300 6.559488 3.165000 8
2022.360000 2.193035 3.238000 8
2022.362800 2.494381 3.032000 8
2022.365500 1.404406 3.365000 8
2022.368200 1.047734 3.228000 8
2022.371000 8.320032 3.326000 8
2022.373700 1.018110 3.358000 8
2022.376500 -1.929723 3.213000 8
2022.379200 6.729278 3.130000 8
2022.381900 5.938792 3.256000 8
2022.384700 -1.296423 3.336000 8
2022.387400 -0.690742 3.307000 8
2022.390100 7.538567 3.307000 8
2022.392900 8.846330 3.225000 8
2022.395600 1.212028 3.146000 8
2022.398400 1.268306 3.248000 8
2022.401100 4.047532 3.432000 8
2022.403800 7.463557 3.386000 8
2022.406600 7.206345 3.327000 8
2022.409300 8.485086 3.338000 8
2022.412000 4.058712 3.368000 8
2022.414800 5.875287 3.097000 8
2022.417500 0.415796 3.395000 8
2022.420300 10.543376 3.219000 8
2022.423000 9.179867 3.234000 8
2022.425700 9.299363 3.219000 8
2022.428500 1.565110 3.160000 8
2022.431200 5.902715 3.315000 8
2022.433900 8.312384 3.287000 8
2022.436700 4.813476 3.220000 8
2022.439400 11.440358 3.312000 8
2022.442200 0.161777 3.202000 8
2022.444900 6.417930 3.280000 8
2022.447600 4.197216 3.428000 8
2022.450400 9.412199 3.150000 8
2022.453100 5.412821 3.241000 8
2022.455900 6.819244 3.262000 8
2022.458600 12.269232 3.392000 8
2022.461300 7.176391 3.378000 8
2022.464100 8.339499 3.191000 8
2022.466800 3.053051 3.008000 8
2022.469500 0.993782 3.269000 8
2022.472300 6.189600 3.142000 8
2022.475000 5.655731 3.416000 8
2022.477800 3.964035 3.568000 8
2022.480500 3.029558 3.308000 8
2022.483200 -5.954749 3.268000 8
2022.486000 -9.296765 3.362000 8
2022.488700 5.035292 3.314000 8
2022.491400 -1.475501 3.417000 8
2022.494200 11.794106 3.491000 8
2022.496900 8.133631 3.292000 8
2022.499700 6.387621 3.256000 8
2022.502400 14.268423 3.234000 8
2022.505100 4.907327 3.513000 8
2022.507900 14.773783 3.549000 8
2022.510600 7.455890 3.406000 8
2022.513300 4.847058 3.352000 8
2022.516100 8.917856 3.167000 8
2022.518800 0.201139 3.265000 8
2022.521600 6.379098 3.257000 8
2022.524300 1.302432 3.183000 8
2022.527000 5.805746 3.409000 8
2022.529800 6.788794 3.241000 8
2022.532500 14.732052 3.480000 8
2022.535200 0.055236 3.288000 8
2022.538000 -2.306800 3.339000 8
2022.540700 -0.140788 3.364000 8
2022.543500 13.113031 3.610000 8
2022.546200 1.582790 3.190000 8
2022.548900 6.473376 3.156000 8
2022.551700 4.023800 3.238000 8
2022.554400 7.781008 3.305000 8
2022.557200 3.956069 3.178000 8
2022.559900 2.795814 3.266000 8
2022.562600 -1.360718 3.265000 8
2022.565400 -0.456381 3.246000 8
2022.568100 -6.566505 3.436000 8
2022.570800 1.728030 3.293000 8
2022.573600 4.393445 3.359000 8
2022.576300 4.228261 3.357000 8
2022.579100 1.397959 3.345000 8
2022.581800 -2.502029 3.211000 8
2022.584500 -3.261461 3.470000 8
2022.587300 1.796992 3.342000 8
2022.590000 7.972634 3.382000 8
2022.592700 -3.411225 3.199000 8
2022.595500 -3.623202 3.385000 8
2022.598200 1.627898 3.302000 8
2022.601000 -0.589124 3.110000 8
2022.603700 4.276861 3.380000 8
2022.606400 -1.153745 3.272000 8
2022.609200 -0.831478 3.403000 8
2022.611900 -1.854300 3.583000 8
2022.614600 -0.811760 3.088000 8
2022.617400 0.853648 3.181000 8
2022.620100 0.887882 3.299000 8
2022.622900 -2.341019 3.285000 8
2022.625600 -7.316145 3.178000 8
2022.628300 -2.461976 3.418000 8
2022.631100 2.027057 3.367000 8
2022.633800 -2.205202 3.246000 8
2022.636600 -6.227598 3.416000 8
2022.639300 -1.216325 3.251000 8
2022.642000 -5.877803 3.625000 8
2022.644800 10.025587 3.683000 8
2022.647500 -1.291403 3.488000 8
2022.650200 -5.462161 3.320000 8
2022.653000 0.372958 3.465000 8
2022.655700 9.229658 3.483000 8
2022.658500 -2.802753 3.325000 8
2022.661200 -7.623604 3.420000 8
2022.663900 1.701763 3.384000 8
2022.666700 2.052042 3.186000 8
2022.669400 -1.328143 3.166000 8
2022.672100 -3.731107 3.207000 8
2022.674900 -2.358128 3.313000 8
2022.677600 1.451371 3.412000 8
2022.680400 -2.000161 3.281000 8
2022.683100 0.694820 3.363000 8
2022.685800 -5.354953 3.437000 8
2022.688600 5.127291 3.279000 8
2022.691300 7.080043 3.334000 8
2022.694000 -3.745934 3.476000 8
2022.696800 -0.576835 3.544000 8
2022.699500 7.505772 3.498000 8
2022.702300 -4.334499 3.564000 8
2022.705000 5.733741 3.305000 8
2022.707700 -0.052689 3.447000 8
2022.710500 8.940081 3.179000 8
2022.713200 8.644368 3.472000 8
2022.715900 4.751030 3.220000 8
2022.718700 6.013982 3.305000 8
2022.721400 0.932459 3.444000 8
2022.724200 4.904293 3.765000 8
2022.726900 7.604658 3.376000 8
2022.729600 3.370488 3.110000 8
2022.732400 -4.981215 3.289000 8
2022.735100 0.818621 3.295000 8
2022.737900 4.472006 3.144000 8
2022.740600 3.446934 3.287000 8
2022.743300 0.414430 3.587000 8
2022.746100 11.187605 3.334000 8
2022.748800 3.834327 3.223000 8
2022.751500 7.985685 3.327000 8
2022.754300 -2.400136 3.404000 8
2022.757000 6.224590 3.225000 8
2022.759800 1.785238 3.278000 8
2022.762500 -0.681571 3.287000 8
2022.765200 0.892375 3.491000 8
2022.768000 -0.837597 3.234000 8
2022.770700 -4.558035 3.285000 8
2022.773400 5.814355 3.041000 8
2022.776200 6.384996 3.501000 8
2022.778900 1.044151 3.452000 8
2022.781700 4.043675 3.329000 8
2022.784400 5.129697 3.402000 8
2022.787100 6.296672 3.197000 8
2022.789900 5.351196 3.256000 8
2022.792600 5.411186 3.409000 8
2022.795300 2.973201 3.376000 8
2022.798100 4.677954 3.572000 8
2022.800800 5.638128 3.318000 8
2022.803600 3.249169 3.428000 8
2022.806300 15.641597 3.390000 8
2022.809000 12.122165 3.257000 8
2022.811800 -4.543206 3.157000 8
2022.814500 0.812747 3.258000 8
2022.817200 2.330903 3.474000 8
2022.820000 9.796318 3.548000 8
2022.822700 1.733983 3.268000 8
2022.825500 0.965040 3.238000 8
2022.828200 1.284289 3.145000 8
2022.830900 8.174833 3.450000 8
2022.833700 5.783967 3.195000 8
2022.836400 6.395197 3.228000 8
2022.839200 9.565148 3.274000 8
2022.841900 2.044123 3.428000 8
2022.844600 3.834465 3.347000 8
2022.847400 5.183721 3.063000 8
2022.850100 14.594883 3.292000 8
2022.852800 7.455445 3.602000 8
2022.855600 4.615107 3.503000 8
2022.858300 5.832544 3.130000 8
2022.861100 3.434203 3.207000 8
2022.863800 -0.877457 3.221000 8
2022.866500 4.338315 3.359000 8
2022.869300 3.295482 3.410000 8
2022.872000 -0.231823 3.276000 8
2022.874700 -5.669690 2.998000 8
2022.877500 -1.598998 3.054000 8
2022.880200 -1.577942 3.248000 8
2022.883000 5.405777 3.216000 8
2022.885700 -4.517256 3.192000 8
2022.888400 4.366133 3.015000 8
2022.891200 -0.635675 3.106000 8
2022.893900 0.574585 3.130000 8
2022.896600 2.434241 3.336000 8
2022.899400 -2.228173 3.310000 8
2022.902100 4.738290 3.195000 8
2022.904900 7.614761 3.212000 8
2022.907600 5.914975 3.283000 8
2022.910300 12.039515 3.117000 8
2022.913100 7.210161 3.431000 8
2022.915800 8.366346 3.269000 8
2022.918500 12.803801 3.356000 8
2022.921300 5.108440 3.184000 8
2022.924000 0.500409 3.087000 8
2022.926800 16.960606 3.186000 8
2022.929500 11.143990 3.340000 8
2022.932200 12.850518 3.243000 8
2022.935000 3.706318 3.365000 8
2022.937700 4.990089 3.107000 8
2022.940500 1.398151 3.296000 8
2022.943200 15.666037 3.343000 8
2022.945900 8.705911 3.280000 8
2022.948700 11.651084 3.314000 8
2022.951400 4.231862 3.294000 8
2022.954100 -1.831479 3.347000 8
2022.956900 8.434463 3.045000 8
2022.959600 5.997794 3.252000 8
2022.962400 10.696385 3.230000 8
2022.965100 9.027222 3.283000 8
2022.967800 3.002734 3.377000 8
2022.970600 5.225451 3.364000 8
2022.973300 3.027204 3.226000 8
2022.976000 4.616497 3.145000 8
2022.978800 4.746916 3.364000 8
2022.981500 7.825166 3.373000 8
2022.984300 2.762475 3.363000 8
2022.987000 5.149484 3.549000 8
2022.989700 11.028791 3.340000 8
2022.992500 9.603036 3.173000 8
2022.995200 10.002792 3.289000 8
2022.997900 16.026691 3.192000 8
2023.000700 19.560386 3.256000 8
2023.003400 9.933414 3.163000 8
2023.006200 7.753129 3.202000 8
2023.008900 7.478066 3.245000 8
2023.011600 3.558876 3.236000 8
2023.014400 12.015190 3.265000 8
2023.017100 0.864573 3.175000 8
2023.019800 2.634662 3.190000 8
2023.022600 7.011053 3.130000 8
2023.025300 25.490373 3.389000 8
2023.028100 5.394847 3.146000 8
2023.030800 -0.728832 3.073000 8
2023.033500 -1.970087 3.191000 8
2023.036300 5.548574 3.389000 8
2023.039000 17.337975 3.182000 8
2023.041800 14.303122 3.252000 8
2023.044500 11.021947 3.216000 8
2023.047200 7.529915 3.209000 8
2023.050000 4.754362 3.287000 8
2023.052700 5.159414 3.219000 8
2023.055400 6.113442 3.304000 8
2023.058200 3.607666 3.407000 8
2023.060900 -0.268556 3.291000 8
2023.063700 1.848220 3.320000 8
2023.066400 1.876527 3.378000 8
2023.069100 1.111542 3.506000 8
2023.071900 0.571250 3.282000 8
2023.074600 7.586476 3.278000 8
2023.077300 3.330257 3.345000 8
2023.080100 10.444415 3.457000 8
2023.082800 -0.082898 3.313000 8
2023.085600 4.506949 3.229000 8
2023.088300 1.340346 3.280000 8
2023.091000 -0.211941 3.159000 8
2023.093800 -0.140398 3.287000 8
2023.096500 4.596748 3.292000 8
2023.099200 4.661078 3.253000 8
2023.102000 3.439903 3.255000 8
2023.104700 0.943409 3.111000 8
2023.107500 -1.558817 3.258000 8
2023.110200 -1.552297 3.248000 8
2023.112900 6.558212 3.232000 8
2023.115700 9.747650 3.243000 8
2023.118400 4.801954 3.368000 8
2023.121100 15.193143 3.337000 8
2023.123900 4.453926 3.291000 8
2023.126600 4.076715 3.323000 8
2023.129400 2.426873 3.534000 8
2023.132100 5.307147 3.239000 8
2023.134800 2.526166 3.365000 8
2023.137600 0.145222 3.379000 8
2023.140300 7.190575 3.260000 8
2023.143100 4.065748 3.462000 8
2023.145800 3.720353 3.265000 8
2023.148500 6.195599 3.196000 8
2023.151300 1.943346 3.223000 8
2023.154000 9.437742 3.346000 8
2023.156700 9.682738 3.480000 8
2023.159500 10.972928 3.746000 8
2023.162200 15.508004 3.221000 8
2023.165000 10.782074 3.193000 8
2023.167700 8.515200 3.208000 8
2023.170400 6.864888 3.243000 8
2023.173200 9.297285 3.426000 8
2023.175900 8.537005 3.323000 8
2023.178600 0.015287 3.068000 8
2023.181400 -0.281994 3.222000 8
2023.184100 -1.068669 3.249000 8
2023.186900 10.417922 3.389000 8
2023.189600 1.765316 3.380000 8
2023.192300 6.699304 3.254000 8
2023.195100 3.735316 3.348000 8
2023.197800 8.620437 3.208000 8
2023.200500 8.348189 3.318000 8
2023.203300 10.432745 3.256000 8
2023.206000 7.833724 3.404000 8
2023.208800 0.593369 3.413000 8
2023.211500 1.072656 3.140000 8
2023.214200 2.498670 3.238000 8
2023.217000 10.150164 3.279000 8
2023.219700 7.747628 3.285000 8
2023.222500 9.128457 3.238000 8
2023.225200 12.495479 3.599000 8
2023.227900 5.321365 3.237000 8
2023.230700 2.049467 3.269000 8
2023.233400 3.735098 3.324000 8
2023.236100 1.489690 3.167000 8
2023.238900 12.909372 3.364000 8
2023.241600 9.003920 3.414000 8
2023.244400 -1.111514 3.175000 8
2023.247100 3.129143 3.093000 8
2023.249800 4.794949 3.083000 8
2023.252600 14.983688 3.330000 8
2023.255300 4.088850 3.331000 8
2023.258000 4.025287 3.242000 8
2023.260800 -2.495406 3.143000 8
2023.263500 -0.739347 3.173000 8
2023.266300 3.551554 3.139000 8
2023.269000 -1.522578 3.150000 8
2023.271700 -3.681206 3.234000 8
2023.274500 -0.815015 3.172000 8
2023.277200 7.826459 3.245000 8
2023.279900 3.830583 3.371000 8
2023.282700 7.046525 3.545000 8
2023.285400 0.472055 3.314000 8
2023.288200 -4.987586 3.203000 8
2023.290900 4.085559 3.278000 8
2023.293600 3.988610 3.298000 8
2023.296400 5.207528 3.401000 8
2023.299100 1.929513 3.415000 8
2023.301800 -4.557437 3.208000 8
2023.304600 5.031536 3.275000 8
2023.307300 1.093844 3.214000 8
2023.310100 4.579123 3.322000 8
2023.312800 1.981908 3.215000 8
2023.315500 -0.565974 3.165000 8
2023.318300 1.295203 3.209000 8
2023.321000 -3.175876 3.212000 8
2023.323800 -2.204826 3.030000 8
2023.326500 -2.604883 3.135000 8
2023.329200 4.680660 3.169000 8
2023.332000 8.389447 3.149000 8
2023.334700 4.173334 3.323000 8
2023.337400 4.934976 3.049000 8
2023.340200 0.370995 3.108000 8
2023.342900 3.093297 3.214000 8
2023.345700 -1.961929 3.208000 8
2023.348400 2.387241 3.257000 8
2023.351100 5.498420 3.044000 8
2023.353900 3.995222 3.144000 8
2023.356600 -3.231432 3.219000 8
2023.359300 -4.483933 3.164000 8
2023.362100 -3.580648 3.311000 8
2023.364800 -7.301694 3.127000 8
2023.367600 -13.492841 3.210000 8
2023.370300 -6.268248 3.181000 8
2023.373000 -8.718276 3.163000 8
2023.375800 -5.314229 3.254000 8
2023.378500 -2.332355 3.465000 8
2023.381200 -15.919978 3.284000 8
2023.384000 -8.558346 3.278000 8
2023.386700 -1.157822 3.333000 8
2023.389500 -1.990921 3.207000 8
2023.392200 1.366902 3.315000 8
2023.394900 -3.424585 3.021000 8
2023.397700 1.067492 3.110000 8
2023.400400 -2.261483 3.088000 8
2023.403100 -0.333669 3.026000 8
2023.405900 -0.133105 3.262000 8
2023.408600 0.862410 3.217000 8
2023.411400 -4.841201 3.092000 8
2023.414100 0.886132 3.225000 8
2023.416800 -0.017605 3.296000 8
2023.419600 -4.029285 3.181000 8
2023.422300 -6.399052 3.190000 8
2023.425100 -4.321642 3.324000 8
2023.427800 2.598650 3.150000 8
2023.430500 2.575983 3.259000 8
2023.433300 -3.483331 3.239000 8
2023.436000 -1.213825 3.318000 8
2023.438700 1.257772 3.152000 8
2023.441500 -2.020108 3.220000 8
2023.444200 -2.518247 3.240000 8
2023.447000 2.184247 3.228000 8
2023.449700 -1.153581 3.154000 8
2023.452400 3.503741 3.165000 8
2023.455200 2.795853 3.173000 8
2023.457900 -7.792462 3.225000 8
2023.460600 10.304393 3.186000 8
2023.463400 3.573185 3.224000 8
2023.466100 0.238432 3.388000 8
2023.468900 0.772711 3.314000 8
2023.471600 -1.286642 3.407000 8
2023.474300 3.419184 3.308000 8
2023.477100 -4.489828 3.253000 8
2023.479800 -4.905608 3.150000 8
2023.482500 0.845782 3.132000 8
2023.485300 -1.560547 3.120000 8
2023.488000 2.702211 3.174000 8
2023.490800 -0.097676 3.272000 8
2023.493500 -6.701579 3.266000 8
2023.496200 -1.413347 3.243000 8
2023.499000 -10.382658 3.358000 8
2023.501700 -1.488143 3.201000 8
2023.504400 0.328476 3.192000 8
2023.507200 -3.020358 3.182000 8
2023.509900 -7.556529 3.190000 8
2023.512700 -3.923100 3.200000 8
2023.515400 -1.948117 3.157000 8
2023.518100 6.340901 3.125000 8
2023.520900 6.364588 3.348000 8
2023.523600 -3.441335 3.325000 8
2023.526400 -0.343548 3.374000 8
2023.529100 -1.426483 3.404000 8
2023.531800 -11.797468 3.316000 8
2023.534600 -10.579691 3.254000 8
2023.537300 -6.131800 3.373000 8
2023.540000 -8.290016 3.424000 8
2023.542800 10.429571 3.726000 8
2023.545500 -7.388887 3.387000 8
2023.548300 -13.269521 3.363000 8
2023.551000 -7.506305 3.358000 8
2023.553700 -3.391298 3.301000 8
2023.556500 -0.722440 3.252000 8
2023.559200 4.737114 3.310000 8
2023.561900 -1.580604 3.345000 8
2023.564700 -6.253453 3.232000 8
2023.567400 -2.180752 3.426000 8
2023.570200 -8.625174 3.456000 8
2023.572900 -1.430140 3.323000 8
2023.575600 -2.424483 3.345000 8
2023.578400 -3.456943 3.303000 8
2023.581100 -3.806079 3.437000 8
2023.583800 -3.840653 3.476000 8
2023.586600 -8.890343 3.343000 8
2023.589300 -8.675833 3.263000 8
2023.592100 -7.562439 3.197000 8
2023.594800 -2.995923 3.117000 8
2023.597500 -1.228942 3.298000 8
2023.600300 -6.574080 3.324000 8
2023.603000 -7.996204 3.376000 8
2023.605700 -1.730915 3.313000 8
2023.608500 -6.418752 3.731000 8
2023.611200 -0.412670 3.781000 8
2023.614000 -15.887718 3.424000 8
2023.616700 -13.603906 3.295000 8
2023.619400 0.588242 3.398000 8
2023.622200 -6.533744 3.444000 8
2023.624900 -7.795949 3.452000 8
2023.627700 1.765710 3.727000 8
2023.630400 -13.449898 3.278000 8
2023.633100 -4.794228 3.252000 8
2023.635900 -6.309694 3.662000 8
2023.638600 -2.913487 3.490000 8
2023.641300 -6.029029 3.479000 8
2023.644100 -13.057703 3.348000 8
2023.646800 -13.171753 3.658000 8
2023.649600 -6.164931 3.602000 8
2023.652300 -7.024513 3.140000 8
2023.655000 -8.765870 3.394000 8
2023.657800 -6.912340 3.203000 8
2023.660500 -4.787249 3.301000 8
2023.663200 0.368062 3.405000 8
2023.666000 1.107282 3.631000 8
2023.668700 -12.568961 3.386000 8
2023.671500 -8.448275 3.502000 8
2023.674200 1.222936 3.638000 8
2023.676900 -11.279625 3.115000 8
2023.679700 -4.685220 3.292000 8
2023.682400 -11.791302 3.257000 8
2023.685100 -12.542139 3.384000 8
2023.687900 -9.587965 3.208000 8
2023.690600 -11.160281 3.252000 8
2023.693400 -8.420548 3.206000 8
2023.696100 -2.865307 3.299000 8
2023.698800 -9.507777 3.413000 8
2023.701600 -10.664131 3.385000 8
2023.704300 -15.343975 3.518000 8
2023.707000 -5.379492 3.510000 8
2023.709800 -3.991816 3.171000 8
2023.712500 -7.343624 3.322000 8
2023.715300 -10.733180 3.313000 8
2023.718000 -5.553215 3.292000 8
2023.720700 -5.170846 3.382000 8
2023.723500 -9.260128 3.223000 8
2023.726200 -3.737880 3.372000 8
2023.729000 -6.304211 3.078000 8
2023.734400 -6.975304 3.275000 8
2023.737200 -6.383063 3.311000 8
2023.739900 -2.094279 3.307000 8
2023.742600 -1.579932 3.318000 8
2023.745400 -0.083918 3.230000 8
2023.748100 -10.359357 3.363000 8
2023.750900 -3.459036 3.307000 8
2023.753600 -6.605167 3.323000 8
2023.756300 -1.115621 3.338000 8
2023.761800 -4.931166 3.379000 8
2023.764500 -2.559418 3.275000 8
2023.767300 -2.289602 3.423000 8
2023.770000 -0.570252 3.384000 8
2023.772800 0.466277 3.402000 8
2023.775500 5.677330 3.195000 8
2023.778200 3.341255 3.182000 8
2023.781000 -3.879467 3.250000 8
2023.783700 -6.833688 3.281000 8
2023.786400 -8.886963 3.204000 8
2023.789200 -7.177703 3.257000 8
2023.791900 -5.929975 3.308000 8
2023.794700 -1.911588 3.162000 8
2023.797400 -8.032760 3.234000 8
2023.800100 -4.803866 3.236000 8
2023.802900 -4.180121 3.180000 8
2023.805600 -1.990985 3.205000 8
2023.808400 1.411132 3.371000 8
2023.811100 0.131600 3.246000 8
2023.813800 -4.884755 3.313000 8
2023.816600 2.957067 3.249000 8
2023.819300 -8.009828 3.506000 8
2023.822000 -6.790487 3.269000 8
2023.824800 -7.594771 3.264000 8
2023.827500 -5.890854 3.256000 8
2023.830300 -6.184430 3.261000 8
2023.833000 -3.960868 3.339000 8
2023.835700 -4.942984 3.328000 8
2023.838500 -8.859395 3.268000 8
2023.841200 -3.415772 3.135000 8
2023.843900 -6.102785 3.075000 8
2023.846700 8.662099 3.351000 8
2023.849400 -1.079100 3.252000 8
2023.852200 -3.105276 3.508000 8
2023.854900 -4.405620 3.184000 8
2023.857600 -7.310550 3.170000 8
2023.860400 -3.457274 3.260000 8
2023.863100 -5.731304 3.403000 8
2023.865800 -3.884905 3.450000 8
2023.868600 -3.358123 3.373000 8
2023.871300 -4.156800 3.449000 8
2023.874100 -2.404984 3.233000 8
2023.876800 -8.916734 3.394000 8
2023.879500 4.629951 3.350000 8
2023.882300 5.478285 3.269000 8
2023.885000 -3.481117 3.389000 8
2023.887700 -9.043096 3.340000 8
2023.890500 -11.252283 3.386000 8
2023.893200 -2.585387 3.431000 8
2023.896000 0.415390 3.215000 8
2023.898700 0.328123 3.225000 8
2023.901400 -1.943768 3.336000 8
2023.904200 -3.836661 3.416000 8
2023.906900 -3.010794 3.189000 8
2023.909700 3.075140 3.339000 8
2023.912400 3.408700 3.279000 8
2023.915100 2.529553 3.188000 8
2023.917900 1.504562 3.456000 8
2023.920600 -1.589013 3.267000 8
2023.923300 0.308642 3.336000 8
2023.926100 -0.770481 3.228000 8
2023.928800 -3.322399 3.425000 8
2023.931600 3.721940 3.412000 8
2023.934300 2.916339 3.239000 8
2023.937000 -1.347168 3.165000 8
2023.939800 -6.365387 3.452000 8
2023.942500 -0.393763 3.346000 8
2023.945200 -3.264142 3.197000 8
2023.948000 0.445778 3.336000 8
2023.950700 -2.140677 3.420000 8
2023.953500 -4.318840 3.499000 8
2023.956200 -3.702524 3.318000 8
2023.958900 -3.777396 3.086000 8
2023.961700 -1.769005 3.349000 8
2023.964400 2.591650 3.237000 8
2023.967100 2.444991 3.144000 8
2023.969900 1.384543 3.208000 8
2023.972600 -0.240852 3.138000 8
2023.975400 -2.426086 3.109000 8
2023.978100 5.534596 3.212000 8
2023.980800 -3.395264 3.420000 8
2023.983600 4.609943 3.305000 8
2023.986300 -1.270134 3.320000 8
2023.989000 -2.185900 3.297000 8
2023.991800 -0.134716 3.225000 8
2023.994500 -2.524005 3.186000 8
2023.997300 0.011563 3.176000 8
2024.000000 -1.221462 3.064000 8
2024.002700 -1.095438 3.105000 8
2024.005500 -4.897713 3.172000 8
2024.008200 0.017248 3.196000 8
2024.011000 3.932791 3.526000 8
2024.013700 9.027465 3.400000 8
2024.016400 8.703915 3.441000 8
2024.019200 4.445752 3.251000 8
2024.021900 -0.346425 3.361000 8
2024.024600 7.106006 3.367000 8
2024.027400 5.430610 3.370000 8
2024.030100 2.709071 3.324000 8
2024.032900 2.736548 3.241000 8
2024.035600 2.813807 3.182000 8
2024.038300 0.591392 3.246000 8
2024.041100 -0.579255 3.328000 8
2024.043800 -1.161216 3.298000 8
2024.046500 -1.465021 3.197000 8
2024.049300 -8.809323 3.301000 8
2024.052000 -3.001015 3.210000 8
2024.054800 5.768609 3.240000 8
2024.057500 6.809804 3.242000 8
2024.060200 7.159880 3.070000 8
2024.063000 -1.395020 3.224000 8
2024.065700 0.953614 3.491000 8
2024.068400 -4.704031 3.483000 8
2024.071200 -3.097957 3.309000 8
2024.073900 -4.974364 3.179000 8
2024.076700 -3.505263 3.209000 8
2024.079400 -2.141639 3.344000 8
2024.082100 -1.380547 3.216000 8
2024.084900 4.816732 3.511000 8
2024.087600 3.763559 3.314000 8
2024.090300 -1.626287 3.124000 8
2024.093100 1.831725 3.098000 8
2024.095800 4.254335 3.208000 8
2024.098600 5.220579 3.261000 8
2024.101300 6.947468 3.263000 8
2024.104000 2.897470 3.291000 8
2024.106800 -0.801231 3.368000 8
2024.109500 -0.230195 3.231000 8
2024.112300 -6.027088 3.230000 8
2024.115000 -6.603169 3.124000 8
2024.117700 -3.872323 3.226000 8
2024.120500 -5.540744 3.280000 8
2024.123200 2.963780 3.321000 8
2024.125900 -0.319864 3.359000 8
2024.128700 -1.125111 3.132000 8
2024.131400 -2.102256 3.272000 8
2024.134200 -3.257228 3.088000 8
2024.136900 3.985020 3.294000 8
2024.139600 -0.390027 3.292000 8
2024.142400 -4.376228 3.381000 8
2024.145100 -2.399015 3.267000 8
2024.147800 -2.009156 3.223000 8
2024.150600 2.373231 3.319000 8
2024.153300 6.748248 3.197000 8
2024.156100 5.992584 3.338000 8
2024.158800 0.375706 3.090000 8
2024.161500 -7.637590 3.209000 8
2024.164300 10.336133 3.332000 8
2024.167000 8.393890 3.424000 8
2024.169700 6.722211 3.614000 8
2024.172500 9.724264 3.277000 8
2024.175200 -1.195384 3.283000 8
2024.178000 6.150516 3.149000 8
2024.180700 3.810903 3.465000 8
2024.183400 5.313858 3.330000 8
2024.186200 -1.687900 3.137000 8
2024.188900 -3.667880 3.422000 8
2024.191600 2.247730 3.206000 8
2024.194400 2.329385 3.175000 8
2024.197100 1.920122 3.318000 8
2024.199900 -1.750248 3.321000 8
2024.202600 1.867673 3.276000 8
2024.205300 -6.155744 3.137000 8
2024.208100 -3.968478 3.276000 8
2024.210800 -4.462600 3.334000 8
2024.213600 -1.464167 3.176000 8
2024.216300 -1.666903 3.251000 8
2024.219000 -5.374866 3.281000 8
2024.221800 -6.720449 3.219000 8
2024.224500 0.918131 3.245000 8
2024.227200 6.746568 3.485000 8
2024.230000 1.222233 3.336000 8
2024.232700 -2.064602 3.226000 8
2024.235500 -6.955297 3.147000 8
2024.238200 3.313733 3.173000 8
2024.240900 0.071787 3.389000 8
2024.243700 6.208869 3.189000 8
2024.246400 0.578012 3.342000 8
2024.249100 1.796293 3.167000 8
2024.251900 -5.959485 3.268000 8
2024.254600 -5.579869 3.356000 8
2024.257400 -2.483360 3.209000 8
2024.260100 9.111766 3.379000 8
2024.262800 -4.577755 3.357000 8
2024.265600 -5.024432 3.301000 8
2024.268300 -7.561169 3.222000 8
2024.271000 -3.178413 3.278000 8
2024.273800 -5.951838 3.197000 8
2024.276500 -12.615007 3.348000 8
2024.279300 -8.339360 3.295000 8
2024.282000 -1.940251 3.140000 8
2024.284700 -8.244402 3.148000 8
2024.287500 -8.462726 3.125000 8
2024.290200 -7.204290 3.166000 8
2024.293000 -10.066005 3.307000 8
2024.295700 -0.356768 3.262000 8
2024.298400 -11.206532 3.376000 8
2024.301200 -7.547400 3.274000 8
2024.303900 -6.146040 3.538000 8
2024.306600 -8.365522 3.231000 8
2024.309400 -2.333040 3.214000 8
2024.312100 -4.625074 3.429000 8
2024.314900 -2.082086 3.408000 8
2024.317600 -3.328451 3.331000 8
2024.320300 -4.749390 3.268000 8
2024.323100 -0.552209 3.236000 8
2024.325800 -7.075153 3.244000 8
2024.328500 -1.118512 3.321000 8
2024.331300 1.693364 3.434000 8
2024.334000 -4.147678 3.291000 8
2024.336800 -1.420400 3.075000 8
2024.339500 -2.154912 3.405000 8
2024.342200 4.508422 3.430000 8
2024.345000 -5.347784 3.182000 8
2024.347700 -2.731609 3.208000 8
2024.350400 -6.770437 3.251000 8
2024.353200 -5.216656 3.139000 8
2024.355900 -5.224342 3.430000 8
2024.358700 -2.302311 3.869000 8
2024.361400 -3.431661 3.304000 8
2024.364100 -1.826775 3.229000 8
2024.366900 -0.994005 3.246000 8
2024.369600 1.472497 3.294000 8
2024.372300 -1.138633 3.604000 8
2024.375100 -5.758704 3.306000 8
2024.377800 1.392045 3.298000 8
2024.380600 1.699974 3.258000 8
2024.383300 -2.262229 3.112000 8
2024.386000 -0.134860 3.333000 8
2024.388800 -7.152129 3.261000 8
2024.391500 2.533520 3.298000 8
2024.394300 0.571655 3.254000 8
2024.397000 3.637729 3.307000 8
2024.399700 -2.912446 3.315000 8
2024.402500 -4.541949 3.378000 8
2024.405200 -4.872499 3.244000 8
2024.407900 -4.278206 3.252000 8
2024.410700 -3.008057 3.361000 8
2024.413400 -0.926961 3.455000 8
2024.416200 3.588114 3.263000 8
2024.418900 8.079119 3.316000 8
2024.421600 0.735096 3.184000 8
2024.424400 2.385235 3.245000 8
2024.427100 -3.427740 3.215000 8
2024.429800 -2.619678 3.318000 8
2024.432600 -2.656279 3.396000 8
2024.435300 2.004947 3.451000 8
2024.438100 -6.095374 3.237000 8
2024.440800 -4.375919 3.393000 8
2024.443500 -6.826349 3.113000 8
2024.446300 -3.980160 3.372000 8
2024.449000 -11.287284 3.387000 8
2024.451700 -7.931260 3.485000 8
2024.454500 1.286539 3.286000 8
2024.457200 2.855923 3.379000 8
2024.460000 8.167183 3.167000 8
2024.462700 2.503950 3.613000 8
2024.465400 -4.412108 3.207000 8
2024.468200 -9.643146 3.281000 8
2024.470900 -3.466804 3.252000 8
2024.473600 -4.788284 3.260000 8
2024.476400 -3.991612 3.282000 8
2024.479100 -0.742696 3.209000 8
2024.481900 -1.783547 3.323000 8
2024.484600 -3.596250 3.362000 8
2024.487300 3.813207 3.381000 8
2024.490100 6.654012 3.544000 8
2024.492800 0.051812 3.246000 8
2024.495600 -4.384970 3.299000 8
2024.498300 5.003139 3.561000 8
2024.501000 -8.105634 3.355000 8
2024.503800 -8.890897 3.124000 8
2024.506500 -11.279427 3.187000 8
2024.509200 -6.459876 3.283000 8
2024.512000 -9.110732 3.238000 8
2024.514700 -5.525020 3.195000 8
2024.517500 -3.250666 3.232000 8
2024.520200 -3.657854 3.249000 8
2024.522900 -5.746035 3.403000 8
2024.525700 -5.713512 3.298000 8
2024.528400 -11.536695 3.246000 8
2024.531100 -9.373925 3.281000 8
2024.533900 -7.848397 3.408000 8
2024.536600 -9.481740 3.523000 8
2024.539400 -7.987296 3.341000 8
2024.542100 -7.140831 3.116000 8
2024.544800 -6.597508 3.349000 8
2024.547600 -4.285363 3.380000 8
2024.550300 -9.246356 3.217000 8
2024.553000 -6.351552 3.280000 8
2024.555800 -6.395900 3.330000 8
2024.558500 -9.887538 3.289000 8
2024.561300 -17.289314 3.373000 8
2024.564000 -9.436479 3.142000 8
2024.566700 -1.887954 3.334000 8
2024.569500 4.334447 3.252000 8
2024.572200 0.757316 3.234000 8
2024.574900 0.687814 3.650000 8
2024.577700 -5.226806 3.397000 8
2024.580400 2.539909 3.315000 8
2024.583200 -6.962491 3.259000 8
2024.585900 -9.822642 3.175000 8
2024.588600 -11.587266 3.488000 8
2024.591400 -1.571005 3.250000 8
2024.594100 4.133387 3.301000 8
2024.596900 -4.699340 3.268000 8
2024.599600 0.262992 3.121000 8
2024.602300 2.824758 3.324000 8
2024.605100 -1.885599 3.193000 8
2024.607800 -8.958000 3.227000 8
2024.610500 -10.878016 3.386000 8
2024.613300 5.681840 3.635000 8
2024.616000 6.318562 3.379000 8
2024.618800 -10.488849 3.286000 8
2024.621500 2.746552 3.465000 8
2024.624200 4.878268 3.227000 8
2024.627000 4.149847 3.358000 8
2024.629700 0.452166 3.436000 8
2024.632400 -1.771235 3.318000 8
2024.635200 -5.680772 3.312000 8
2024.637900 4.303368 3.555000 8
2024.640700 -2.992626 3.685000 8
2024.643400 -7.139977 3.401000 8
2024.646100 -3.272089 3.435000 8
2024.648900 -3.809328 3.217000 8
2024.651600 -9.057969 3.275000 8
2024.654300 -7.679384 3.248000 8
2024.657100 -2.412914 3.316000 8
2024.659800 -7.585879 3.298000 8
2024.662600 -3.196944 3.379000 8
2024.665300 -3.901464 3.243000 8
2024.668000 -7.574763 3.312000 8
2024.670800 -6.906137 3.254000 8
2024.673500 -4.233985 3.255000 8
2024.676200 -2.932605 3.473000 8
2024.679000 -12.401263 3.262000 8
2024.681700 -7.351407 3.241000 8
2024.684500 -10.917560 3.457000 8
2024.687200 -4.522203 3.111000 8
2024.689900 -7.269588 3.318000 8
2024.692700 3.306072 3.267000 8
2024.695400 3.136240 3.320000 8
2024.698200 7.024495 3.395000 8
2024.700900 -3.124742 3.466000 8
2024.703600 -2.929668 3.432000 8
2024.706400 -6.826435 3.462000 8
2024.709100 -2.708688 3.553000 8
2024.711800 -3.944590 3.518000 8
2024.714600 -1.390248 3.292000 8
2024.717300 -1.911385 3.248000 8
2024.720100 0.899784 3.366000 8
2024.722800 -2.257519 3.211000 8
2024.725500 -0.153388 3.403000 8
2024.728300 -2.028844 3.207000 8
2024.731000 -3.406767 3.297000 8
2024.733700 -0.742195 3.129000 8
2024.736500 0.533905 3.302000 8
2024.739200 2.791546 3.469000 8
2024.742000 -2.753200 3.158000 8
2024.744700 -0.406400 3.220000 8
2024.747400 -4.138999 3.285000 8
2024.750200 -0.869849 3.341000 8
2024.752900 -6.705152 3.233000 8
2024.755600 -1.017784 3.323000 8
2024.758400 -5.116520 3.195000 8
2024.761100 -0.842711 3.183000 8
2024.763900 -6.503902 3.190000 8
2024.766600 -3.179554 3.179000 8
2024.769300 -1.585413 3.505000 8
2024.772100 -1.325108 3.263000 8
2024.774800 -3.064278 3.388000 8
2024.777500 1.280419 4.262000 8
2024.780300 -0.728547 3.341000 8
2024.810400 -11.239515 3.272000 8
2024.813100 -9.985177 3.289000 8
2024.815900 -9.178679 3.267000 8
2024.818600 -7.358892 3.248000 8
2024.821400 -0.501811 3.149000 8
2024.824100 -3.284496 3.494000 8
2024.826800 3.127089 3.458000 8
2024.829600 -2.267836 3.277000 8
2024.832300 0.277386 3.481000 8
2024.835000 -2.835074 3.247000 8
2024.837800 -0.222846 3.360000 8
2024.840500 -0.394575 3.290000 8
2024.843300 -5.844486 3.382000 8
2024.846000 -2.127430 3.384000 8
2024.848700 -3.553990 3.202000 8
2024.851500 -5.316542 3.264000 8
2024.854200 -2.358251 3.224000 8
2024.856900 1.139451 3.425000 8
2024.859700 0.440345 3.428000 8
2024.862400 -1.031056 3.412000 8
2024.865200 4.200853 3.413000 8
2024.867900 -4.461632 3.219000 8
2024.870600 2.448319 3.167000 8
2024.873400 5.703748 3.616000 8
2024.876100 1.412626 3.313000 8
2024.878900 5.183089 3.339000 8
2024.881600 2.256889 3.177000 8
2024.889800 -6.334797 3.499000 8
2024.892500 -4.055265 3.146000 8
2024.895300 4.519137 3.353000 8
2024.898000 2.093512 3.347000 8
2024.900800 0.723838 3.234000 8
2024.903500 7.957007 3.609000 8
2024.906200 5.840527 3.512000 8
2024.909000 0.726105 3.338000 8
2024.911700 -3.150674 3.263000 8
2024.914400 -5.112154 3.488000 8
2024.917200 -2.262486 3.472000 8
2024.919900 -3.864383 3.508000 8
2024.922700 -4.638082 3.309000 8
2024.925400 -0.032488 3.208000 8
2024.928100 -2.387709 3.192000 8
2024.930900 -4.906677 3.364000 8
2024.933600 -3.353567 3.182000 8
2024.936300 -1.093355 3.168000 8
2024.939100 1.036144 3.456000 8
2024.941800 -5.705496 3.344000 8
2024.944600 -4.873838 3.292000 8
2024.947300 1.221535 3.162000 8
2024.950000 1.337843 3.212000 8
2024.952800 1.560445 3.206000 8
2024.955500 -2.455455 3.193000 8
2024.958200 -2.281534 3.355000 8
2024.961000 -3.721347 3.088000 8
2024.963700 -5.746877 3.571000 8
2024.966500 -5.787171 3.221000 8
2024.969200 -5.532326 3.138000 8
2024.971900 -5.814871 3.351000 8
2024.974700 -0.265249 3.347000 8
2024.977400 0.022307 3.460000 8
2024.980200 0.946971 3.384000 8
2024.982900 -1.016566 3.299000 8
2024.985600 3.611269 3.233000 8
2024.988400 6.072106 3.192000 8
2024.991100 -2.864453 3.290000 8
2024.993800 -3.180791 3.306000 8
2024.996600 -2.358260 3.246000 8
2024.999300 0.440693 3.202000 8
2025.002100 -3.469586 3.547000 8
2025.004800 0.361441 3.351000 8
2025.007500 -2.688578 3.334000 8
2025.010300 1.029002 3.305000 8
2025.013000 -0.086276 3.335000 8
2025.015700 -1.776762 3.328000 8
2025.018500 3.199156 3.228000 8
2025.021200 -2.314929 3.229000 8
2025.024000 -6.861749 3.299000 8
2025.026700 -2.344661 3.274000 8
2025.029400 1.785936 3.331000 8
2025.032200 5.006570 3.311000 8
2025.034900 1.313995 3.230000 8
2025.037600 -1.656240 3.293000 8
2025.040400 -5.706685 3.177000 8
2025.043100 -2.294436 3.317000 8
2025.045900 3.790426 3.144000 8
2025.048600 -1.090072 3.203000 8
2025.051300 -2.147511 3.357000 8
2025.054100 -2.794611 3.275000 8
2025.056800 -6.319134 3.585000 8
2025.059500 -7.376762 3.284000 8
2025.062300 -3.538342 3.252000 8
2025.065000 -2.618386 3.239000 8
2025.067800 0.853418 3.188000 8
2025.070500 -0.973257 3.279000 8
2025.073200 -1.224301 3.305000 8
2025.076000 0.868191 3.319000 8
2025.078700 4.299203 3.147000 8
2025.081500 5.717538 3.302000 8
2025.084200 0.005406 3.260000 8
2025.086900 1.491659 3.476000 8
2025.089700 3.020907 3.337000 8
2025.092400 0.267729 3.242000 8
2025.095100 16.128800 3.579000 8
2025.097900 8.362534 3.595000 8
2025.100600 4.491906 3.402000 8
2025.103400 17.934716 3.558000 8
2025.106100 0.267222 3.258000 8
2025.108800 2.774772 3.467000 8
2025.111600 4.743421 3.307000 8
2025.114300 3.122872 3.384000 8
2025.117000 3.962259 3.536000 8
2025.119800 7.962407 3.214000 8
2025.122500 8.372488 3.351000 8
2025.125300 0.965105 3.214000 8
2025.128000 1.082755 3.223000 8
2025.130700 -1.820811 3.353000 8
2025.133500 1.121825 3.213000 8
2025.136200 1.840665 3.362000 8
2025.138900 4.117214 3.106000 8
2025.141700 3.771638 3.440000 8
2025.144400 -0.723541 3.329000 8
2025.147200 0.659939 3.222000 8
2025.149900 4.065956 3.346000 8
2025.152600 10.071592 3.325000 8
2025.155400 5.877574 3.340000 8
2025.158100 6.157321 3.401000 8
2025.160800 1.098653 3.335000 8
2025.163600 3.248029 3.243000 8
2025.166300 9.534416 3.259000 8
2025.169100 8.630654 3.465000 8
2025.171800 3.116078 3.325000 8
2025.174500 5.864062 3.487000 8
2025.177300 12.107618 3.451000 8
2025.180000 2.778637 3.215000 8
2025.182800 2.842048 3.229000 8
2025.185500 0.749115 3.339000 8
2025.188200 3.904761 3.306000 8
2025.191000 4.557551 3.668000 8
2025.193700 11.111294 3.459000 8
2025.196400 14.042649 3.237000 8
2025.199200 9.318914 3.371000 8
2025.201900 1.920445 3.164000 8
2025.204700 2.857743 3.175000 8
2025.207400 11.338520 3.304000 8
2025.210100 3.769992 3.385000 8
2025.212900 -3.343966 3.457000 8
2025.215600 -0.827119 3.486000 8
2025.218300 -0.063507 3.293000 8
2025.221100 2.807498 3.361000 8
2025.223800 1.500640 3.226000 8
2025.226600 -0.058930 3.271000 8
2025.229300 -2.798140 3.275000 8
2025.232000 -1.802439 3.427000 8
2025.234800 1.321413 3.282000 8
2025.237500 2.629961 3.547000 8
2025.240200 1.799524 3.133000 8
2025.243000 0.372123 3.174000 8
2025.245700 -1.567245 3.384000 8
2025.248500 1.041360 3.419000 8
2025.251200 3.589222 3.331000 8
2025.253900 -4.765705 3.318000 8
2025.256700 -1.904733 3.291000 8
2025.259400 -5.778173 3.291000 8
2025.262100 -2.500272 3.334000 8
2025.264900 -3.869523 3.217000 8
2025.267600 5.016139 3.231000 8
2025.270400 -4.103371 3.255000 8
2025.273100 -8.850756 3.210000 8
2025.275800 -9.245563 3.073000 8
2025.278600 3.827444 3.269000 8
2025.281300 5.449889 3.187000 8
2025.284100 -3.496847 3.199000 8
2025.286800 -5.681945 3.197000 8
2025.289500 3.860787 3.201000 8
2025.292300 4.573363 3.397000 8
2025.295000 -2.611132 3.378000 8
2025.297700 -3.547641 3.289000 8
2025.300500 -2.393259 3.197000 8
2025.303200 -3.752673 3.122000 8
2025.306000 -0.983153 3.218000 8
2025.308700 1.953747 3.315000 8
2025.311400 8.098899 3.639000 8
2025.314200 -0.731936 3.154000 8
2025.316900 5.985856 3.393000 8
2025.319600 2.703061 3.275000 8
2025.322400 -4.660623 3.244000 8
2025.325100 -5.837452 3.236000 8
2025.327900 -2.924095 3.229000 8
2025.330600 -4.210740 3.254000 8
2025.333300 -5.772707 3.527000 8
2025.336100 -0.068365 3.227000 8
2025.338800 6.947171 3.097000 8
2025.341500 3.383540 3.206000 8
2025.344300 -4.092644 3.137000 8
2025.347000 -1.783460 3.318000 8
2025.349800 -5.118730 3.386000 8
2025.352500 -4.794527 3.321000 8
2025.355200 -2.389242 3.477000 8
2025.358000 2.156745 3.261000 8
2025.360700 1.304343 3.348000 8
2025.363400 7.419163 3.350000 8
2025.366200 0.819853 3.222000 8
2025.368900 -4.858734 3.246000 8
2025.371700 -2.906335 3.246000 8
2025.374400 8.396851 3.351000 8
2025.377100 4.953479 3.284000 8
2025.379900 -0.422728 3.168000 8
2025.382600 -8.510074 3.232000 8
2025.385400 -4.763134 3.193000 8
2025.388100 -3.147294 3.442000 8
2025.390800 1.647184 3.497000 8
2025.393600 -6.306868 3.435000 8
2025.396300 -4.689983 3.221000 8
2025.399000 -5.458356 3.341000 8
2025.401800 -2.070072 3.487000 8
2025.404500 -3.923836 3.300000 8
2025.407300 0.830180 3.497000 8
2025.410000 -2.385852 3.282000 8
2025.412700 -1.681992 3.334000 8
2025.415500 -1.628168 3.426000 8
2025.418200 -1.990412 3.454000 8
2025.420900 -2.163689 3.371000 8
2025.423700 -0.772820 3.231000 8
2025.426400 -4.731060 3.419000 8
2025.429200 -14.315034 3.433000 8
2025.431900 -10.387155 3.424000 8
2025.434600 -8.522208 3.063000 8
2025.437400 -5.572823 3.416000 8
2025.440100 3.829346 3.124000 8
2025.442800 -4.696374 3.233000 8
2025.445600 3.741510 3.387000 8
2025.448300 1.422091 3.379000 8
2025.451100 -1.016617 3.371000 8
2025.453800 -1.817696 3.532000 8
2025.456500 -0.245614 3.303000 8
2025.459300 -3.324668 3.355000 8
2025.462000 -0.987206 3.208000 8
2025.464800 -2.702782 3.431000 8
2025.467500 0.971076 3.520000 8
2025.470200 6.884113 3.459000 8
2025.473000 -4.072753 3.321000 8
2025.475700 0.576683 3.341000 8
2025.478400 -1.135705 3.470000 8
2025.481200 -5.928870 3.219000 8
2025.483900 -5.199876 3.340000 8
2025.486700 -4.085580 3.152000 8
2025.489400 -3.423224 3.185000 8
2025.492100 -5.067720 3.112000 8
2025.494900 -3.819807 3.132000 8
2025.497600 -2.401990 3.249000 8
2025.500300 -3.102052 3.313000 8
2025.503100 -10.273610 3.550000 8
2025.505800 5.501576 3.398000 8
2025.508600 -3.236677 3.242000 8
2025.511300 -5.544293 3.184000 8
2025.514000 -5.393853 3.207000 8
2025.516800 -9.795776 3.281000 8
2025.519500 -5.769228 3.159000 8
2025.522200 -9.057669 3.387000 8
2025.525000 -6.065410 3.323000 8
2025.527700 -5.710844 3.320000 8
2025.530500 -3.308540 3.272000 8
2025.533200 -8.190040 3.206000 8
2025.535900 -2.625619 3.188000 8
2025.538700 -1.254414 3.120000 8
2025.541400 -0.653175 3.245000 8
2025.544100 -10.949073 3.148000 8
2025.546900 -8.284151 3.367000 8
2025.549600 -11.391354 3.359000 8
2025.552400 -0.253717 3.520000 8
2025.555100 11.605692 3.299000 8
2025.557800 -4.783140 3.179000 8
2025.560600 -11.259111 3.298000 8
2025.563300 -1.281459 3.253000 8
2025.566100 -5.807937 3.188000 8
2025.568800 -3.624888 3.212000 8
2025.571500 -7.168185 3.120000 8
2025.574300 -5.085602 3.372000 8
2025.577000 -7.759629 3.183000 8
2025.579700 -2.880065 3.188000 8
2025.582500 -5.175616 3.521000 8
2025.585200 -4.864906 3.311000 8
2025.588000 -5.283312 3.163000 8
2025.590700 -3.366539 3.441000 8
2025.593400 0.212728 3.237000 8
2025.596200 5.035877 3.233000 8
2025.598900 -0.968907 3.268000 8
2025.601600 1.645748 3.278000 8
2025.604400 -3.133720 3.164000 8
2025.607100 -5.725223 3.336000 8
2025.609900 -5.823852 3.358000 8
2025.612600 -2.059579 3.382000 8
2025.615300 -5.706948 3.295000 8
2025.618100 0.113552 3.345000 8
2025.620800 -2.875130 3.414000 8
2025.623500 3.393505 3.634000 8
2025.626300 5.565004 3.441000 8
2025.629000 -6.035751 3.357000 8
2025.631800 -1.477643 3.277000 8
2025.634500 0.937167 3.361000 8
2025.637200 -2.453759 3.323000 8
2025.640000 -1.341821 3.417000 8
2025.642700 -9.747235 3.371000 8
2025.645400 -4.986408 3.575000 8
2025.648200 -1.515710 3.405000 8
2025.650900 -5.611409 3.376000 8
2025.653700 -2.963229 3.398000 8
2025.656400 -0.266472 3.491000 8
2025.659100 -1.815494 3.312000 8
2025.661900 -1.216618 3.361000 8
2025.664600 -4.152194 3.228000 8
2025.667400 -7.410856 3.266000 8
2025.670100 -3.064985 3.553000 8
2025.672800 -0.254890 3.423000 8
2025.675600 3.013150 3.508000 8
2025.678300 9.119709 3.499000 8
2025.681000 -3.241497 3.365000 8
2025.683800 4.772285 3.381000 8
2025.686500 2.378577 3.517000 8
2025.689300 -1.262110 3.443000 8
2025.692000 8.742712 3.389000 8
2025.694700 1.679807 3.221000 8
2025.697500 -4.413017 3.232000 8
2025.700200 -1.233332 3.446000 8
2025.702900 -4.885340 3.321000 8
2025.705700 -0.194195 3.469000 8
2025.708400 0.080463 3.299000 8
2025.711200 -9.979672 3.362000 8
2025.713900 -2.339290 3.297000 8
2025.716600 -2.809528 3.404000 8
2025.719400 1.650532 3.310000 8
2025.722100 -7.989882 3.302000 8
2025.724800 -2.449865 3.522000 8
2025.727600 -5.754446 3.394000 8
2025.730300 -8.553493 3.314000 8
2025.733100 -1.130062 3.271000 8
2025.735800 1.290908 3.409000 8
2025.738500 0.351409 3.324000 8
2025.741300 -5.135489 3.391000 8
2025.744000 -7.566842 3.199000 8
2025.746700 4.093401 3.357000 8
2025.749500 -5.564620 3.338000 8
2025.752200 -2.569093 3.375000 8
2025.755000 1.252268 3.486000 8
2025.757700 -2.573826 3.335000 8
2025.760400 -1.414206 3.408000 8
2025.763200 -6.379599 3.352000 8
2025.765900 -5.717453 3.337000 8
2025.768700 -5.448211 3.215000 8
2025.771400 -2.821437 3.236000 8
2025.774100 -0.914827 3.194000 8
2025.776900 1.721047 3.393000 8
2025.779600 7.671435 3.457000 8
2025.782300 8.017732 3.278000 8
2025.785100 5.133472 3.437000 8
2025.787800 7.483698 3.168000 8
2025.790600 -3.649511 3.345000 8
2025.793300 -2.261257 3.314000 8
2025.796000 -3.077973 3.206000 8
2025.798800 -5.235934 3.278000 8
2025.801500 -7.327478 3.093000 8
2025.804200 -6.069921 2.986000 8
2025.807000 -3.274417 3.317000 8
2025.809700 0.723449 3.261000 8
2025.812500 2.238394 3.234000 8
2025.815200 -2.158343 3.279000 8
2025.817900 3.535128 3.225000 8
2025.820700 -3.332125 3.175000 8
2025.823400 -1.113136 3.225000 8
2025.826100 -4.990882 3.221000 8
2025.828900 -2.357154 3.284000 8
2025.831600 -1.102272 3.432000 8
2025.834400 -3.293783 3.298000 8
2025.837100 -5.880207 3.020000 8
2025.839800 -0.144286 3.192000 8
2025.842600 -1.478564 3.404000 8
2025.845300 -6.972866 3.247000 8
2025.848000 2.712215 3.314000 8
2025.850800 -1.155713 3.266000 8
2025.853500 -2.277787 3.152000 8
2025.856300 -6.049745 3.134000 8
2025.859000 -5.439940 3.188000 8
2025.861700 -5.742711 3.345000 8
2025.864500 1.519813 3.747000 8
2025.867200 0.797956 3.496000 8
2025.870000 2.751509 3.395000 8
2025.872700 2.290578 3.327000 8
2025.875400 3.104083 3.353000 8
2025.878200 10.626160 3.186000 8
2025.880900 2.903588 3.282000 8
2025.883600 1.470447 3.076000 8
2025.886400 0.131028 3.121000 8
2025.889100 -5.309217 3.105000 8
2025.891900 -2.627645 3.244000 8
2025.894600 0.150977 3.127000 8
2025.897300 -3.992007 3.352000 8
2025.900100 -4.990050 3.247000 8
2025.902800 -9.547234 3.014000 8
2025.905500 -10.649063 3.102000 8
2025.908300 -4.979841 3.240000 8
2025.911000 -2.181960 3.310000 8
2025.913800 -0.933966 3.113000 8
2025.916500 -4.469449 3.375000 8
2025.919200 1.919330 3.197000 8
2025.922000 -0.866699 3.147000 8
2025.924700 -5.186416 3.339000 8
2025.927400 -4.537942 3.335000 8
2025.930200 -0.796219 3.188000 8
2025.932900 -0.811399 3.220000 8
2025.935700 -5.084303 3.169000 8
2025.938400 -6.431255 3.382000 8
2025.941100 -0.946161 3.306000 8
2025.943900 -4.923770 3.359000 8
2025.946600 -6.851646 3.324000 8
2025.949300 -1.082577 3.388000 8
2025.952100 -3.607212 3.325000 8
2025.954800 -5.441332 3.255000 8
2025.957600 -0.991171 3.311000 8
2025.960300 -2.539638 3.411000 8
2025.963000 -1.640356 3.347000 8
2025.965800 2.675166 3.245000 8
2025.968500 -2.770153 3.298000 8
2025.971300 0.475726 3.173000 8
2025.974000 -4.553377 3.315000 8
2025.976700 -4.718951 3.256000 8
2025.979500 4.802592 3.298000 8
2025.982200 10.717950 3.301000 8
2025.984900 7.584694 3.333000 8
2025.987700 5.049449 3.194000 8
2025.990400 -3.403176 3.129000 8
2025.993200 -3.166873 3.171000 8
2025.995900 -6.027075 3.295000 8
2025.998600 -4.345147 3.265000 8
2026.001400 -5.026437 3.201000 8
2026.004100 -7.426408 3.357000 8
2026.006800 1.065590 3.253000 8
2026.009600 -1.369798 3.229000 8
2026.012300 8.785970 3.371000 8
2026.015100 -6.823774 3.164000 8
2026.017800 0.193538 3.261000 8
2026.020500 0.604542 3.332000 8
2026.023300 0.564829 3.329000 8
2026.026000 -7.710965 3.162000 8
2026.028700 -10.825235 3.121000 8
2026.031500 -11.212448 3.301000 8
2026.034200 -7.178861 3.293000 8
2026.037000 -6.116379 3.110000 8
2026.039700 -4.522166 3.266000 8
2026.042400 -5.034712 3.264000 8
2026.045200 -2.866621 3.248000 8
2026.047900 -6.620884 3.209000 8
2026.050700 -4.203692 3.309000 8
2026.053400 -7.900900 3.578000 8
2026.056100 -3.321146 3.998000 8
2026.058900 -1.724221 3.241000 8
2026.061600 -2.237746 3.316000 8
2026.064300 1.650530 3.264000 8
2026.067100 -5.119321 3.187000 8
2026.069800 -4.991649 3.284000 8
2026.072600 -7.344311 3.298000 8
2026.075300 -6.094455 3.135000 8
2026.078000 -7.722056 3.376000 8
2026.080800 -3.265308 3.344000 8
2026.083500 -7.810029 3.305000 8
2026.086200 -6.170353 3.211000 8
2026.089000 -1.462653 3.140000 8
2026.091700 -6.397384 3.244000 8
2026.094500 -5.883314 3.235000 8
2026.097200 -9.017635 3.496000 8
2026.099900 -3.409782 3.165000 8
2026.102700 -1.904463 3.071000 8
2026.105400 -5.664456 3.340000 8
2026.108100 0.132604 3.202000 8
2026.110900 0.486793 3.433000 8
2026.113600 8.470774 3.290000 8
2026.116400 2.341656 3.252000 8
2026.119100 3.125415 3.109000 8
2026.121800 -0.088949 3.278000 8
2026.124600 5.748252 3.313000 8
2026.127300 7.893473 3.242000 8
2026.130000 9.588484 3.244000 8
2026.132800 12.625725 3.153000 8
2026.135500 9.799155 3.031000 8
2026.138300 7.232595 3.242000 8
2026.141000 -1.903652 3.184000 8
2026.143700 -0.151225 3.091000 8
2026.146500 -6.314112 3.311000 8
2026.149200 -0.855480 3.062000 8
2026.152000 6.526627 3.308000 8
2026.154700 0.629402 3.154000 8
2026.157400 -1.290226 3.277000 8
2026.160200 0.239314 3.240000 8
2026.162900 0.700761 3.223000 8
2026.165600 6.354779 3.244000 8
2026.168400 2.303672 3.193000 8
2026.171100 0.545728 3.240000 8
2026.173900 2.440469 3.139000 8
2026.176600 -0.961443 3.216000 8
2026.179300 0.374206 3.294000 8
2026.182100 -2.088728 3.162000 8
2026.184800 -0.572032 3.218000 8
2026.187500 0.538241 3.077000 8
2026.190300 -2.904323 3.181000 8
2026.193000 -3.278957 3.187000 8
2026.195800 -1.652587 3.159000 8
2026.198500 1.626918 3.037000 8
2026.201200 -3.832941 3.132000 8
2026.204000 -4.957015 3.248000 8
2026.206700 -3.338637 3.099000 8
2026.209400 -2.048569 3.151000 8
2026.212200 -6.026916 3.088000 8
2026.214900 -7.298486 3.250000 8
2026.217700 -7.369592 3.243000 8
2026.220400 -0.646700 3.150000 8
2026.223100 -5.944996 2.979000 8
2026.225900 -4.707991 3.006000 8
2026.228600 -3.186654 3.272000 8
2026.231300 -0.699415 3.282000 8
2026.234100 -2.819013 3.063000 8
2026.236800 -1.546944 3.075000 8
