2006.557200 -9.467465 3.233000 8
2006.559900 -6.510132 3.049000 8
2006.562600 -9.211794 3.060000 8
2006.565400 -6.004505 3.062000 8
2006.568100 -6.360047 3.026000 8
2006.570800 -13.176514 3.064000 8
2006.573600 -10.403840 3.094000 8
2006.576300 -11.434049 3.077000 8
2006.579100 -7.761988 3.014000 8
2006.581800 -11.348853 3.030000 8
2006.584500 -6.811536 3.059000 8
2006.587300 -4.608753 3.247000 8
2006.590000 -6.270969 3.389000 8
2006.592700 -8.825946 3.165000 8
2006.595500 -14.648259 3.205000 8
2006.598200 -6.045654 3.170000 8
2006.601000 -13.347253 3.010000 8
2006.603700 -8.527995 3.076000 8
2006.606400 -12.876409 3.027000 8
2006.609200 -8.667826 3.075000 8
2006.611900 -6.803486 3.085000 8
2006.614600 -9.929771 3.035000 8
2006.617400 -1.641856 3.070000 8
2006.620100 -10.200293 3.181000 8
2006.622900 -8.666395 3.028000 8
2006.625600 -12.159925 2.985000 8
2006.628300 -9.825009 3.100000 8
2006.631100 -13.423552 3.088000 8
2006.633800 -10.799646 3.040000 8
2006.636600 -6.118063 3.103000 8
2006.639300 -9.713117 3.110000 8
2006.642000 -8.734659 3.015000 8
2006.644800 -10.001318 3.050000 8
2006.647500 -5.262748 3.131000 8
2006.650200 -6.398632 3.335000 8
2006.653000 -5.271424 3.252000 8
2006.655700 -6.392128 3.381000 8
2006.658500 -8.352600 3.311000 8
2006.661200 -9.734080 3.236000 8
2006.663900 -6.271964 3.186000 8
2006.666700 -7.038405 3.295000 8
2006.669400 -3.766006 3.211000 8
2006.672100 -9.916981 3.291000 8
2006.674900 -14.066303 3.228000 8
2006.677600 -12.095940 3.280000 8
2006.680400 -10.693781 3.242000 8
2006.683100 -9.487044 3.274000 8
2006.685800 -8.163639 3.305000 8
2006.688600 -8.149225 3.192000 8
2006.691300 -10.049395 3.099000 8
2006.694000 -3.467874 3.160000 8
2006.696800 -6.748130 3.062000 8
2006.699500 -8.313138 3.231000 8
2006.702300 -3.282780 3.201000 8
2006.705000 -6.455288 3.092000 8
2006.707700 -8.660068 3.056000 8
2006.710500 -6.327265 2.977000 8
2006.713200 -3.059503 2.998000 8
2006.715900 -6.346992 3.061000 8
2006.718700 -7.125683 3.026000 8
2006.721400 -8.886591 3.093000 8
2006.724200 -4.341554 3.178000 8
2006.726900 -7.656856 3.124000 8
2006.729600 -6.034379 3.132000 8
2006.732400 -6.033740 3.048000 8
2006.735100 -9.225621 3.003000 8
2006.737900 -5.310194 2.990000 8
2006.740600 0.308588 3.017000 8
2006.743300 -3.190824 3.122000 8
2006.746100 -2.110708 3.122000 8
2006.748800 -2.650426 3.062000 8
2006.751500 -7.740323 3.094000 8
2006.754300 -7.458474 3.196000 8
2006.757000 -1.790649 3.067000 8
2006.759800 -11.490931 3.107000 8
2006.762500 -10.022367 3.106000 8
2006.765200 -6.039961 3.109000 8
2006.768000 -11.982443 3.077000 8
2006.770700 -5.485275 3.111000 8
2006.773400 -5.944256 3.220000 8
2006.776200 -9.089906 3.113000 8
2006.778900 -6.980105 3.105000 8
2006.781700 -0.603827 3.094000 8
2006.784400 -1.624234 3.073000 8
2006.787100 -2.739776 3.139000 8
2006.789900 -3.544625 3.067000 8
2006.792600 -0.936361 3.153000 8
2006.795300 0.323772 3.057000 8
2006.798100 -6.594187 3.116000 8
2006.800800 -4.476241 3.155000 8
2006.803600 -1.372245 2.995000 8
2006.806300 -3.243484 3.114000 8
2006.809000 -7.495850 3.143000 8
2006.811800 -4.941955 3.194000 8
2006.814500 -4.921506 3.211000 8
2006.817200 -9.877187 3.170000 8
2006.820000 -10.928399 3.141000 8
2006.822700 -8.410273 3.048000 8
2006.825500 -5.705541 3.094000 8
2006.828200 -4.077616 3.075000 8
2006.830900 -7.219830 3.010000 8
2006.833700 -8.575239 3.023000 8
2006.836400 -11.305674 3.199000 8
2006.839200 -8.612171 3.130000 8
2006.841900 -6.343843 3.059000 8
2006.844600 -10.497675 3.047000 8
2006.847400 -12.417378 3.026000 8
2006.850100 -6.196480 3.063000 8
2006.852800 -9.685759 3.334000 8
2006.855600 -8.456724 3.236000 8
2006.858300 -7.458314 3.286000 8
2006.861100 -8.303469 3.292000 8
2006.863800 -7.046402 3.301000 8
2006.866500 -0.447552 3.468000 8
2006.869300 -1.539096 3.342000 8
2006.872000 -6.149647 3.123000 8
2006.874700 -0.925446 3.232000 8
2006.877500 -5.307474 3.055000 8
2006.880200 -3.448741 3.091000 8
2006.883000 -7.644132 3.080000 8
2006.885700 -5.769918 3.073000 8
2006.888400 -8.892016 3.148000 8
2006.891200 -16.365090 3.054000 8
2006.893900 -10.967792 3.190000 8
2006.896600 -7.038852 3.251000 8
2006.899400 -5.373750 3.055000 8
2006.902100 -6.614513 3.102000 8
2006.904900 -6.228030 3.046000 8
2006.907600 -6.249568 3.020000 8
2006.910300 -4.926551 3.073000 8
2006.913100 -9.867172 3.094000 8
2006.915800 -8.923050 3.017000 8
2006.918500 -7.204434 3.080000 8
2006.921300 -11.459352 2.989000 8
2006.924000 -11.122762 3.126000 8
2006.926800 -7.655643 3.032000 8
2006.929500 -9.701173 3.040000 8
2006.932200 -8.804326 2.970000 8
2006.935000 -2.152872 3.043000 8
2006.937700 -8.210298 2.990000 8
2006.940500 -4.183071 3.047000 8
2006.943200 -8.911880 3.039000 8
2006.945900 -7.963446 3.056000 8
2006.948700 -10.208307 3.004000 8
2006.951400 -8.044430 2.970000 8
2006.954100 -9.682400 3.428000 8
2006.956900 -4.012626 3.132000 8
2006.959600 -11.311340 2.902000 8
2006.962400 -5.742296 3.051000 8
2006.965100 -5.571888 3.003000 8
2006.967800 -9.427488 2.962000 8
2006.970600 -7.258322 2.975000 8
2006.973300 -9.963007 3.055000 8
2006.976000 -8.052807 3.022000 8
2006.978800 -11.541850 2.967000 8
2006.981500 -7.371955 2.994000 8
2006.984300 0.878679 3.079000 8
2006.987000 -1.886888 3.235000 8
2006.989700 -5.571757 3.113000 8
2006.992500 -6.355926 3.144000 8
2006.995200 -6.109495 3.129000 8
2006.997900 -3.672486 3.117000 8
2007.000700 -9.837837 3.148000 8
2007.003400 -6.792779 3.229000 8
2007.006200 -3.922130 3.142000 8
2007.008900 0.314805 3.194000 8
2007.011600 -7.304895 3.135000 8
2007.014400 -6.997095 3.071000 8
2007.017100 -11.579183 3.076000 8
2007.019800 -8.842038 3.042000 8
2007.022600 -10.394504 3.030000 8
2007.025300 -7.463022 3.061000 8
2007.028100 -3.084236 3.116000 8
2007.030800 -5.431605 2.933000 8
2007.033500 -4.266970 2.875000 8
2007.036300 -4.727173 2.890000 8
2007.039000 -11.139675 2.857000 8
2007.041800 -6.161119 3.014000 8
2007.044500 -1.636952 2.974000 8
2007.047200 -7.529019 3.104000 8
2007.050000 -4.999201 3.097000 8
2007.052700 -2.064892 3.125000 8
2007.055400 2.512038 2.929000 8
2007.058200 -2.109338 2.960000 8
2007.060900 -4.446329 2.926000 8
2007.063700 -8.364764 2.961000 8
2007.066400 -8.464876 3.026000 8
2007.069100 -3.282612 2.908000 8
2007.071900 -3.133011 2.954000 8
2007.074600 -5.126166 2.905000 8
2007.077300 -4.572092 2.929000 8
2007.080100 -4.716918 2.926000 8
2007.082800 0.116438 2.880000 8
2007.085600 -3.205273 3.058000 8
2007.088300 -1.980834 2.962000 8
2007.091000 -9.219410 2.994000 8
2007.093800 -6.975313 2.996000 8
2007.096500 -6.796100 2.912000 8
2007.099200 -5.741044 2.996000 8
2007.102000 -1.234592 2.847000 8
2007.104700 -6.804037 3.050000 8
2007.107500 -3.698278 3.135000 8
2007.110200 1.028584 2.840000 8
2007.112900 -6.246945 2.983000 8
2007.115700 -3.202565 2.902000 8
2007.118400 -6.093065 2.892000 8
2007.121100 -6.534090 2.874000 8
2007.123900 -5.766515 2.862000 8
2007.126600 -3.473782 2.955000 8
2007.129400 -0.351660 2.977000 8
2007.132100 -2.786344 2.826000 8
2007.134800 2.127231 2.895000 8
2007.137600 1.571871 2.842000 8
2007.140300 -2.018225 3.049000 8
2007.143100 -4.422477 2.979000 8
2007.145800 -4.534406 2.892000 8
2007.148500 -5.311275 2.918000 8
2007.151300 -4.293636 3.086000 8
2007.154000 -7.797571 2.939000 8
2007.156700 3.309444 2.947000 8
2007.159500 0.436627 2.904000 8
2007.162200 -5.346641 2.992000 8
2007.165000 -0.596972 3.036000 8
2007.167700 -6.762661 3.161000 8
2007.170400 -5.726568 3.102000 8
2007.173200 -7.091884 3.009000 8
2007.175900 0.099598 3.036000 8
2007.178600 -1.667228 3.128000 8
2007.181400 -2.698811 3.005000 8
2007.184100 -1.068422 3.024000 8
2007.186900 -5.888024 3.058000 8
2007.189600 -3.811526 2.954000 8
2007.192300 -3.142467 2.975000 8
2007.195100 0.754256 2.933000 8
2007.197800 0.097282 2.990000 8
2007.200500 -1.074195 2.946000 8
2007.203300 -3.788354 2.910000 8
2007.206000 -1.530988 2.925000 8
2007.208800 1.309467 2.929000 8
2007.211500 -3.464395 2.967000 8
2007.214200 1.663153 3.003000 8
2007.217000 1.861452 2.984000 8
2007.219700 6.803683 2.952000 8
2007.222500 1.403443 2.947000 8
2007.225200 3.850309 2.920000 8
2007.227900 -3.098473 2.878000 8
2007.230700 -1.901053 2.907000 8
2007.233400 -0.601253 3.005000 8
2007.236100 0.462877 2.999000 8
2007.238900 -4.695108 3.030000 8
2007.241600 -1.866429 2.913000 8
2007.244400 -3.500073 2.800000 8
2007.247100 3.036148 2.981000 8
2007.249800 5.573687 2.967000 8
2007.252600 -1.682399 2.894000 8
2007.255300 0.011684 2.957000 8
2007.258000 -3.479906 2.914000 8
2007.260800 -0.995411 2.969000 8
2007.263500 -3.947431 2.914000 8
2007.266300 1.404446 2.979000 8
2007.269000 -0.471976 2.902000 8
2007.271700 -2.475037 2.965000 8
2007.274500 0.572532 2.935000 8
2007.277200 1.385130 2.955000 8
2007.279900 -4.201875 2.907000 8
2007.282700 -2.257505 2.976000 8
2007.285400 -1.857770 2.864000 8
2007.288200 -1.803823 2.912000 8
2007.290900 -7.018283 3.023000 8
2007.293600 -6.186268 2.951000 8
2007.296400 -3.478267 2.917000 8
2007.299100 0.394667 2.896000 8
2007.301800 -1.416862 2.976000 8
2007.304600 -4.366619 3.078000 8
2007.307300 -7.306098 3.009000 8
2007.310100 -8.104938 2.991000 8
2007.312800 -5.822267 3.002000 8
2007.315500 -4.368940 2.984000 8
2007.318300 -1.115158 2.915000 8
2007.321000 -2.815520 3.009000 8
2007.323800 -5.342542 2.971000 8
2007.326500 -3.113478 2.968000 8
2007.329200 -6.530613 2.951000 8
2007.332000 -6.943563 3.034000 8
2007.334700 -5.691085 3.014000 8
2007.337400 -7.387711 2.946000 8
2007.340200 -4.266289 2.977000 8
2007.342900 -2.425100 2.982000 8
2007.345700 -6.881945 2.967000 8
2007.348400 -7.094799 3.035000 8
2007.351100 -6.540584 2.998000 8
2007.353900 -2.908510 3.183000 8
2007.356600 -6.378116 3.136000 8
2007.359300 -9.091541 2.925000 8
2007.362100 -5.369197 2.967000 8
2007.364800 -7.528212 3.072000 8
2007.367600 -9.088506 3.070000 8
2007.370300 -10.557948 2.941000 8
2007.373000 -7.630013 2.955000 8
2007.375800 -3.720417 3.114000 8
2007.378500 -10.414663 2.966000 8
2007.381200 -9.491407 3.077000 8
2007.384000 -10.611534 3.024000 8
2007.386700 -3.792205 3.021000 8
2007.389500 -4.272277 3.012000 8
2007.392200 -0.906701 3.013000 8
2007.394900 -8.951413 2.952000 8
2007.397700 -1.787539 3.011000 8
2007.400400 -7.702740 3.011000 8
2007.403100 -3.754100 3.056000 8
2007.405900 -5.966871 2.983000 8
2007.408600 -5.234454 3.060000 8
2007.411400 -6.321439 2.990000 8
2007.414100 -5.831067 3.057000 8
2007.416800 -7.741633 3.101000 8
2007.419600 -0.734572 2.940000 8
2007.422300 -2.162915 3.116000 8
2007.425100 -2.959602 3.087000 8
2007.427800 -5.252541 3.129000 8
2007.430500 -4.384197 3.078000 8
2007.433300 -7.994145 3.014000 8
2007.436000 -0.217130 3.030000 8
2007.438700 -3.411702 3.096000 8
2007.441500 -4.935498 3.134000 8
2007.444200 -7.213133 2.983000 8
2007.447000 -10.736941 3.060000 8
2007.449700 -6.527463 2.946000 8
2007.452400 -6.543356 3.042000 8
2007.455200 -9.476334 3.051000 8
2007.457900 -5.348855 3.054000 8
2007.460600 -5.603621 2.975000 8
2007.463400 -3.554372 2.958000 8
2007.466100 -11.435511 3.019000 8
2007.468900 -8.397561 3.092000 8
2007.471600 -8.320907 3.011000 8
2007.474300 -5.986292 2.986000 8
2007.477100 -3.870471 3.203000 8
2007.479800 -6.152819 3.014000 8
2007.482500 -8.714089 3.030000 8
2007.485300 -9.351024 3.085000 8
2007.488000 -7.265019 3.068000 8
2007.490800 -2.554589 2.963000 8
2007.493500 -6.340154 3.109000 8
2007.496200 -3.045452 3.068000 8
2007.499000 -5.508183 2.959000 8
2007.501700 -11.125828 2.968000 8
2007.504400 -10.112100 3.054000 8
2007.507200 -8.023653 3.092000 8
2007.509900 -4.594056 3.090000 8
2007.512700 -7.395636 3.152000 8
2007.515400 -3.120032 2.997000 8
2007.518100 0.336116 3.024000 8
2007.520900 -7.508752 3.127000 8
2007.523600 -8.242397 3.109000 8
2007.526400 -8.225947 3.057000 8
2007.529100 -9.916257 2.986000 8
2007.531800 -11.344867 3.052000 8
2007.534600 -4.398209 3.175000 8
2007.537300 -3.236300 3.129000 8
2007.540000 -1.119603 3.158000 8
2007.542800 -2.472462 2.999000 8
2007.545500 -9.473073 3.104000 8
2007.548300 -1.941120 3.068000 8
2007.551000 -1.001928 3.116000 8
2007.553700 -6.745812 3.082000 8
2007.556500 -1.455948 3.130000 8
2007.559200 -3.189872 3.032000 8
2007.561900 0.847203 3.144000 8
2007.564700 1.172213 3.108000 8
2007.567400 -3.976604 3.031000 8
2007.570200 1.740641 3.087000 8
2007.572900 3.793026 3.111000 8
2007.575600 -1.592476 3.043000 8
2007.578400 -0.106724 3.112000 8
2007.581100 1.279108 3.109000 8
2007.583800 -0.125883 3.094000 8
2007.586600 3.000574 3.109000 8
2007.589300 -2.938960 3.148000 8
2007.592100 -1.251913 3.075000 8
2007.594800 -3.112913 3.128000 8
2007.597500 -2.970641 3.139000 8
2007.600300 -7.131589 3.067000 8
2007.603000 4.530328 3.216000 8
2007.605700 0.341568 3.069000 8
2007.608500 -1.395212 3.017000 8
2007.611200 -4.511227 2.972000 8
2007.614000 -4.185126 3.011000 8
2007.616700 -4.574330 3.224000 8
2007.619400 -2.788133 3.222000 8
2007.622200 -1.936618 3.113000 8
2007.624900 0.398479 3.136000 8
2007.627700 1.646030 3.312000 8
2007.630400 -4.054918 3.327000 8
2007.633100 -2.304396 3.040000 8
2007.635900 -6.490214 3.076000 8
2007.638600 -4.162657 3.142000 8
2007.641300 0.023407 3.026000 8
2007.644100 -2.062662 3.245000 8
2007.646800 -2.350490 3.200000 8
2007.649600 -3.908313 3.147000 8
2007.652300 0.179012 3.304000 8
2007.655000 -2.494099 3.248000 8
2007.657800 4.580004 3.287000 8
2007.660500 -5.092889 3.237000 8
2007.663200 -2.927188 3.249000 8
2007.666000 -3.015062 3.222000 8
2007.668700 -4.285083 3.234000 8
2007.671500 -1.107538 3.122000 8
2007.674200 -0.590242 3.304000 8
2007.676900 -2.855306 3.257000 8
2007.679700 -1.445592 3.267000 8
2007.682400 -1.829287 3.207000 8
2007.685100 -4.691314 3.275000 8
2007.687900 0.044648 3.523000 8
2007.690600 -6.277960 3.220000 8
2007.693400 -5.546435 3.208000 8
2007.696100 -8.556592 3.269000 8
2007.698800 -0.172043 3.306000 8
2007.701600 -6.676147 3.278000 8
2007.704300 -2.482102 3.391000 8
2007.707000 -2.088331 3.292000 8
2007.709800 -7.873995 3.227000 8
2007.712500 -3.174685 3.230000 8
2007.715300 -8.254667 3.038000 8
2007.718000 -3.266792 3.041000 8
2007.720700 6.815843 3.076000 8
2007.723500 -7.076596 2.964000 8
2007.726200 -2.066358 2.993000 8
2007.729000 -0.510049 3.010000 8
2007.731700 -1.152184 3.081000 8
2007.734400 -2.603530 3.024000 8
2007.737200 4.151414 3.062000 8
2007.739900 -1.258272 2.993000 8
2007.742600 -3.122152 2.997000 8
2007.745400 0.861476 3.074000 8
2007.748100 -2.909713 3.222000 8
2007.750900 0.847753 3.260000 8
2007.753600 1.553275 3.132000 8
2007.756300 1.606625 3.131000 8
2007.759100 -0.242150 3.018000 8
2007.761800 -4.710062 3.159000 8
2007.764500 -1.233134 3.167000 8
2007.767300 -2.507113 3.394000 8
2007.770000 -0.944425 3.233000 8
2007.772800 2.951503 3.323000 8
2007.775500 -4.516035 3.043000 8
2007.778200 7.247285 3.089000 8
2007.781000 -1.573939 3.046000 8
2007.783700 0.671172 2.989000 8
2007.786400 3.419146 2.966000 8
2007.789200 1.891795 3.189000 8
2007.791900 0.114574 3.150000 8
2007.794700 5.067171 3.066000 8
2007.797400 3.059759 3.049000 8
2007.800100 -4.071780 3.149000 8
2007.802900 -3.858287 3.046000 8
2007.805600 -10.698012 3.164000 8
2007.808400 -8.112562 3.062000 8
2007.811100 -5.160472 3.101000 8
2007.813800 -1.286508 3.167000 8
2007.816600 -4.061163 3.160000 8
2007.819300 -3.317389 3.071000 8
2007.822000 -3.066746 3.014000 8
2007.824800 -1.081516 3.090000 8
2007.827500 -9.266074 3.165000 8
2007.830300 -4.122909 3.092000 8
2007.833000 -4.225678 2.900000 8
2007.835700 -5.185593 3.008000 8
2007.838500 -5.601587 2.941000 8
2007.841200 -7.540737 2.952000 8
2007.843900 -4.448046 2.930000 8
2007.846700 -6.333242 3.039000 8
2007.849400 -4.767816 2.962000 8
2007.852200 -3.874153 3.158000 8
2007.854900 -3.875020 2.999000 8
2007.857600 -3.939077 2.972000 8
2007.860400 0.231284 3.004000 8
2007.863100 0.037888 2.955000 8
2007.865800 -4.904723 2.933000 8
2007.868600 -7.916743 3.039000 8
2007.871300 -6.434749 2.981000 8
2007.874100 -3.697051 3.002000 8
2007.876800 -3.869496 2.951000 8
2007.879500 -0.848210 3.030000 8
2007.882300 -7.866061 2.962000 8
2007.885000 -10.571287 3.006000 8
2007.887700 -4.200821 3.063000 8
2007.890500 -10.367343 2.843000 8
2007.893200 0.321525 3.028000 8
2007.896000 -1.455501 3.027000 8
2007.898700 -4.720293 3.075000 8
2007.901400 -5.579471 2.979000 8
2007.904200 -5.623414 2.936000 8
2007.906900 -2.453359 2.937000 8
2007.909700 -5.441987 2.944000 8
2007.912400 -4.586775 2.957000 8
2007.915100 -2.833043 2.956000 8
2007.917900 0.163114 2.947000 8
2007.920600 -2.146124 3.131000 8
2007.923300 -8.841907 3.107000 8
2007.926100 -6.021170 3.010000 8
2007.928800 -0.667060 3.028000 8
2007.931600 4.499625 3.060000 8
2007.934300 -1.653474 2.972000 8
2007.937000 3.259759 3.155000 8
2007.939800 -0.028362 3.128000 8
2007.942500 -0.364497 3.109000 8
2007.945200 -4.297383 3.009000 8
2007.948000 2.379433 3.059000 8
2007.950700 -0.604994 3.077000 8
2007.953500 1.956308 3.107000 8
2007.956200 0.636215 3.007000 8
2007.958900 -0.163779 3.121000 8
2007.961700 -0.750016 3.188000 8
2007.964400 0.420129 3.258000 8
2007.967100 -1.599725 3.218000 8
2007.969900 0.882188 3.112000 8
2007.972600 -5.035733 3.086000 8
2007.975400 -6.069892 3.156000 8
2007.978100 -3.763027 3.094000 8
2007.980800 -4.188340 2.976000 8
2007.983600 -0.378910 3.152000 8
2007.986300 -0.566664 3.118000 8
2007.989000 -2.410710 3.104000 8
2007.991800 0.569948 3.054000 8
2007.994500 1.241223 3.072000 8
2007.997300 -2.137835 3.170000 8
2008.000000 -4.486405 3.161000 8
2008.002700 -2.037471 3.004000 8
2008.005500 2.056060 3.036000 8
2008.008200 -0.210107 3.146000 8
2008.011000 5.212266 2.994000 8
2008.013700 -0.685179 3.102000 8
2008.016400 -0.844335 3.012000 8
2008.019200 -0.230054 3.096000 8
2008.021900 -0.308758 3.177000 8
2008.024600 -7.322309 3.102000 8
2008.027400 -3.194544 2.989000 8
2008.030100 -1.771921 3.114000 8
2008.032900 -2.643075 3.060000 8
2008.035600 -6.276469 3.016000 8
2008.038300 -0.135943 3.007000 8
2008.041100 -1.626346 3.111000 8
2008.043800 -0.083125 3.120000 8
2008.046500 1.029873 3.096000 8
2008.049300 -4.031228 2.985000 8
2008.052000 -1.911829 3.046000 8
2008.054800 -2.617654 2.941000 8
2008.057500 -3.181052 3.020000 8
2008.060200 -3.588915 3.004000 8
2008.063000 -2.966204 2.970000 8
2008.065700 -1.715162 3.054000 8
2008.068400 0.081269 2.967000 8
2008.071200 -0.554945 3.165000 8
2008.073900 3.675092 3.125000 8
2008.076700 -0.349672 4.357000 8
2008.093100 -1.643332 2.982000 8
2008.095800 0.910173 3.080000 8
2008.098600 -1.310809 3.199000 8
2008.101300 -2.488685 3.138000 8
2008.104000 -3.733802 3.113000 8
2008.106800 -4.681689 3.134000 8
2008.109500 -2.693473 3.061000 8
2008.112300 -1.512226 3.087000 8
2008.115000 -1.135867 3.082000 8
2008.117700 1.538022 3.192000 8
2008.120500 1.563640 3.128000 8
2008.123200 -4.023602 3.141000 8
2008.125900 0.239554 3.065000 8
2008.128700 -1.094875 3.038000 8
2008.131400 -3.165115 2.931000 8
2008.134200 0.761845 2.982000 8
2008.136900 -3.858962 3.066000 8
2008.139600 0.012419 3.030000 8
2008.142400 -2.612328 3.063000 8
2008.145100 0.377239 3.017000 8
2008.147800 -5.673123 3.090000 8
2008.150600 -4.807948 3.053000 8
2008.153300 -9.365357 3.122000 8
2008.156100 -7.383456 3.052000 8
2008.158800 -2.743060 3.114000 8
2008.161500 -3.033776 3.068000 8
2008.164300 -2.871524 3.123000 8
2008.167000 -1.032643 3.128000 8
2008.169700 -4.010972 3.013000 8
2008.172500 -5.027680 3.020000 8
2008.175200 -5.708605 3.223000 8
2008.178000 -4.556142 2.986000 8
2008.180700 -2.236783 3.126000 8
2008.183400 -5.088779 3.045000 8
2008.186200 -4.637735 2.989000 8
2008.188900 -4.232610 3.058000 8
2008.191600 -5.315916 3.021000 8
2008.194400 -2.269530 3.052000 8
2008.197100 -1.369858 3.146000 8
2008.199900 2.313274 3.058000 8
2008.202600 1.673837 3.088000 8
2008.205300 4.651863 3.102000 8
2008.208100 -3.751992 3.283000 8
2008.210800 -7.850185 3.154000 8
2008.213600 -5.331488 3.149000 8
2008.216300 -4.353963 3.019000 8
2008.219000 -5.340053 3.051000 8
2008.221800 -6.930586 3.074000 8
2008.224500 -7.392034 3.114000 8
2008.227200 -3.821129 2.995000 8
2008.230000 -1.422994 3.155000 8
2008.232700 -1.335503 3.138000 8
2008.235500 -1.728998 3.206000 8
2008.238200 -0.597947 3.053000 8
2008.240900 2.669428 3.035000 8
2008.243700 -2.395496 3.121000 8
2008.246400 -3.289580 3.053000 8
2008.249100 -3.189346 3.015000 8
2008.251900 -4.176712 3.055000 8
2008.254600 -3.367935 2.961000 8
2008.257400 -2.914954 3.013000 8
2008.260100 1.778380 2.997000 8
2008.262800 -3.037951 3.033000 8
2008.265600 -1.825360 3.011000 8
2008.268300 -1.843097 3.086000 8
2008.271000 1.260525 3.087000 8
2008.273800 0.330800 3.042000 8
2008.276500 -3.240925 3.082000 8
2008.279300 -5.128170 3.032000 8
2008.282000 -2.428191 3.015000 8
2008.284700 -2.253791 3.055000 8
2008.287500 -2.320157 3.186000 8
2008.290200 -2.702960 3.058000 8
2008.293000 -4.557686 2.962000 8
2008.295700 -5.661620 3.048000 8
2008.298400 -0.044044 3.181000 8
2008.301200 -0.897609 3.049000 8
2008.303900 -1.144039 3.121000 8
2008.306600 2.120107 3.002000 8
2008.309400 -3.199092 3.065000 8
2008.312100 -6.618810 3.029000 8
2008.314900 -3.974999 3.015000 8
2008.317600 -4.525476 3.114000 8
2008.320300 -7.347248 3.118000 8
2008.323100 -5.172665 3.055000 8
2008.325800 0.065975 3.100000 8
2008.328500 1.423407 2.989000 8
2008.331300 3.111037 3.038000 8
2008.334000 -0.073934 3.094000 8
2008.336800 -1.391801 2.990000 8
2008.339500 -0.517042 3.006000 8
2008.342200 -4.207328 3.039000 8
2008.345000 -7.640638 2.976000 8
2008.347700 -0.497985 3.039000 8
2008.350400 0.488727 3.058000 8
2008.353200 -2.140694 2.881000 8
2008.355900 3.362178 2.919000 8
2008.358700 6.753854 2.986000 8
2008.361400 1.740040 3.021000 8
2008.364100 -1.052527 3.093000 8
2008.366900 -2.540368 3.074000 8
2008.369600 -0.431382 3.096000 8
2008.372300 -0.069030 3.241000 8
2008.375100 -1.134013 3.065000 8
2008.377800 -3.979863 3.073000 8
2008.380600 -2.513080 3.130000 8
2008.383300 0.792038 3.082000 8
2008.386000 -1.901270 3.013000 8
2008.388800 9.012022 3.064000 8
2008.391500 7.006939 3.044000 8
2008.394300 4.367445 3.090000 8
2008.397000 3.447761 3.086000 8
2008.399700 4.240867 3.068000 8
2008.402500 1.839557 3.023000 8
2008.405200 -0.814672 3.010000 8
2008.407900 -2.252983 3.038000 8
2008.410700 -0.843696 3.121000 8
2008.413400 -5.898074 3.118000 8
2008.416200 -7.162839 3.040000 8
2008.418900 -3.454104 2.989000 8
2008.421600 -1.547231 3.110000 8
2008.424400 2.247294 3.076000 8
2008.427100 -2.358451 3.112000 8
2008.429800 0.859074 3.128000 8
2008.432600 -1.548697 3.225000 8
2008.435300 -4.125523 3.190000 8
2008.438100 0.344397 3.083000 8
2008.440800 -0.891601 3.202000 8
2008.443500 -1.860111 3.174000 8
2008.446300 -0.575800 3.199000 8
2008.449000 1.761781 3.037000 8
2008.451700 0.970980 3.216000 8
2008.454500 -0.640913 3.104000 8
2008.457200 -2.652364 3.052000 8
2008.460000 1.500158 3.063000 8
2008.462700 3.739230 3.055000 8
2008.465400 1.287129 2.991000 8
2008.468200 -1.296893 3.012000 8
2008.470900 -1.850221 3.039000 8
2008.473600 -4.195601 3.203000 8
2008.476400 -3.418783 3.088000 8
2008.479100 -0.815145 3.058000 8
2008.481900 2.326775 3.049000 8
2008.484600 -0.508409 3.122000 8
2008.487300 -5.465447 3.157000 8
2008.490100 3.133928 3.185000 8
2008.492800 1.764300 3.079000 8
2008.495600 3.303179 3.123000 8
2008.498300 -3.347887 3.086000 8
2008.501000 -2.682624 3.120000 8
2008.503800 -2.157706 3.197000 8
2008.506500 2.264338 3.126000 8
2008.509200 -2.323184 3.053000 8
2008.512000 2.054104 3.083000 8
2008.514700 -0.949427 3.351000 8
2008.517500 5.067958 3.466000 8
2008.520200 0.229551 3.280000 8
2008.522900 1.285744 3.288000 8
2008.525700 -3.010980 3.324000 8
2008.528400 -5.483468 3.147000 8
2008.531100 0.606738 3.228000 8
2008.533900 -1.556803 3.104000 8
2008.536600 -4.521094 3.263000 8
2008.539400 -1.041015 3.043000 8
2008.542100 -0.996686 3.191000 8
2008.544800 2.762482 3.325000 8
2008.547600 1.268198 3.282000 8
2008.550300 4.569154 3.193000 8
2008.553000 2.527028 3.161000 8
2008.555800 1.018635 3.120000 8
2008.558500 -0.301545 3.172000 8
2008.561300 -0.068867 3.301000 8
2008.564000 -1.421998 3.109000 8
2008.566700 -1.309089 3.149000 8
2008.569500 0.317866 3.146000 8
2008.572200 1.556965 3.262000 8
2008.574900 10.515173 3.300000 8
2008.577700 5.983618 3.396000 8
2008.580400 6.029148 3.176000 8
2008.583200 4.192047 3.144000 8
2008.585900 7.619984 3.207000 8
2008.588600 2.400132 3.256000 8
2008.591400 0.516845 3.179000 8
2008.594100 -1.309481 3.126000 8
2008.596900 -3.661111 3.155000 8
2008.599600 -4.665837 3.299000 8
2008.602300 5.260739 3.340000 8
2008.605100 -1.280788 3.241000 8
2008.607800 -0.266508 3.211000 8
2008.610500 -3.524875 3.321000 8
2008.613300 -3.397144 3.233000 8
2008.616000 6.083290 3.364000 8
2008.618800 2.347958 3.219000 8
2008.621500 4.142256 3.153000 8
2008.624200 1.962980 3.317000 8
2008.627000 4.929141 3.288000 8
2008.629700 -0.969186 3.451000 8
2008.632400 3.010954 3.199000 8
2008.635200 1.670736 3.178000 8
2008.637900 7.600904 3.232000 8
2008.640700 -5.673148 3.347000 8
2008.643400 0.872097 3.292000 8
2008.646100 2.897871 3.320000 8
2008.648900 -1.470368 3.271000 8
2008.651600 7.819553 3.263000 8
2008.654300 -0.867964 3.264000 8
2008.657100 3.512715 3.364000 8
2008.659800 2.707410 3.203000 8
2008.662600 2.626442 3.341000 8
2008.665300 4.941390 3.375000 8
2008.668000 0.553950 3.175000 8
2008.670800 0.975058 3.219000 8
2008.673500 2.747929 3.241000 8
2008.676200 0.771439 3.588000 8
2008.679000 0.709708 3.283000 8
2008.681700 -0.843417 3.308000 8
2008.684500 1.810360 3.168000 8
2008.687200 3.946634 3.442000 8
2008.689900 3.975589 3.215000 8
2008.692700 0.647659 3.232000 8
2008.695400 5.940061 3.231000 8
2008.698200 -1.874278 3.310000 8
2008.700900 1.391602 3.219000 8
2008.703600 4.241200 3.335000 8
2008.706400 3.979272 3.194000 8
2008.709100 0.860391 3.316000 8
2008.711800 3.748249 3.350000 8
2008.714600 3.869798 3.313000 8
2008.717300 1.025218 3.302000 8
2008.720100 2.415473 3.258000 8
2008.722800 3.217481 3.145000 8
2008.725500 1.492259 3.242000 8
2008.728300 1.271090 3.305000 8
2008.731000 0.904492 3.189000 8
2008.733700 2.531681 3.183000 8
2008.736500 -1.251858 3.237000 8
2008.739200 0.259990 3.145000 8
2008.742000 -2.495745 3.232000 8
2008.744700 0.277782 3.197000 8
2008.747400 -3.656878 3.206000 8
2008.750200 -3.225902 3.162000 8
2008.752900 1.550147 3.108000 8
2008.755600 -1.046977 3.171000 8
2008.758400 -2.374245 3.225000 8
2008.761100 1.936365 3.144000 8
2008.763900 -2.289021 3.165000 8
2008.766600 -1.414659 3.135000 8
2008.769300 -2.149450 3.370000 8
2008.772100 2.770980 3.186000 8
2008.774800 0.094961 3.145000 8
2008.777500 3.282799 3.052000 8
2008.780300 -2.270925 3.145000 8
2008.783000 -3.063298 3.155000 8
2008.785800 -6.338086 3.110000 8
2008.788500 -5.392660 3.101000 8
2008.791200 -4.805366 3.069000 8
2008.794000 -4.706271 3.131000 8
2008.796700 -4.813168 3.093000 8
2008.799500 -4.919121 3.143000 8
2008.802200 -1.021204 3.093000 8
2008.804900 -2.475414 3.088000 8
2008.807700 -6.864468 3.150000 8
2008.810400 -1.159863 3.156000 8
2008.813100 0.129615 3.066000 8
2008.815900 -1.144542 2.975000 8
2008.818600 -6.539253 3.088000 8
2008.821400 -6.884460 3.255000 8
2008.824100 -7.335366 3.159000 8
2008.826800 -7.176407 3.134000 8
2008.829600 -0.469742 3.150000 8
2008.832300 -4.817993 3.241000 8
2008.835000 -6.117388 3.174000 8
2008.837800 0.503120 3.282000 8
2008.840500 3.270492 3.175000 8
2008.843300 -4.737102 3.282000 8
2008.846000 -3.348982 3.149000 8
2008.848700 -2.494030 3.094000 8
2008.851500 -2.057857 3.035000 8
2008.854200 -3.076194 3.135000 8
2008.856900 -3.429720 3.135000 8
2008.859700 -0.986842 3.114000 8
2008.862400 -3.651702 3.017000 8
2008.865200 -2.456040 3.054000 8
2008.867900 -3.489270 3.168000 8
2008.870600 -0.726734 3.366000 8
2008.873400 0.262494 3.153000 8
2008.876100 -5.449402 3.253000 8
2008.878900 -3.196499 3.145000 8
2008.881600 -2.397875 3.111000 8
2008.884300 -5.487542 3.176000 8
2008.887100 -3.429258 3.185000 8
2008.889800 -5.881485 3.175000 8
2008.892500 -1.596046 3.049000 8
2008.895300 -1.358514 3.195000 8
2008.898000 -2.019727 3.129000 8
2008.900800 -2.766758 3.195000 8
2008.903500 3.300307 3.236000 8
2008.906200 -1.830045 3.063000 8
2008.909000 -3.392090 3.124000 8
2008.911700 2.615725 3.239000 8
2008.914400 -1.382936 3.100000 8
2008.917200 -1.569180 3.147000 8
2008.919900 6.157202 3.135000 8
2008.922700 7.028066 3.180000 8
2008.925400 -2.252601 3.211000 8
2008.928100 -2.323855 3.188000 8
2008.930900 -2.462539 3.282000 8
2008.933600 2.915013 3.243000 8
2008.936300 1.645903 3.177000 8
2008.939100 2.780434 3.162000 8
2008.941800 -4.364030 3.113000 8
2008.944600 -3.663814 3.206000 8
2008.947300 3.030254 3.163000 8
2008.950000 1.318520 3.043000 8
2008.952800 2.262513 2.979000 8
2008.955500 -1.520870 2.984000 8
2008.958200 3.193854 3.013000 8
2008.961000 2.108333 3.084000 8
2008.963700 4.232214 3.106000 8
2008.966500 1.673859 3.204000 8
2008.969200 -4.193240 3.003000 8
2008.971900 -4.674399 3.210000 8
2008.974700 3.043205 3.173000 8
2008.977400 5.899851 2.992000 8
2008.980200 7.994251 3.070000 8
2008.982900 4.614552 3.207000 8
2008.985600 7.360608 3.104000 8
2008.988400 -0.432613 3.009000 8
2008.991100 -0.949135 3.093000 8
2008.993800 3.289980 3.124000 8
2008.996600 1.856769 3.136000 8
2008.999300 3.298060 3.084000 8
2009.002100 1.680981 3.101000 8
2009.004800 2.037279 3.218000 8
2009.007500 3.951007 3.139000 8
2009.010300 5.413283 3.139000 8
2009.013000 2.039756 3.075000 8
2009.015700 3.619530 3.065000 8
2009.018500 -1.766250 3.109000 8
2009.021200 2.903998 3.209000 8
2009.024000 0.582615 3.272000 8
2009.026700 -3.713847 3.123000 8
2009.029400 -4.292236 3.280000 8
2009.032200 -0.546389 3.350000 8
2009.034900 -0.700771 3.215000 8
2009.037600 1.294780 3.261000 8
2009.040400 9.691416 3.175000 8
2009.043100 3.490686 3.125000 8
2009.045900 1.729930 3.157000 8
2009.048600 1.003723 3.096000 8
2009.051300 2.657210 3.180000 8
2009.054100 5.391488 3.196000 8
2009.056800 5.575202 3.062000 8
2009.059500 7.114465 3.338000 8
2009.062300 5.703319 3.057000 8
2009.065000 3.590511 3.123000 8
2009.067800 3.161152 3.077000 8
2009.070500 2.840074 2.975000 8
2009.073200 4.400299 3.120000 8
2009.076000 -1.427256 3.010000 8
2009.078700 0.244400 3.091000 8
2009.081500 0.322114 3.085000 8
2009.084200 2.388000 3.106000 8
2009.086900 5.996946 3.144000 8
2009.089700 2.454695 3.111000 8
2009.092400 1.630576 3.139000 8
2009.095100 7.221370 3.086000 8
2009.097900 0.624701 3.334000 8
2009.100600 8.691138 3.177000 8
2009.103400 10.080924 3.098000 8
2009.106100 5.893811 3.137000 8
2009.108800 7.708377 3.002000 8
2009.111600 4.690000 2.989000 8
2009.114300 1.950733 3.164000 8
2009.117000 -1.242993 3.088000 8
2009.119800 2.430036 2.993000 8
2009.122500 4.933203 3.026000 8
2009.125300 0.440916 3.066000 8
2009.128000 4.733796 3.169000 8
2009.130700 7.742998 3.096000 8
2009.133500 5.742428 3.082000 8
2009.136200 4.033084 3.038000 8
2009.138900 3.732939 3.169000 8
2009.141700 5.744694 3.171000 8
2009.144400 4.235755 3.212000 8
2009.147200 -1.203506 3.198000 8
2009.149900 -0.858396 3.326000 8
2009.152600 -0.755281 3.095000 8
2009.155400 -0.305828 3.142000 8
2009.158100 -0.043890 3.158000 8
2009.160800 2.797945 3.031000 8
2009.163600 -4.052223 3.217000 8
2009.166300 -4.269774 3.254000 8
2009.169100 -0.094561 3.493000 8
2009.171800 -2.486630 3.101000 8
2009.174500 2.066037 3.078000 8
2009.177300 0.504121 3.315000 8
2009.180000 -1.292912 3.121000 8
2009.182800 2.755238 3.187000 8
2009.185500 0.045391 3.062000 8
2009.188200 0.207143 3.059000 8
2009.191000 -1.905269 3.155000 8
2009.193700 -2.636482 3.070000 8
2009.196400 -3.024166 3.100000 8
2009.199200 -1.303360 3.098000 8
2009.201900 5.055857 3.081000 8
2009.204700 -2.117666 3.122000 8
2009.207400 -1.750624 3.060000 8
2009.210100 -1.515149 3.128000 8
2009.212900 -1.243755 3.040000 8
2009.215600 1.862445 3.038000 8
2009.218300 -0.389966 3.051000 8
2009.221100 1.457209 3.036000 8
2009.223800 -0.491556 3.055000 8
2009.226600 -4.597955 3.063000 8
2009.229300 -6.247114 3.028000 8
2009.232000 0.077068 3.021000 8
2009.234800 0.678291 3.066000 8
2009.237500 4.442035 3.235000 8
2009.240200 -0.152896 3.106000 8
2009.243000 3.498901 3.152000 8
2009.245700 2.269511 3.070000 8
2009.248500 4.571646 3.113000 8
2009.251200 2.524795 3.190000 8
2009.253900 -0.017733 3.257000 8
2009.256700 -1.491034 3.056000 8
2009.259400 -3.010008 3.058000 8
2009.262100 -4.177649 3.018000 8
2009.264900 3.373655 3.126000 8
2009.267600 -4.555395 3.101000 8
2009.270400 3.013316 3.026000 8
2009.273100 1.136891 3.036000 8
2009.275800 1.826845 3.095000 8
2009.278600 -4.536701 3.033000 8
2009.281300 -4.726051 3.056000 8
2009.284100 -0.576068 3.022000 8
2009.286800 -0.164662 2.961000 8
2009.289500 -1.621807 3.178000 8
2009.292300 -0.578855 3.028000 8
2009.295000 -1.119141 3.113000 8
2009.297700 -0.873921 3.053000 8
2009.300500 0.511175 3.168000 8
2009.303200 -1.121623 3.104000 8
2009.306000 -0.404683 3.101000 8
2009.308700 2.133594 3.197000 8
2009.311400 2.171489 3.109000 8
2009.314200 1.092929 2.999000 8
2009.316900 -0.373948 3.098000 8
2009.319600 -2.446127 3.075000 8
2009.322400 -1.608938 3.082000 8
2009.325100 1.172279 3.214000 8
2009.327900 4.011757 3.166000 8
2009.330600 -2.080507 3.096000 8
2009.333300 2.330075 3.097000 8
2009.336100 -2.881228 3.199000 8
2009.338800 -2.329932 3.068000 8
2009.341500 -4.468691 3.324000 8
2009.344300 0.970536 3.131000 8
2009.347000 -2.897303 3.074000 8
2009.349800 1.719769 3.029000 8
2009.352500 0.260997 3.079000 8
2009.355200 2.995349 3.067000 8
2009.358000 2.632513 2.972000 8
2009.360700 2.900159 3.163000 8
2009.363400 2.279043 3.019000 8
2009.366200 3.387659 3.193000 8
2009.368900 -2.255926 3.141000 8
2009.371700 4.517176 3.162000 8
2009.374400 -3.966714 3.141000 8
2009.377100 -5.614165 3.088000 8
2009.379900 -7.410980 3.292000 8
2009.382600 -3.864486 3.207000 8
2009.385400 0.742620 3.072000 8
2009.388100 2.527232 3.190000 8
2009.390800 6.479492 3.135000 8
2009.393600 -1.356658 3.177000 8
2009.396300 0.348980 3.122000 8
2009.399000 -3.636605 3.092000 8
2009.401800 2.328395 3.111000 8
2009.404500 5.814453 3.100000 8
2009.407300 1.888101 3.040000 8
2009.410000 -0.094020 3.038000 8
2009.412700 -0.493145 3.175000 8
2009.415500 -3.063659 3.117000 8
2009.418200 1.685306 3.105000 8
2009.420900 -2.493602 3.164000 8
2009.423700 -2.314862 3.186000 8
2009.426400 -6.091411 3.030000 8
2009.429200 0.720720 3.161000 8
2009.431900 -0.525292 3.177000 8
2009.434600 -1.577956 3.100000 8
2009.437400 -2.792879 3.042000 8
2009.440100 1.077261 3.101000 8
2009.442800 -2.248120 3.181000 8
2009.445600 -1.644687 3.125000 8
2009.448300 0.683000 3.123000 8
2009.451100 6.229557 3.151000 8
2009.453800 2.022488 3.184000 8
2009.456500 5.485110 3.115000 8
2009.459300 -1.768303 3.119000 8
2009.462000 0.289820 3.136000 8
2009.464800 5.440976 3.209000 8
2009.467500 1.087769 3.216000 8
2009.470200 -3.845540 3.191000 8
2009.473000 -2.213702 3.178000 8
2009.475700 6.245907 3.303000 8
2009.478400 2.425534 3.118000 8
2009.481200 2.836431 3.162000 8
2009.483900 -0.027784 3.188000 8
2009.486700 3.554359 3.316000 8
2009.489400 -5.154541 3.231000 8
2009.492100 -2.123230 3.253000 8
2009.494900 1.348577 3.317000 8
2009.497600 5.048431 3.202000 8
2009.500300 1.935605 3.130000 8
2009.503100 -1.645578 3.206000 8
2009.505800 -1.705642 3.225000 8
2009.508600 -0.262961 3.070000 8
2009.511300 1.715879 3.177000 8
2009.514000 5.365213 3.084000 8
2009.516800 2.451451 3.154000 8
2009.519500 5.269894 3.112000 8
2009.522200 2.327929 3.173000 8
2009.525000 2.604031 3.241000 8
2009.527700 6.940369 3.179000 8
2009.530500 4.246888 3.159000 8
2009.533200 -2.081347 3.183000 8
2009.535900 1.312164 3.091000 8
2009.538700 -1.639970 3.165000 8
2009.541400 -3.706853 3.164000 8
2009.544100 -4.210905 3.206000 8
2009.546900 1.222576 3.192000 8
2009.549600 2.119299 3.120000 8
2009.552400 2.282677 3.184000 8
2009.555100 1.629282 3.219000 8
2009.557800 -0.825151 3.235000 8
2009.560600 4.461258 3.191000 8
2009.563300 -4.893140 3.257000 8
2009.566100 -2.645570 3.206000 8
2009.568800 -2.853835 3.173000 8
2009.571500 -0.435020 3.199000 8
2009.574300 -10.722047 3.362000 8
2009.577000 -0.493963 3.496000 8
2009.579700 -0.394733 3.204000 8
2009.582500 -3.315152 3.288000 8
2009.585200 -3.955525 3.226000 8
2009.588000 0.963584 3.269000 8
2009.590700 1.355687 3.165000 8
2009.593400 -5.843965 3.353000 8
2009.596200 -6.438937 3.248000 8
2009.598900 -2.250998 3.255000 8
2009.601600 -2.246761 3.180000 8
2009.604400 -6.210645 3.242000 8
2009.607100 -4.552712 3.227000 8
2009.609900 -5.993765 3.234000 8
2009.612600 -5.898070 3.186000 8
2009.615300 -2.320996 3.215000 8
2009.618100 -2.830705 3.295000 8
2009.620800 3.057225 3.255000 8
2009.623500 2.701578 3.311000 8
2009.626300 -2.931649 3.194000 8
2009.629000 -0.533355 3.215000 8
2009.631800 -0.309504 3.234000 8
2009.634500 3.030786 3.306000 8
2009.637200 2.410566 3.245000 8
2009.640000 0.186108 3.227000 8
2009.642700 -1.210041 3.395000 8
2009.645400 -8.757665 3.335000 8
2009.648200 3.093682 3.296000 8
2009.650900 0.973200 3.292000 8
2009.653700 -0.664172 3.259000 8
2009.656400 1.595532 3.140000 8
2009.659100 -3.695185 3.233000 8
2009.661900 -1.797582 3.296000 8
2009.664600 3.347950 3.295000 8
2009.667400 3.504943 3.260000 8
2009.670100 -0.841238 3.162000 8
2009.672800 3.636210 3.290000 8
2009.675600 -2.680671 3.119000 8
2009.678300 1.872120 3.300000 8
2009.681000 0.137565 3.309000 8
2009.683800 1.896893 3.077000 8
2009.686500 0.911733 3.132000 8
2009.689300 1.914599 3.163000 8
2009.692000 4.478866 3.232000 8
2009.694700 1.763828 3.261000 8
2009.697500 2.552030 3.137000 8
2009.700200 1.198466 3.300000 8
2009.702900 1.321618 3.145000 8
2009.705700 -2.655775 3.225000 8
2009.708400 -0.355105 3.156000 8
2009.711200 -1.642835 3.185000 8
2009.713900 -1.130620 3.187000 8
2009.716600 -0.730655 3.269000 8
2009.719400 2.396127 3.157000 8
2009.722100 -2.280323 3.232000 8
2009.724800 -3.176005 3.321000 8
2009.727600 -4.188652 3.293000 8
2009.730300 -0.844712 3.202000 8
2009.733100 -2.015592 3.378000 8
2009.735800 0.171992 3.309000 8
2009.738500 0.153372 3.239000 8
2009.741300 -0.102848 3.200000 8
2009.744000 2.889209 3.270000 8
2009.746700 -3.340921 3.222000 8
2009.749500 -2.180434 3.208000 8
2009.752200 -1.520858 3.202000 8
2009.755000 1.776482 3.146000 8
2009.757700 -0.119218 3.245000 8
2009.760400 -1.109083 3.240000 8
2009.763200 -5.254964 3.106000 8
2009.765900 6.977919 3.218000 8
2009.768700 -1.553066 3.248000 8
2009.771400 -2.569419 3.087000 8
2009.774100 2.096082 3.085000 8
2009.776900 1.529931 3.159000 8
2009.779600 -0.358786 3.247000 8
2009.782300 -4.190642 3.418000 8
2009.785100 -6.686931 3.483000 8
2009.787800 -1.281989 3.289000 8
2009.790600 -5.368336 3.204000 8
2009.793300 -3.785588 3.239000 8
2009.796000 -1.592970 3.321000 8
2009.798800 -9.934426 3.339000 8
2009.801500 -3.014994 3.311000 8
2009.804200 -0.473690 3.176000 8
2009.807000 -2.013248 3.250000 8
2009.809700 0.546872 3.234000 8
2009.812500 -2.022729 3.275000 8
2009.815200 1.670204 3.239000 8
2009.817900 -3.178991 3.227000 8
2009.820700 3.986299 3.307000 8
2009.823400 3.275909 3.272000 8
2009.826100 5.863385 3.256000 8
2009.828900 0.879550 3.217000 8
2009.831600 0.220817 3.149000 8
2009.834400 -3.152093 3.212000 8
2009.837100 -2.854047 3.276000 8
2009.839800 -1.158154 3.159000 8
2009.842600 2.321757 3.264000 8
2009.845300 2.116401 3.236000 8
2009.848000 -1.912122 3.281000 8
2009.850800 3.814562 3.201000 8
2009.853500 -1.242246 3.128000 8
2009.856300 3.175276 3.154000 8
2009.859000 1.451153 3.290000 8
2009.861700 4.044828 3.180000 8
2009.864500 -0.814989 3.343000 8
2009.867200 5.852320 3.125000 8
2009.870000 0.930252 3.245000 8
2009.872700 3.030156 3.241000 8
2009.875400 -1.230191 3.222000 8
2009.878200 1.004247 3.351000 8
2009.880900 -0.559574 3.287000 8
2009.883600 -2.715683 3.232000 8
2009.886400 -4.742853 3.523000 8
2009.889100 -4.247515 3.218000 8
2009.891900 -1.249142 3.138000 8
2009.894600 -2.825417 3.219000 8
2009.897300 1.421947 3.153000 8
2009.900100 -0.681517 3.221000 8
2009.902800 2.814135 3.319000 8
2009.905500 -1.116625 3.239000 8
2009.908300 3.776910 3.385000 8
2009.911000 5.846327 3.429000 8
2009.913800 3.683115 3.279000 8
2009.916500 -1.630373 3.208000 8
2009.919200 6.377626 3.110000 8
2009.922000 2.995100 3.150000 8
2009.924700 0.664062 3.186000 8
2009.927400 4.816445 3.120000 8
2009.930200 3.422389 3.171000 8
2009.932900 2.639590 3.102000 8
2009.935700 1.795403 3.298000 8
2009.938400 2.590316 3.110000 8
2009.941100 6.932521 3.231000 8
2009.943900 1.242403 3.311000 8
2009.946600 0.018154 3.428000 8
2009.949300 7.464113 3.460000 8
2009.952100 5.105794 3.250000 8
2009.954800 6.303119 3.249000 8
2009.957600 6.210189 3.237000 8
2009.960300 -0.135248 3.150000 8
2009.963000 0.345366 3.294000 8
2009.965800 1.616744 3.309000 8
2009.968500 1.784396 3.293000 8
2009.971300 1.634814 3.375000 8
2009.974000 6.591361 3.296000 8
2009.976700 5.750785 3.223000 8
2009.979500 2.951965 3.143000 8
2009.982200 -0.339936 3.129000 8
2009.984900 1.462928 3.246000 8
2009.987700 1.175518 3.199000 8
2009.990400 0.990824 3.196000 8
2009.993200 6.666825 3.219000 8
2009.995900 6.883409 3.275000 8
2009.998600 7.957561 3.271000 8
2010.001400 2.872347 3.288000 8
2010.004100 1.654527 3.152000 8
2010.006800 1.747147 3.164000 8
2010.009600 2.293323 3.368000 8
2010.012300 1.017712 3.084000 8
2010.015100 1.972591 3.069000 8
2010.017800 5.240567 3.204000 8
2010.020500 0.505765 3.224000 8
2010.023300 0.023342 3.190000 8
2010.026000 3.107854 3.176000 8
2010.028700 4.029450 3.259000 8
2010.031500 -2.750705 3.268000 8
2010.034200 2.928922 4.649000 8
2010.039700 1.967167 3.227000 8
2010.042400 7.935484 3.767000 8
2010.045200 13.110789 3.944000 8
2010.075300 3.508107 3.314000 8
2010.078000 -2.772027 3.142000 8
2010.080800 0.519919 3.209000 8
2010.083500 0.768042 3.112000 8
2010.086200 0.989236 3.158000 8
2010.089000 2.878256 3.401000 8
2010.091700 -0.920590 3.256000 8
2010.094500 8.034213 3.176000 8
2010.097200 0.687131 3.809000 8
2010.099900 -0.350121 4.186000 8
2010.105400 1.934222 3.781000 8
2010.108100 -0.427865 3.726000 8
2010.110900 6.997130 3.911000 8
2010.113600 5.888234 3.147000 8
2010.116400 6.099220 4.715000 8
2010.119100 2.054329 3.167000 8
2010.121800 3.027901 3.162000 8
2010.124600 4.018047 3.151000 8
2010.127300 -0.736645 3.218000 8
2010.130000 -0.851004 3.284000 8
2010.132800 -4.017108 3.292000 8
2010.135500 5.529009 3.202000 8
2010.138300 4.757163 3.131000 8
2010.141000 5.777589 3.081000 8
2010.143700 0.770142 3.185000 8
2010.146500 2.440401 3.327000 8
2010.149200 0.516023 3.325000 8
2010.152000 -1.168876 3.234000 8
2010.154700 -1.302339 3.168000 8
2010.157400 0.615139 3.377000 8
2010.162900 0.105932 3.130000 8
2010.165600 -4.160053 3.146000 8
2010.168400 -2.545245 4.341000 8
2010.173900 0.189343 4.694000 8
2010.176600 1.598229 3.109000 8
2010.179300 -4.655200 4.602000 8
2010.182100 -3.987416 3.188000 8
2010.184800 0.476356 4.337000 8
2010.187500 1.280733 4.043000 8
2010.190300 1.620976 3.115000 8
2010.193000 -5.497600 3.201000 8
2010.195800 1.296457 3.243000 8
2010.198500 0.424836 4.435000 8
2010.201200 -10.132293 3.107000 8
2010.204000 -3.452133 3.121000 8
2010.206700 -5.136429 3.135000 8
2010.209400 -9.078287 3.150000 8
2010.212200 -0.094196 3.195000 8
2010.214900 -4.402322 3.136000 8
2010.217700 -6.457725 3.275000 8
2010.220400 -0.829174 3.246000 8
2010.223100 -0.621255 3.145000 8
2010.225900 -5.406943 3.163000 8
2010.228600 -5.970413 3.305000 8
2010.231300 -3.691541 3.147000 8
2010.234100 -2.177600 3.143000 8
2010.236800 -2.181163 3.106000 8
2010.239600 -0.484868 3.285000 8
2010.242300 -3.076882 3.604000 8
2010.245000 -2.849577 3.226000 8
2010.247800 0.532278 3.201000 8
2010.250500 -3.439878 3.263000 8
2010.253300 -4.225683 3.249000 8
2010.256000 -2.205293 3.267000 8
2010.258700 0.472424 3.290000 8
2010.261500 -2.733798 3.272000 8
2010.264200 -2.911508 3.290000 8
2010.266900 -0.793871 3.233000 8
2010.269700 -3.948450 3.203000 8
2010.272400 1.569807 3.435000 8
2010.275200 -4.059329 3.419000 8
2010.277900 -4.299407 3.377000 8
2010.280600 -0.565085 3.226000 8
2010.283400 -4.167408 3.376000 8
2010.286100 -4.882339 3.303000 8
2010.288800 -2.235824 3.287000 8
2010.291600 -4.342193 3.168000 8
2010.294300 -0.004829 3.195000 8
2010.297100 -3.122498 3.110000 8
2010.299800 -4.945205 3.271000 8
2010.302500 1.417631 3.338000 8
2010.305300 0.099221 3.433000 8
2010.308000 5.581120 3.163000 8
2010.310700 -1.975370 3.162000 8
2010.313500 -5.063299 3.164000 8
2010.316200 -2.761575 3.163000 8
2010.319000 2.184589 3.461000 8
2010.321700 -9.461362 3.309000 8
2010.324400 -5.029566 3.228000 8
2010.327200 1.493505 3.153000 8
2010.329900 0.726804 3.161000 8
2010.332600 3.770942 3.208000 8
2010.335400 -1.945794 3.221000 8
2010.338100 -1.634961 3.372000 8
2010.340900 2.078910 3.141000 8
2010.343600 0.214576 3.207000 8
2010.346300 -1.723751 3.154000 8
2010.349100 0.151841 3.107000 8
2010.351800 -2.447439 3.088000 8
2010.354600 0.562132 3.079000 8
2010.357300 -9.266949 3.120000 8
2010.360000 -1.853840 3.227000 8
2010.362800 1.957031 3.180000 8
2010.365500 -5.654428 3.352000 8
2010.368200 4.064419 3.226000 8
2010.371000 -0.021040 3.103000 8
2010.373700 0.105481 3.170000 8
2010.376500 0.180658 3.130000 8
2010.379200 1.553020 3.234000 8
2010.381900 3.592893 3.448000 8
2010.384700 -2.213618 3.126000 8
2010.387400 -1.545650 3.151000 8
2010.390100 -5.861043 3.042000 8
2010.392900 -1.942845 3.148000 8
2010.395600 -0.696884 3.090000 8
2010.398400 -6.220337 3.331000 8
2010.401100 -3.805843 3.187000 8
2010.403800 -9.355495 3.322000 8
2010.406600 -5.287558 3.160000 8
2010.409300 -0.950412 3.199000 8
2010.412000 1.860720 3.076000 8
2010.414800 1.184459 3.018000 8
2010.417500 -2.413343 3.216000 8
2010.420300 2.576486 3.431000 8
2010.423000 4.555930 3.210000 8
2010.425700 0.748580 3.162000 8
2010.428500 3.771905 3.248000 8
2010.431200 -0.891931 3.137000 8
2010.433900 -3.956429 3.212000 8
2010.436700 -0.410194 3.175000 8
2010.439400 1.200089 3.195000 8
2010.442200 -0.689846 3.137000 8
2010.444900 3.925396 3.165000 8
2010.447600 -2.912808 3.198000 8
2010.450400 0.315851 3.141000 8
2010.453100 -2.086132 3.238000 8
2010.455900 3.344809 3.263000 8
2010.458600 -3.452780 3.265000 8
2010.461300 0.626397 3.276000 8
2010.464100 -1.172401 3.190000 8
2010.466800 -5.286576 3.187000 8
2010.469500 0.476138 3.186000 8
2010.472300 -7.604012 3.230000 8
2010.475000 -9.019402 3.205000 8
2010.477800 -4.247574 3.242000 8
2010.480500 -5.517905 3.230000 8
2010.483200 -5.416149 3.176000 8
2010.486000 -1.095047 3.188000 8
2010.488700 -5.364996 3.265000 8
2010.491400 3.930257 3.201000 8
2010.494200 -0.553006 3.213000 8
2010.496900 -3.336230 3.146000 8
2010.499700 -1.083873 3.140000 8
2010.502400 -2.413425 3.112000 8
2010.505100 -1.164594 3.161000 8
2010.507900 -6.040031 3.135000 8
2010.510600 -4.193314 3.242000 8
2010.513300 -5.002110 3.254000 8
2010.516100 -5.164018 3.284000 8
2010.518800 -7.853724 3.293000 8
2010.521600 -6.922431 3.219000 8
2010.524300 -5.814914 3.121000 8
2010.527000 -4.974749 3.102000 8
2010.529800 -4.013417 3.008000 8
2010.532500 -11.171840 3.153000 8
2010.535200 -9.477526 3.078000 8
2010.538000 -9.435871 3.158000 8
2010.540700 -9.456964 3.155000 8
2010.543500 -1.564599 3.058000 8
2010.546200 0.002013 3.047000 8
2010.548900 2.383504 3.167000 8
2010.551700 0.310635 3.139000 8
2010.554400 -5.489006 3.097000 8
2010.557200 -3.667882 3.056000 8
2010.559900 -1.193549 2.989000 8
2010.562600 -5.180211 3.111000 8
2010.565400 0.276078 3.068000 8
2010.568100 0.124536 3.148000 8
2010.570800 -4.700931 3.148000 8
2010.573600 -7.437257 3.143000 8
2010.576300 -2.599466 3.161000 8
2010.579100 -1.731405 3.091000 8
2010.581800 -4.715270 3.053000 8
2010.584500 -1.732953 3.038000 8
2010.587300 -1.284171 3.093000 8
2010.590000 -2.024387 3.221000 8
2010.592700 -2.674363 3.135000 8
2010.595500 3.079324 3.092000 8
2010.598200 6.881929 3.100000 8
2010.601000 -0.097670 3.138000 8
2010.603700 -1.746412 3.068000 8
2010.606400 -5.400826 3.083000 8
2010.609200 -2.238243 3.072000 8
2010.611900 -3.604903 3.202000 8
2010.614600 -2.683188 3.086000 8
2010.617400 -2.352273 3.065000 8
2010.620100 1.911290 3.143000 8
2010.622900 -6.988812 3.076000 8
2010.625600 -1.602343 3.153000 8
2010.628300 -9.937426 3.227000 8
2010.631100 2.729031 3.081000 8
2010.633800 -0.251064 3.140000 8
2010.636600 1.012520 3.189000 8
2010.639300 0.545466 3.075000 8
2010.642000 -5.941077 3.077000 8
2010.644800 -4.307735 3.151000 8
2010.647500 -6.455165 3.039000 8
2010.650200 -6.244049 3.228000 8
2010.653000 -5.550842 3.293000 8
2010.655700 -1.325545 3.142000 8
2010.658500 -1.407017 3.086000 8
2010.661200 -2.652498 3.007000 8
2010.663900 -4.920381 3.129000 8
2010.666700 -2.454823 3.010000 8
2010.669400 -0.277423 3.040000 8
2010.672100 -3.581399 3.088000 8
2010.674900 -1.173721 3.048000 8
2010.677600 1.776643 3.096000 8
2010.680400 -0.907199 2.993000 8
2010.683100 0.276538 3.061000 8
2010.685800 -4.129056 3.224000 8
2010.688600 -3.329642 3.039000 8
2010.691300 -5.831813 2.919000 8
2010.694000 -0.566291 3.108000 8
2010.696800 -5.604547 3.064000 8
2010.699500 -1.804555 3.117000 8
2010.702300 -5.423197 3.076000 8
2010.705000 0.140295 3.104000 8
2010.707700 -0.994485 3.051000 8
2010.710500 2.870318 3.108000 8
2010.713200 1.413080 3.068000 8
2010.715900 -2.010409 3.140000 8
2010.718700 0.876900 3.039000 8
2010.721400 0.654992 3.178000 8
2010.724200 4.140028 3.139000 8
2010.726900 -3.166274 3.097000 8
2010.729600 -4.647796 3.034000 8
2010.732400 -3.480157 3.032000 8
2010.735100 -4.791038 3.017000 8
2010.737900 -2.395611 3.100000 8
2010.740600 -1.370829 3.213000 8
2010.743300 -4.275241 3.039000 8
2010.746100 1.953874 3.075000 8
2010.748800 0.484157 3.063000 8
2010.751500 -0.473741 3.125000 8
2010.754300 -1.301891 3.138000 8
2010.757000 1.020934 3.236000 8
2010.759800 -0.863348 3.175000 8
2010.762500 -5.636784 3.132000 8
2010.765200 -4.144378 3.030000 8
2010.768000 -6.211860 2.968000 8
2010.770700 -9.292693 2.955000 8
2010.773400 -1.246673 3.058000 8
2010.776200 -3.529323 3.176000 8
2010.778900 -5.497522 3.226000 8
2010.781700 -2.128244 3.102000 8
2010.784400 -1.547651 3.159000 8
2010.787100 -1.291193 3.084000 8
2010.789900 -4.294042 3.122000 8
2010.792600 -7.387779 3.001000 8
2010.795300 2.618355 2.978000 8
2010.798100 -4.688605 3.173000 8
2010.800800 0.591341 2.993000 8
2010.803600 0.712338 2.952000 8
2010.806300 0.703099 3.024000 8
2010.809000 -0.087267 3.097000 8
2010.811800 -0.217372 3.211000 8
2010.814500 3.197076 3.180000 8
2010.817200 0.471396 2.955000 8
2010.820000 -1.815816 2.928000 8
2010.822700 -6.879690 3.081000 8
2010.825500 -9.714958 3.071000 8
2010.828200 -2.960033 3.030000 8
2010.830900 -4.640248 3.009000 8
2010.833700 -8.886656 3.076000 8
2010.836400 -11.475091 3.000000 8
2010.839200 -8.326589 2.963000 8
2010.841900 -8.443260 3.020000 8
2010.844600 -1.915093 2.965000 8
2010.847400 -3.913796 3.038000 8
2010.850100 -5.657897 3.063000 8
2010.852800 -6.686176 3.057000 8
2010.855600 -6.481142 2.924000 8
2010.858300 -8.817731 3.088000 8
2010.861100 -8.003886 3.025000 8
2010.863800 -12.245819 2.967000 8
2010.866500 -11.309970 3.052000 8
2010.869300 -3.630513 3.131000 8
2010.872000 -1.904064 3.121000 8
2010.874700 -3.605863 3.021000 8
2010.877500 -3.001892 3.103000 8
2010.880200 -3.460159 3.061000 8
2010.883000 -9.937550 3.081000 8
2010.885700 -10.182336 3.056000 8
2010.888400 -5.112433 3.205000 8
2010.891200 -4.537507 3.307000 8
2010.893900 -0.636210 3.143000 8
2010.896600 -6.857269 3.233000 8
2010.899400 -3.332168 3.002000 8
2010.902100 -4.794930 3.090000 8
2010.904900 -3.740447 3.209000 8
2010.907600 0.043015 3.107000 8
2010.910300 -3.031969 2.967000 8
2010.913100 -4.488589 3.020000 8
2010.915800 -3.521467 3.065000 8
2010.918500 -6.277851 3.112000 8
2010.921300 -1.888769 3.128000 8
2010.924000 0.119821 3.132000 8
2010.926800 -6.090061 3.188000 8
2010.929500 -6.830590 3.285000 8
2010.932200 -4.548743 3.112000 8
2010.935000 -6.132289 3.165000 8
2010.937700 -9.101715 3.161000 8
2010.940500 -0.070489 3.229000 8
2010.943200 -1.236298 3.076000 8
2010.945900 -3.229864 3.068000 8
2010.948700 -0.316724 3.114000 8
2010.951400 -3.179847 3.245000 8
2010.954100 -1.414817 3.169000 8
2010.956900 3.915957 2.988000 8
2010.959600 1.012242 3.089000 8
2010.962400 -4.133714 3.375000 8
2010.965100 -7.799305 3.349000 8
2010.967800 -6.302905 3.125000 8
2010.970600 -7.952739 3.090000 8
2010.973300 -4.255425 3.222000 8
2010.976000 -6.660224 3.102000 8
2010.978800 -10.187267 3.013000 8
2010.981500 -8.201373 3.186000 8
2010.984300 -2.585738 3.162000 8
2010.987000 -10.723305 3.129000 8
2010.989700 -8.726174 3.141000 8
2010.992500 -0.555343 3.425000 8
2010.995200 2.445088 3.201000 8
2010.997900 -3.172904 3.035000 8
2011.000700 -5.704254 2.993000 8
2011.003400 -5.259196 3.164000 8
2011.006200 -6.265548 3.087000 8
2011.008900 -10.553613 3.165000 8
2011.011600 -9.007312 3.090000 8
2011.014400 -3.720512 3.128000 8
2011.017100 -5.720600 3.146000 8
2011.019800 -2.727455 3.063000 8
2011.022600 -6.392921 3.021000 8
2011.025300 -9.579439 3.248000 8
2011.028100 -8.978653 3.207000 8
2011.030800 -8.303022 3.078000 8
2011.033500 -6.899388 3.146000 8
2011.036300 -10.056590 3.045000 8
2011.039000 -10.252092 3.075000 8
2011.041800 -3.998537 3.190000 8
2011.044500 -6.404369 3.194000 8
2011.047200 -3.048436 3.207000 8
2011.050000 -5.276618 3.159000 8
2011.052700 -5.036309 3.136000 8
2011.055400 -4.538379 3.089000 8
2011.058200 -4.710755 3.129000 8
2011.060900 -6.003746 3.148000 8
2011.063700 -4.595181 3.072000 8
2011.066400 -3.261293 3.021000 8
2011.069100 -1.568029 3.254000 8
2011.071900 -4.677428 3.125000 8
2011.074600 -5.498584 3.131000 8
2011.077300 -4.760510 3.087000 8
2011.080100 -12.218335 3.107000 8
2011.082800 -12.090979 3.125000 8
2011.085600 -5.632690 3.095000 8
2011.088300 -2.450252 3.162000 8
2011.091000 -6.546827 3.169000 8
2011.093800 -9.181731 3.149000 8
2011.096500 -7.941518 3.098000 8
2011.099200 -3.260462 3.167000 8
2011.102000 -7.938009 3.139000 8
2011.104700 -1.828455 3.076000 8
2011.107500 -6.252696 3.100000 8
2011.110200 -6.695833 3.048000 8
2011.112900 -5.658362 3.027000 8
2011.115700 -5.430982 3.087000 8
2011.118400 -2.157482 3.168000 8
2011.121100 -7.694507 3.180000 8
2011.123900 -14.927932 3.218000 8
2011.126600 -10.233199 3.222000 8
2011.129400 -8.258077 3.125000 8
2011.132100 -6.060762 3.158000 8
2011.134800 -4.251187 3.216000 8
2011.137600 -3.587547 3.103000 8
2011.140300 -2.720642 3.093000 8
2011.143100 -6.851894 3.178000 8
2011.145800 -7.697823 3.191000 8
2011.148500 -5.810692 3.095000 8
2011.151300 -9.696053 3.125000 8
2011.154000 -4.870988 3.036000 8
2011.156700 -3.060973 3.127000 8
2011.159500 -2.394790 3.120000 8
2011.162200 -7.238058 3.186000 8
2011.165000 -9.298389 3.267000 8
2011.167700 -18.850078 3.312000 8
2011.170400 -6.134985 3.078000 8
2011.173200 -10.780301 3.144000 8
2011.175900 -8.564819 3.163000 8
2011.178600 -1.430645 3.303000 8
2011.181400 -8.521228 3.159000 8
2011.184100 -6.769840 3.171000 8
2011.186900 -8.154441 3.178000 8
2011.189600 -9.737944 3.279000 8
2011.192300 -5.423884 3.108000 8
2011.195100 -5.899161 3.189000 8
2011.197800 -12.333135 3.394000 8
2011.200500 -8.095612 3.287000 8
2011.203300 -13.606771 3.274000 8
2011.206000 -13.019405 3.215000 8
2011.208800 -11.193950 3.183000 8
2011.211500 -14.734812 3.090000 8
2011.214200 -10.681264 3.145000 8
2011.217000 -8.352965 3.206000 8
2011.219700 -9.920734 3.169000 8
2011.222500 -4.659974 3.277000 8
2011.225200 -9.457108 3.180000 8
2011.227900 -5.956890 3.159000 8
2011.230700 -10.227470 3.162000 8
2011.233400 -11.056671 3.158000 8
2011.236100 -10.352540 3.137000 8
2011.238900 -17.846526 3.117000 8
2011.241600 -12.194846 3.277000 8
2011.244400 -11.102490 3.172000 8
2011.247100 -5.923270 3.277000 8
2011.249800 -7.841730 3.443000 8
2011.252600 -7.691816 3.167000 8
2011.255300 -9.993733 3.246000 8
2011.258000 -9.296323 3.299000 8
2011.260800 -7.052828 3.239000 8
2011.263500 -2.631849 3.330000 8
2011.266300 -3.970971 3.161000 8
2011.269000 -5.808394 3.200000 8
2011.271700 -7.526454 3.236000 8
2011.274500 -9.086885 3.246000 8
2011.277200 -9.905287 3.183000 8
2011.279900 -14.219292 3.099000 8
2011.282700 -8.890922 3.124000 8
2011.285400 -12.057188 3.152000 8
2011.288200 -10.324240 3.069000 8
2011.290900 -8.986700 3.086000 8
2011.293600 -2.413685 3.175000 8
2011.296400 -9.054684 3.160000 8
2011.299100 -6.496750 3.170000 8
2011.301800 -13.628279 3.415000 8
2011.304600 -13.624036 3.077000 8
2011.307300 -7.188515 3.180000 8
2011.310100 -6.068355 3.263000 8
2011.312800 -10.982684 3.126000 8
2011.315500 -6.972357 3.165000 8
2011.318300 -7.256575 3.100000 8
2011.321000 -9.831937 3.165000 8
2011.323800 -12.523959 3.144000 8
2011.326500 -7.440895 3.096000 8
2011.329200 -7.303030 3.142000 8
2011.332000 -6.169980 3.043000 8
2011.334700 -9.708502 3.144000 8
2011.337400 -8.497128 3.106000 8
2011.340200 -7.152706 3.155000 8
2011.342900 -3.348517 3.106000 8
2011.345700 -0.587362 3.177000 8
2011.348400 -0.286216 3.167000 8
2011.351100 -5.071001 3.066000 8
2011.353900 -3.662927 3.205000 8
2011.356600 -6.812533 3.134000 8
2011.359300 -9.552959 3.061000 8
2011.362100 -5.948615 3.188000 8
2011.364800 -7.642629 3.162000 8
2011.367600 -9.926924 3.112000 8
2011.370300 -8.639366 3.254000 8
2011.373000 -4.176430 3.218000 8
2011.375800 -3.219835 3.216000 8
2011.378500 -5.288080 3.071000 8
2011.381200 -8.245825 3.134000 8
2011.384000 -6.065951 3.099000 8
2011.386700 -4.454622 3.188000 8
2011.389500 -1.603694 3.201000 8
2011.392200 -8.368119 3.114000 8
2011.394900 -8.627830 3.180000 8
2011.397700 -10.459956 3.189000 8
2011.400400 -3.181158 3.072000 8
2011.403100 -6.184517 3.302000 8
2011.405900 -7.028288 3.135000 8
2011.408600 -10.445871 3.143000 8
2011.411400 -15.717856 3.260000 8
2011.414100 -14.443484 3.083000 8
2011.416800 -8.060051 3.191000 8
2011.419600 -8.312989 3.164000 8
2011.422300 -11.068332 3.170000 8
2011.425100 -14.913019 3.192000 8
2011.427800 -10.750958 3.151000 8
2011.430500 -12.331614 3.146000 8
2011.433300 -14.474562 3.170000 8
2011.436000 -13.025547 3.066000 8
2011.438700 -11.935119 3.221000 8
2011.441500 -8.543916 3.164000 8
2011.444200 -6.608551 3.153000 8
2011.447000 -9.414358 3.164000 8
2011.449700 -15.467880 3.173000 8
2011.452400 -10.012773 3.291000 8
2011.455200 -4.959751 3.182000 8
2011.457900 -9.937272 3.246000 8
2011.460600 -5.545038 3.353000 8
2011.463400 -5.134789 3.168000 8
2011.466100 -5.730928 3.154000 8
2011.468900 -13.368979 3.306000 8
2011.471600 -11.212324 3.224000 8
2011.474300 -8.154710 3.252000 8
2011.477100 -9.695889 3.226000 8
2011.479800 -4.565236 3.092000 8
2011.482500 -5.215506 3.152000 8
2011.485300 -3.743442 3.184000 8
2011.488000 -7.445437 3.345000 8
2011.490800 -12.196006 3.375000 8
2011.493500 -10.781571 3.172000 8
2011.496200 -8.219870 3.191000 8
2011.499000 -5.729600 3.217000 8
2011.501700 -8.657246 3.199000 8
2011.504400 -6.531517 3.193000 8
2011.507200 -14.555070 3.176000 8
2011.509900 -12.352473 3.319000 8
2011.512700 -12.281054 3.304000 8
2011.515400 -7.873450 3.295000 8
2011.518100 -6.404302 3.288000 8
2011.520900 -2.918169 3.228000 8
2011.523600 -9.573815 3.312000 8
2011.526400 -9.976364 3.277000 8
2011.529100 -8.289675 3.316000 8
2011.531800 -11.890284 3.231000 8
2011.534600 -7.999626 3.284000 8
2011.537300 -8.425718 3.341000 8
2011.540000 -10.952021 3.259000 8
2011.542800 -12.596879 3.227000 8
2011.545500 -10.201490 3.309000 8
2011.548300 -12.087537 3.269000 8
2011.551000 -7.239345 3.223000 8
2011.553700 -7.679229 3.215000 8
2011.556500 -10.610365 3.229000 8
2011.559200 -14.943289 3.211000 8
2011.561900 -7.657214 3.209000 8
2011.564700 -5.413204 3.288000 8
2011.567400 -12.316021 3.247000 8
2011.570200 -14.586776 3.283000 8
2011.572900 -18.941392 3.256000 8
2011.575600 -3.326894 3.322000 8
2011.578400 -10.410141 3.296000 8
2011.581100 -11.661309 3.393000 8
2011.583800 -7.191301 3.313000 8
2011.586600 -4.189843 3.452000 8
2011.589300 -7.349377 3.273000 8
2011.592100 -8.199331 3.248000 8
2011.594800 -7.045330 3.284000 8
2011.597500 -8.681058 3.319000 8
2011.600300 -8.350006 3.427000 8
2011.603000 -9.465090 3.338000 8
2011.605700 -5.770849 3.308000 8
2011.608500 -6.932630 3.656000 8
2011.611200 -6.269644 3.450000 8
2011.614000 -7.323543 3.375000 8
2011.616700 -11.571747 3.386000 8
2011.619400 -3.852550 3.311000 8
2011.622200 -7.677035 3.265000 8
2011.624900 -8.776939 3.409000 8
2011.627700 -11.112387 3.332000 8
2011.630400 -10.745336 3.317000 8
2011.633100 -8.003813 3.258000 8
2011.635900 -2.829631 3.253000 8
2011.638600 -5.117074 3.307000 8
2011.641300 -8.890010 3.382000 8
2011.644100 -1.051079 3.336000 8
2011.646800 -7.655908 3.286000 8
2011.649600 -5.811730 3.474000 8
2011.652300 -6.463405 3.383000 8
2011.655000 -4.725516 3.528000 8
2011.657800 -1.453413 3.365000 8
2011.660500 -9.902306 3.604000 8
2011.663200 -7.270605 3.427000 8
2011.666000 -7.319479 3.421000 8
2011.668700 -8.456500 3.541000 8
2011.671500 -9.073955 3.312000 8
2011.674200 0.179340 3.352000 8
2011.676900 -5.010723 3.242000 8
2011.679700 -8.409010 3.316000 8
2011.682400 -7.283704 3.395000 8
2011.685100 -11.880732 3.492000 8
2011.687900 -2.467769 3.333000 8
2011.690600 -0.772377 3.363000 8
2011.693400 -5.251852 3.314000 8
2011.696100 -6.035009 3.300000 8
2011.698800 -2.348461 3.513000 8
2011.701600 -10.306564 3.376000 8
2011.704300 -9.595519 3.293000 8
2011.707000 -7.165748 3.417000 8
2011.709800 -4.656413 3.346000 8
2011.712500 -2.566103 3.263000 8
2011.715300 -3.078084 3.314000 8
2011.718000 -5.560209 3.321000 8
2011.720700 -13.609574 3.230000 8
2011.723500 -3.205014 3.355000 8
2011.726200 -4.609776 3.302000 8
2011.729000 -2.609466 3.217000 8
2011.731700 -4.882601 3.302000 8
2011.734400 -3.606947 3.227000 8
2011.737200 -6.167004 3.207000 8
2011.739900 -3.243689 3.288000 8
2011.742600 -5.360570 3.357000 8
2011.745400 -7.128942 3.344000 8
2011.748100 -5.415131 3.456000 8
2011.750900 -8.358664 3.364000 8
2011.753600 -13.776142 3.336000 8
2011.756300 -7.520792 3.260000 8
2011.759100 -6.230567 3.466000 8
2011.761800 -5.650480 3.368000 8
2011.764500 -8.588552 3.359000 8
2011.767300 -12.831530 3.283000 8
2011.770000 -9.723842 3.295000 8
2011.772800 -9.433914 3.248000 8
2011.775500 -1.859452 3.363000 8
2011.778200 -7.964133 3.386000 8
2011.781000 -7.452356 3.360000 8
2011.783700 -1.358246 3.310000 8
2011.786400 -0.949271 3.328000 8
2011.789200 -4.765622 3.357000 8
2011.791900 -6.945844 3.180000 8
2011.794700 -5.873246 3.229000 8
2011.797400 -4.466658 3.343000 8
2011.800100 -4.593197 3.228000 8
2011.802900 -11.054705 3.245000 8
2011.805600 -8.490429 3.176000 8
2011.808400 -4.573980 3.331000 8
2011.811100 -1.207889 3.268000 8
2011.813800 -6.200926 3.490000 8
2011.816600 -6.918580 3.372000 8
2011.819300 -8.948806 3.142000 8
2011.822000 -10.574164 3.203000 8
2011.824800 -5.177933 3.194000 8
2011.827500 -2.504491 3.188000 8
2011.830300 -3.603326 3.117000 8
2011.833000 -12.928096 3.309000 8
2011.835700 -8.063011 3.417000 8
2011.838500 -3.733005 3.331000 8
2011.841200 -5.970155 3.218000 8
2011.843900 -6.182463 3.078000 8
2011.846700 -5.185659 3.284000 8
2011.849400 -7.706234 3.172000 8
2011.852200 -9.004570 3.154000 8
2011.854900 -13.062437 3.164000 8
2011.857600 -7.089495 3.169000 8
2011.860400 -3.221133 3.379000 8
2011.863100 -0.742529 3.180000 8
2011.865800 -5.143141 3.175000 8
2011.868600 -4.986160 3.143000 8
2011.871300 -2.975166 3.157000 8
2011.874100 -7.310469 3.078000 8
2011.876800 -7.000914 3.259000 8
2011.879500 -1.293627 3.325000 8
2011.882300 1.635522 3.344000 8
2011.885000 0.899296 3.238000 8
2011.887700 0.828762 3.188000 8
2011.890500 -3.711761 3.238000 8
2011.893200 -4.126892 3.358000 8
2011.896000 0.285082 3.298000 8
2011.898700 -1.685710 3.125000 8
2011.901400 -1.995889 3.188000 8
2011.904200 -4.957832 3.178000 8
2011.906900 -3.700776 3.289000 8
2011.909700 -6.563404 3.214000 8
2011.912400 0.425808 3.342000 8
2011.915100 -9.807460 3.433000 8
2011.917900 -1.153304 3.273000 8
2011.920600 1.859459 3.372000 8
2011.923300 -5.561324 3.285000 8
2011.926100 2.082413 3.449000 8
2011.928800 -2.860478 3.215000 8
2011.931600 -0.616792 3.246000 8
2011.934300 -1.034891 3.257000 8
2011.937000 0.316341 3.237000 8
2011.939800 -3.663779 3.271000 8
2011.942500 1.201085 3.354000 8
2011.945200 5.898200 3.251000 8
2011.948000 3.619016 3.169000 8
2011.950700 -0.654411 3.124000 8
2011.953500 -0.329109 3.213000 8
2011.956200 10.169797 3.448000 8
2011.958900 0.611804 3.219000 8
2011.961700 1.856566 3.117000 8
2011.964400 10.694712 3.304000 8
2011.967100 7.451858 3.150000 8
2011.969900 1.451771 3.144000 8
2011.972600 2.984849 3.144000 8
2011.975400 -2.939309 3.121000 8
2011.978100 -8.265444 2.988000 8
2011.980800 -4.508757 3.122000 8
2011.983600 -2.190327 3.068000 8
2011.986300 0.549919 3.087000 8
2011.989000 2.545873 3.173000 8
2011.991800 -0.519469 3.062000 8
2011.994500 4.729806 3.159000 8
2011.997300 3.451748 3.142000 8
2012.000000 -0.284823 3.091000 8
2012.002700 -4.426888 3.172000 8
2012.005500 -0.975357 3.095000 8
2012.008200 -3.208524 3.024000 8
2012.011000 0.593849 3.061000 8
2012.013700 2.745404 3.087000 8
2012.016400 -1.876752 3.032000 8
2012.019200 3.798529 3.140000 8
2012.021900 -0.387175 3.047000 8
2012.024600 0.299274 3.019000 8
2012.027400 -0.352961 2.976000 8
2012.030100 2.133662 2.996000 8
2012.032900 1.751508 3.037000 8
2012.035600 5.694113 3.154000 8
2012.038300 5.310640 3.085000 8
2012.041100 5.670237 3.027000 8
2012.043800 3.563457 2.977000 8
2012.046500 6.816456 3.048000 8
2012.049300 8.825355 3.080000 8
2012.052000 14.483754 3.152000 8
2012.054800 8.279929 3.210000 8
2012.057500 6.527530 3.191000 8
2012.060200 7.793668 3.493000 8
2012.063000 5.198379 3.122000 8
2012.065700 -1.365579 3.242000 8
2012.068400 0.214852 3.048000 8
2012.071200 -1.787362 3.054000 8
2012.073900 -3.729326 3.001000 8
2012.076700 3.122911 3.078000 8
2012.079400 1.376352 3.043000 8
2012.082100 1.059938 3.029000 8
2012.084900 2.405479 3.112000 8
2012.087600 6.738172 3.030000 8
2012.090300 4.362864 3.002000 8
2012.093100 0.628251 3.075000 8
2012.095800 2.316756 3.011000 8
2012.098600 1.079774 3.017000 8
2012.101300 3.275898 3.229000 8
2012.104000 -0.064219 3.025000 8
2012.106800 1.613894 3.103000 8
2012.109500 -1.496891 3.057000 8
2012.112300 0.902357 3.058000 8
2012.115000 -0.452284 3.034000 8
2012.117700 4.419605 3.187000 8
2012.120500 4.973223 3.158000 8
2012.123200 5.084981 3.168000 8
2012.125900 4.199136 3.288000 8
2012.128700 -3.732292 3.076000 8
2012.131400 -3.144532 3.190000 8
2012.134200 1.070428 3.096000 8
2012.136900 2.750621 3.102000 8
2012.139600 -1.054998 3.128000 8
2012.142400 -2.272745 3.228000 8
2012.145100 -2.350178 3.139000 8
2012.147800 -1.417541 3.156000 8
2012.150600 -2.427366 3.174000 8
2012.153300 -1.522775 3.121000 8
2012.156100 3.142126 3.139000 8
2012.158800 0.807522 3.097000 8
2012.161500 -1.129193 3.316000 8
2012.164300 -1.073942 3.153000 8
2012.167000 -3.623061 3.096000 8
2012.169700 1.339611 3.068000 8
2012.172500 -3.627098 3.043000 8
2012.175200 1.162978 3.105000 8
2012.178000 2.419440 3.083000 8
2012.180700 10.677800 3.154000 8
2012.183400 1.518804 3.000000 8
2012.186200 -2.801153 3.232000 8
2012.188900 0.825973 3.168000 8
2012.191600 3.551667 3.148000 8
2012.194400 4.460053 3.241000 8
2012.197100 1.144725 3.186000 8
2012.199900 -0.964143 3.296000 8
2012.202600 1.600420 3.117000 8
2012.205300 -3.627554 3.093000 8
2012.208100 -4.426409 3.238000 8
2012.210800 7.808397 3.411000 8
2012.213600 -1.619905 3.216000 8
2012.216300 -0.490381 3.165000 8
2012.219000 -2.550470 3.139000 8
2012.221800 -6.088003 3.197000 8
2012.224500 -8.228452 3.116000 8
2012.227200 -5.067546 3.147000 8
2012.230000 0.111589 3.135000 8
2012.232700 2.022080 3.051000 8
2012.235500 2.083585 3.094000 8
2012.238200 -1.928364 3.310000 8
2012.240900 -1.147990 3.145000 8
2012.243700 1.670087 3.166000 8
2012.246400 -1.867998 3.250000 8
2012.249100 -6.567764 3.031000 8
2012.251900 -0.804129 3.136000 8
2012.254600 -1.782352 2.975000 8
2012.257400 -6.058371 3.064000 8
2012.260100 -1.563037 3.021000 8
2012.262800 -2.145368 3.035000 8
2012.265600 -4.521778 3.039000 8
2012.268300 -4.040514 3.121000 8
2012.271000 -2.907892 3.174000 8
2012.273800 -5.184617 3.250000 8
2012.276500 -2.149342 3.086000 8
2012.279300 -6.107588 3.321000 8
2012.282000 -1.895609 3.205000 8
2012.284700 0.770792 3.192000 8
2012.287500 -2.635574 3.096000 8
2012.290200 -5.849377 3.059000 8
2012.293000 -6.274103 3.157000 8
2012.295700 -1.171037 3.049000 8
2012.298400 -4.422461 3.098000 8
2012.301200 -3.547027 3.148000 8
2012.303900 0.723543 3.036000 8
2012.306600 4.957689 3.094000 8
2012.309400 -1.005509 3.189000 8
2012.312100 0.288773 3.191000 8
2012.314900 1.051584 3.128000 8
2012.317600 2.068107 3.216000 8
2012.320300 -1.781665 3.137000 8
2012.323100 -3.656082 3.080000 8
2012.325800 4.549558 3.157000 8
2012.328500 1.332990 3.117000 8
2012.331300 4.476620 3.351000 8
2012.334000 1.539649 3.218000 8
2012.336800 1.783781 3.244000 8
2012.339500 -0.107459 3.125000 8
2012.342200 -5.951745 3.244000 8
2012.345000 -3.844055 3.175000 8
2012.347700 -2.291403 3.183000 8
2012.350400 -4.638690 3.082000 8
2012.353200 -1.448111 3.141000 8
2012.355900 -4.518239 3.103000 8
2012.358700 -5.268563 3.205000 8
2012.361400 -5.556378 3.120000 8
2012.364100 -1.896944 3.102000 8
2012.366900 0.427215 3.074000 8
2012.369600 -7.206800 3.123000 8
2012.372300 -2.777447 3.203000 8
2012.375100 1.082569 3.148000 8
2012.377800 -1.660281 3.178000 8
2012.380600 -0.513497 3.119000 8
2012.383300 -3.580379 3.217000 8
2012.386000 0.395312 3.293000 8
2012.388800 1.561605 3.215000 8
2012.391500 3.153522 3.147000 8
2012.394300 -1.720973 3.204000 8
2012.397000 -2.373656 3.134000 8
2012.399700 -0.553551 3.091000 8
2012.402500 -0.555860 3.081000 8
2012.405200 0.181910 3.202000 8
2012.407900 -1.987400 3.198000 8
2012.410700 -2.243114 3.113000 8
2012.413400 -0.517492 3.294000 8
2012.416200 5.520744 3.196000 8
2012.418900 3.828478 3.218000 8
2012.421600 4.163352 3.227000 8
2012.424400 -5.162123 3.112000 8
2012.427100 -2.521869 3.036000 8
2012.429800 2.550657 3.143000 8
2012.432600 4.703886 3.039000 8
2012.435300 -1.048940 3.041000 8
2012.438100 -1.733020 3.085000 8
2012.440800 -1.085019 3.124000 8
2012.443500 -0.564528 3.178000 8
2012.446300 3.991783 3.195000 8
2012.449000 1.808364 3.137000 8
2012.451700 3.315563 3.202000 8
2012.454500 1.419670 3.200000 8
2012.457200 1.375219 3.267000 8
2012.460000 3.425741 3.320000 8
2012.462700 5.210813 3.263000 8
2012.465400 2.386711 3.141000 8
2012.468200 1.950689 3.089000 8
2012.470900 6.898361 3.096000 8
2012.473600 2.186982 3.148000 8
2012.476400 -3.282200 3.281000 8
2012.479100 -3.134562 3.191000 8
2012.481900 -1.858643 3.160000 8
2012.484600 -1.170826 3.142000 8
2012.487300 3.280135 3.144000 8
2012.490100 2.521511 3.212000 8
2012.492800 2.384882 3.128000 8
2012.495600 1.309762 3.231000 8
2012.498300 0.726695 3.160000 8
2012.501000 -1.603041 3.194000 8
2012.503800 3.957877 3.182000 8
2012.506500 8.335921 3.319000 8
2012.509200 -2.155601 3.263000 8
2012.512000 0.074687 3.412000 8
2012.514700 -0.297845 3.261000 8
2012.517500 3.151540 3.202000 8
2012.520200 1.012133 3.318000 8
2012.522900 -0.809673 3.246000 8
2012.525700 1.263603 3.205000 8
2012.528400 3.359115 3.252000 8
2012.531100 0.135321 3.197000 8
2012.533900 2.418780 3.186000 8
2012.536600 3.907488 3.332000 8
2012.539400 1.061567 3.350000 8
2012.542100 -3.157103 3.167000 8
2012.544800 2.920064 3.224000 8
2012.547600 1.726781 3.234000 8
2012.550300 -0.188263 3.216000 8
2012.553000 1.174611 3.305000 8
2012.555800 -2.073783 3.231000 8
2012.558500 -4.380962 3.395000 8
2012.561300 0.081716 3.338000 8
2012.564000 5.161585 3.338000 8
2012.566700 1.506494 3.304000 8
2012.569500 -0.334551 3.241000 8
2012.572200 -6.426452 3.174000 8
2012.574900 1.585756 3.228000 8
2012.577700 1.911201 3.147000 8
2012.580400 4.059731 3.196000 8
2012.583200 -3.217371 3.124000 8
2012.585900 -0.373433 3.216000 8
2012.588600 -0.903285 3.242000 8
2012.591400 3.476428 3.174000 8
2012.594100 1.095101 3.261000 8
2012.596900 -1.357528 3.184000 8
2012.599600 -0.796254 3.234000 8
2012.602300 -2.677678 3.380000 8
2012.605100 3.463794 3.238000 8
2012.607800 3.194075 3.191000 8
2012.610500 6.724708 3.155000 8
2012.613300 3.467438 3.119000 8
2012.616000 0.551873 3.159000 8
2012.618800 -4.085459 3.184000 8
2012.621500 5.130838 3.219000 8
2012.624200 2.090562 3.238000 8
2012.627000 4.003724 3.284000 8
2012.629700 4.497397 3.236000 8
2012.632400 3.240536 3.213000 8
2012.635200 6.623319 3.213000 8
2012.637900 4.507486 3.190000 8
2012.640700 2.992435 3.208000 8
2012.643400 4.290680 3.112000 8
2012.646100 6.744453 3.151000 8
2012.648900 8.117215 3.284000 8
2012.651600 2.203136 3.148000 8
2012.654300 5.421618 3.349000 8
2012.657100 4.136297 3.326000 8
2012.659800 4.310992 3.231000 8
2012.662600 6.844024 3.215000 8
2012.665300 2.541973 3.198000 8
2012.668000 8.874533 3.211000 8
2012.670800 6.605640 3.117000 8
2012.673500 8.241511 3.167000 8
2012.676200 3.214022 3.161000 8
2012.679000 6.071291 3.177000 8
2012.681700 12.842166 3.265000 8
2012.684500 0.141942 3.261000 8
2012.687200 2.729217 3.186000 8
2012.689900 2.768171 3.285000 8
2012.692700 4.128241 3.367000 8
2012.695400 1.540643 3.258000 8
2012.698200 0.235304 3.198000 8
2012.700900 -3.739816 3.345000 8
2012.703600 -0.569218 3.302000 8
2012.706400 -3.700145 3.140000 8
2012.709100 -0.593026 3.216000 8
2012.711800 1.443832 3.092000 8
2012.714600 -0.509620 3.165000 8
2012.717300 1.510800 3.178000 8
2012.720100 0.598056 3.124000 8
2012.722800 0.139064 3.248000 8
2012.725500 2.497842 3.155000 8
2012.728300 0.662673 3.102000 8
2012.731000 -2.733925 3.376000 8
2012.733700 4.472264 3.140000 8
2012.736500 3.830725 3.258000 8
2012.739200 -2.396428 3.244000 8
2012.742000 -0.293162 3.177000 8
2012.744700 3.410364 3.231000 8
2012.747400 -3.164296 3.185000 8
2012.750200 0.771681 3.361000 8
2012.752900 0.064730 3.183000 8
2012.755600 1.309606 3.102000 8
2012.758400 -1.545663 3.189000 8
2012.761100 0.550948 3.183000 8
2012.763900 3.225562 3.227000 8
2012.766600 0.545924 3.293000 8
2012.769300 2.038133 3.320000 8
2012.772100 5.087563 3.294000 8
2012.774800 2.869544 3.210000 8
2012.777500 2.145381 3.260000 8
2012.780300 3.381658 3.145000 8
2012.783000 -0.306715 3.294000 8
2012.785800 1.139497 3.207000 8
2012.788500 0.090923 3.144000 8
2012.791200 3.801217 3.193000 8
2012.794000 3.157311 3.237000 8
2012.796700 -0.093585 3.133000 8
2012.799500 4.061462 3.221000 8
2012.802200 8.173379 3.244000 8
2012.804900 9.458169 3.248000 8
2012.807700 0.108115 3.450000 8
2012.810400 -0.386280 3.302000 8
2012.813100 -2.010802 3.339000 8
2012.815900 1.867041 3.402000 8
2012.818600 -1.327670 3.339000 8
2012.821400 1.357122 3.261000 8
2012.824100 0.486217 3.246000 8
2012.826800 -0.963824 3.220000 8
2012.829600 -0.998159 3.320000 8
2012.832300 -0.552410 3.194000 8
2012.835000 5.109194 3.232000 8
2012.837800 -0.929297 3.284000 8
2012.840500 -4.476925 3.201000 8
2012.843300 -1.936519 3.306000 8
2012.846000 -0.519399 3.237000 8
2012.848700 3.418552 3.246000 8
2012.851500 3.575726 3.246000 8
2012.854200 -2.820611 3.298000 8
2012.856900 2.809863 3.147000 8
2012.859700 0.327741 3.305000 8
2012.862400 4.389881 3.270000 8
2012.865200 -0.864457 3.191000 8
2012.867900 -5.413688 3.258000 8
2012.870600 0.566849 3.269000 8
2012.873400 0.698076 3.284000 8
2012.876100 6.410181 3.213000 8
2012.878900 1.014083 3.477000 8
2012.881600 -5.086292 3.633000 8
2012.884300 -2.491959 3.193000 8
2012.887100 4.274325 3.273000 8
2012.889800 2.578097 3.630000 8
2012.892500 -0.718464 3.138000 8
2012.895300 -1.415931 3.128000 8
2012.898000 1.124855 3.171000 8
2012.900800 0.903825 3.224000 8
2012.903500 1.442890 3.114000 8
2012.906200 -1.102462 3.146000 8
2012.909000 -2.822508 3.406000 8
2012.911700 -3.186693 3.333000 8
2012.914400 -5.492353 3.469000 8
2012.917200 -6.006597 3.904000 8
2012.919900 -5.805215 3.725000 8
2012.922700 -2.069351 3.197000 8
2012.925400 1.112982 3.160000 8
2012.928100 -3.154272 3.304000 8
2012.930900 -3.067956 3.242000 8
2012.933600 -2.319405 3.256000 8
2012.936300 1.543485 3.209000 8
2012.939100 -1.068983 3.112000 8
2012.941800 -6.020447 3.268000 8
2012.944600 -0.933231 3.166000 8
2012.947300 -2.192164 3.428000 8
2012.950000 4.344103 3.305000 8
2012.952800 7.921095 3.121000 8
2012.955500 2.101712 3.160000 8
2012.958200 0.275436 3.182000 8
2012.961000 -1.980084 3.458000 8
2012.963700 1.534797 3.338000 8
2012.966500 2.468442 3.128000 8
2012.969200 0.153343 3.234000 8
2012.971900 -4.624817 3.332000 8
2012.974700 -5.436212 3.385000 8
2012.977400 -6.192566 3.298000 8
2012.980200 -1.339167 3.309000 8
2012.982900 -4.460866 3.254000 8
2012.985600 -6.757809 3.355000 8
2012.988400 -6.103030 3.200000 8
2012.991100 -2.194553 3.269000 8
2012.993800 -3.942437 3.148000 8
2012.996600 -3.234649 3.160000 8
2012.999300 -3.314357 3.172000 8
2013.002100 -6.460436 3.373000 8
2013.004800 -4.206138 3.140000 8
2013.007500 -5.135410 3.089000 8
2013.010300 -2.212134 3.247000 8
2013.013000 -6.814661 3.107000 8
2013.015700 -4.969887 3.158000 8
2013.018500 -2.708667 3.076000 8
2013.021200 -4.306419 3.296000 8
2013.024000 -2.017802 3.207000 8
2013.026700 3.078735 3.134000 8
2013.029400 -2.588654 3.078000 8
2013.032200 -2.444807 3.039000 8
2013.034900 -3.616189 3.122000 8
2013.037600 -0.051637 3.164000 8
2013.040400 -7.841001 3.192000 8
2013.043100 -8.315731 3.265000 8
2013.045900 -6.264488 3.384000 8
2013.048600 -7.865694 3.271000 8
2013.051300 -2.983208 3.181000 8
2013.054100 -8.095929 3.181000 8
2013.056800 -6.300215 3.215000 8
2013.059500 -3.334953 3.137000 8
2013.062300 -3.494098 3.405000 8
2013.065000 -5.232906 3.309000 8
2013.067800 -6.481265 3.167000 8
2013.070500 -2.368343 3.224000 8
2013.073200 -10.024118 3.171000 8
2013.076000 -5.331673 3.147000 8
2013.078700 -2.994018 3.206000 8
2013.081500 -9.041303 3.243000 8
2013.084200 -8.845417 3.168000 8
2013.086900 -8.940472 3.150000 8
2013.089700 -8.469722 3.126000 8
2013.092400 -5.199842 3.137000 8
2013.095100 -1.024047 3.086000 8
2013.097900 -5.282716 3.451000 8
2013.100600 -0.393279 3.435000 8
2013.103400 -3.310493 3.160000 8
2013.106100 -2.586606 3.118000 8
2013.108800 -2.019041 3.146000 8
2013.111600 -0.385417 3.228000 8
2013.114300 -5.904685 3.159000 8
2013.117000 -3.321410 3.284000 8
2013.119800 -1.861381 3.166000 8
2013.122500 -8.210214 3.117000 8
2013.125300 -3.790501 3.208000 8
2013.128000 -4.440621 3.161000 8
2013.130700 -0.601419 3.165000 8
2013.133500 -0.755989 3.135000 8
2013.136200 -2.019333 3.284000 8
2013.138900 0.046521 3.118000 8
2013.141700 -1.004724 3.264000 8
2013.144400 -2.338662 3.194000 8
2013.147200 -3.198923 3.150000 8
2013.149900 -0.550813 3.141000 8
2013.152600 -2.152699 3.170000 8
2013.155400 0.310755 3.119000 8
2013.158100 -4.307307 3.131000 8
2013.160800 -3.940472 3.073000 8
2013.163600 -8.269641 3.057000 8
2013.166300 -8.091192 3.213000 8
2013.169100 -2.115978 3.121000 8
2013.171800 -1.568047 3.096000 8
2013.174500 -0.996380 3.285000 8
2013.177300 -2.096296 3.392000 8
2013.180000 -0.431330 3.251000 8
2013.182800 2.596821 3.157000 8
2013.185500 -3.462026 3.304000 8
2013.188200 -0.980274 3.140000 8
2013.191000 -6.921686 3.077000 8
2013.193700 -5.407899 3.130000 8
2013.196400 0.751417 3.135000 8
2013.199200 2.093222 3.224000 8
2013.201900 6.663440 3.146000 8
2013.204700 4.983917 3.155000 8
2013.207400 3.239959 3.258000 8
2013.210100 4.141433 3.194000 8
2013.212900 4.779828 3.108000 8
2013.215600 1.853028 3.275000 8
2013.218300 3.757617 3.212000 8
2013.221100 -0.270209 3.139000 8
2013.223800 4.594027 3.169000 8
2013.226600 1.240627 3.171000 8
2013.229300 3.443469 3.136000 8
2013.232000 3.317650 3.135000 8
2013.234800 0.238874 3.087000 8
2013.237500 3.389618 3.301000 8
2013.240200 4.949687 3.203000 8
2013.243000 1.020484 3.323000 8
2013.245700 -0.174906 3.283000 8
2013.248500 -1.288772 3.232000 8
2013.251200 5.140378 3.173000 8
2013.253900 7.342849 3.118000 8
2013.256700 5.433549 3.487000 8
2013.259400 5.944574 3.252000 8
2013.262100 5.412934 3.234000 8
2013.264900 3.991238 3.294000 8
2013.267600 12.691187 3.258000 8
2013.270400 3.363899 3.282000 8
2013.273100 6.755474 3.358000 8
2013.275800 6.791427 3.378000 8
2013.278600 3.377881 3.263000 8
2013.281300 7.346531 3.319000 8
2013.284100 6.510515 3.179000 8
2013.286800 2.059921 3.237000 8
2013.289500 5.568776 3.300000 8
2013.292300 2.803728 3.299000 8
2013.295000 0.388442 3.144000 8
2013.297700 4.028662 3.178000 8
2013.300500 -0.057242 3.191000 8
2013.303200 1.696960 3.159000 8
2013.306000 3.489900 3.244000 8
2013.308700 8.071177 3.350000 8
2013.311400 6.112072 3.278000 8
2013.314200 5.032512 3.111000 8
2013.316900 -1.973365 3.186000 8
2013.319600 -0.321545 3.342000 8
2013.322400 3.279645 3.219000 8
2013.325100 5.583862 3.273000 8
2013.327900 -1.309660 3.133000 8
2013.330600 -0.806925 3.309000 8
2013.333300 -3.769342 3.254000 8
2013.336100 -0.666645 3.276000 8
2013.338800 -0.054349 3.346000 8
2013.341500 7.516891 3.315000 8
2013.344300 1.867119 3.176000 8
2013.347000 2.691280 3.242000 8
2013.349800 -5.169648 3.133000 8
2013.352500 -4.288420 3.232000 8
2013.355200 2.020932 3.395000 8
2013.358000 -8.396904 3.288000 8
2013.360700 -1.936258 3.252000 8
2013.363400 -3.873374 3.370000 8
2013.366200 -3.639759 3.431000 8
2013.368900 1.138656 3.278000 8
2013.371700 6.666759 3.411000 8
2013.374400 1.012869 3.261000 8
2013.377100 2.156417 3.279000 8
2013.379900 -4.853397 3.447000 8
2013.382600 -1.085903 3.474000 8
2013.385400 1.336203 3.325000 8
2013.388100 3.329815 3.330000 8
2013.390800 1.553075 3.168000 8
2013.393600 -1.541075 3.182000 8
2013.396300 1.061563 3.316000 8
2013.399000 2.830978 3.317000 8
2013.401800 0.521978 3.320000 8
2013.404500 0.749036 3.278000 8
2013.407300 0.352684 3.352000 8
2013.410000 -2.604438 3.279000 8
2013.412700 -0.619562 3.296000 8
2013.415500 -0.432076 3.807000 8
2013.418200 3.250889 3.357000 8
2013.420900 0.351981 3.510000 8
2013.423700 -1.253279 3.349000 8
2013.426400 1.068172 3.309000 8
2013.429200 8.492302 3.493000 8
2013.431900 3.850291 3.290000 8
2013.434600 2.144627 3.496000 8
2013.437400 -2.691297 3.337000 8
2013.440100 -0.200156 3.301000 8
2013.442800 0.893463 3.375000 8
2013.445600 2.229895 3.563000 8
2013.448300 0.974583 3.362000 8
2013.451100 4.712140 3.387000 8
2013.453800 -2.318930 3.298000 8
2013.456500 -6.113307 3.312000 8
2013.459300 3.813280 3.370000 8
2013.462000 1.309402 3.328000 8
2013.464800 1.888559 3.360000 8
2013.467500 2.552351 3.244000 8
2013.470200 4.884043 3.369000 8
2013.473000 1.390881 3.395000 8
2013.475700 5.926490 3.458000 8
2013.478400 -2.035883 3.591000 8
2013.481200 -1.000986 3.487000 8
2013.483900 -4.811201 3.340000 8
2013.486700 -9.224058 3.441000 8
2013.489400 -7.393958 3.371000 8
2013.492100 -3.956647 3.553000 8
2013.494900 -3.170840 3.408000 8
2013.497600 -1.348987 3.391000 8
2013.500300 -5.913812 3.450000 8
2013.503100 -7.200996 3.571000 8
2013.505800 2.197940 3.566000 8
2013.508600 4.371621 3.558000 8
2013.511300 7.934461 3.538000 8
2013.514000 -0.486204 3.460000 8
2013.516800 1.746034 3.513000 8
2013.519500 -2.449524 3.533000 8
2013.522200 0.512511 3.628000 8
2013.525000 0.654614 3.691000 8
2013.527700 -2.368048 3.436000 8
2013.530500 0.406471 3.607000 8
2013.533200 -7.357764 3.592000 8
2013.535900 2.560747 3.352000 8
2013.538700 4.372613 3.478000 8
2013.541400 -3.773270 3.353000 8
2013.544100 -3.745323 3.448000 8
2013.546900 0.630159 3.463000 8
2013.549600 -0.191119 3.478000 8
2013.552400 2.242260 3.537000 8
2013.555100 4.020865 3.518000 8
2013.557800 3.353432 3.455000 8
2013.560600 1.217841 3.426000 8
2013.563300 -4.849557 3.539000 8
2013.566100 2.842013 3.468000 8
2013.568800 -1.655253 3.408000 8
2013.571500 2.544563 3.577000 8
2013.574300 1.019536 3.550000 8
2013.577000 -3.598380 3.525000 8
2013.579700 0.686850 3.451000 8
2013.582500 1.032431 3.515000 8
2013.585200 0.282057 3.357000 8
2013.588000 1.091166 3.391000 8
2013.590700 3.497270 3.513000 8
2013.593400 1.605618 3.495000 8
2013.596200 4.271646 3.355000 8
2013.598900 0.394585 3.470000 8
2013.601600 2.310822 3.441000 8
2013.604400 -1.655062 3.525000 8
2013.607100 1.536871 3.431000 8
2013.609900 1.830817 3.421000 8
2013.612600 7.630513 3.435000 8
2013.615300 3.346587 3.347000 8
2013.618100 2.475878 3.476000 8
2013.620800 4.672807 3.519000 8
2013.623500 2.284160 3.456000 8
2013.626300 -4.804067 3.524000 8
2013.629000 4.389228 3.446000 8
2013.631800 8.892079 3.432000 8
2013.634500 -2.513631 3.598000 8
2013.637200 9.460148 3.660000 8
2013.640000 5.691691 3.447000 8
2013.642700 3.793542 3.451000 8
2013.645400 8.384918 3.355000 8
2013.648200 2.569264 3.487000 8
2013.650900 4.256782 3.400000 8
2013.653700 5.537410 3.435000 8
2013.656400 2.613114 3.436000 8
2013.659100 0.675398 3.484000 8
2013.661900 1.157001 3.363000 8
2013.664600 3.344533 3.369000 8
2013.667400 5.213525 3.460000 8
2013.670100 1.340345 3.482000 8
2013.672800 7.662793 3.672000 8
2013.675600 1.017912 3.588000 8
2013.678300 -1.566298 3.592000 8
2013.681000 0.391147 3.342000 8
2013.683800 5.553476 3.432000 8
2013.686500 3.866315 3.329000 8
2013.689300 1.748181 3.401000 8
2013.692000 6.556449 3.511000 8
2013.694700 1.905410 3.443000 8
2013.697500 2.274613 3.330000 8
2013.700200 3.557048 3.392000 8
2013.702900 5.352200 3.455000 8
2013.705700 4.361808 3.478000 8
2013.708400 3.597478 3.595000 8
2013.711200 3.088748 3.545000 8
2013.713900 6.420963 3.406000 8
2013.716600 6.131928 3.325000 8
2013.719400 5.368710 3.410000 8
2013.722100 1.001260 3.615000 8
2013.724800 7.592578 3.403000 8
2013.727600 0.254931 3.452000 8
2013.730300 14.263871 3.614000 8
2013.733100 5.250991 3.569000 8
2013.735800 3.715574 3.548000 8
2013.738500 4.871955 3.464000 8
2013.741300 2.538735 3.439000 8
2013.744000 9.368792 3.517000 8
2013.746700 10.919661 3.437000 8
2013.749500 3.825149 3.389000 8
2013.752200 0.530725 3.474000 8
2013.755000 3.594065 3.280000 8
2013.757700 -3.741635 3.483000 8
2013.760400 -1.207500 3.346000 8
2013.763200 0.165618 3.299000 8
2013.765900 4.094502 3.376000 8
2013.768700 -0.991483 3.380000 8
2013.771400 8.812164 3.494000 8
2013.774100 2.219664 3.381000 8
2013.776900 1.075514 3.331000 8
2013.779600 3.286797 3.371000 8
2013.782300 1.350941 3.381000 8
2013.785100 -2.395349 3.272000 8
2013.787800 -0.702406 3.392000 8
2013.790600 2.288247 3.399000 8
2013.793300 1.522995 3.330000 8
2013.796000 3.935613 3.412000 8
2013.798800 2.654157 3.357000 8
2013.801500 2.841589 3.393000 8
2013.804200 4.154893 3.419000 8
2013.807000 6.192335 3.349000 8
2013.809700 4.791455 3.335000 8
2013.812500 3.976853 3.378000 8
2013.815200 4.194787 3.367000 8
2013.817900 3.191591 3.393000 8
2013.820700 7.419882 3.471000 8
2013.823400 11.565492 3.488000 8
2013.826100 2.728968 3.513000 8
2013.828900 8.919133 3.398000 8
2013.831600 6.862400 3.415000 8
2013.834400 4.094490 3.462000 8
2013.837100 8.243535 3.439000 8
2013.839800 6.643429 3.606000 8
2013.842600 6.991340 3.473000 8
2013.845300 9.179984 3.542000 8
2013.848000 2.417461 3.322000 8
2013.850800 3.870145 3.457000 8
2013.853500 7.290337 3.325000 8
2013.856300 6.487858 3.551000 8
2013.859000 7.776736 3.399000 8
2013.861700 4.967411 3.324000 8
2013.864500 0.191593 3.541000 8
2013.867200 2.548903 3.322000 8
2013.870000 5.702834 3.286000 8
2013.872700 8.555739 3.311000 8
2013.875400 10.066392 3.353000 8
2013.878200 3.714829 3.390000 8
2013.880900 -0.942992 3.520000 8
2013.883600 5.726900 3.515000 8
2013.886400 12.771729 3.397000 8
2013.889100 2.399067 3.453000 8
2013.891900 6.592441 3.578000 8
2013.894600 -1.798834 3.524000 8
2013.897300 2.892530 3.415000 8
2013.900100 1.774066 3.335000 8
2013.902800 0.905718 3.258000 8
2013.905500 5.314957 3.288000 8
2013.908300 4.768493 3.330000 8
2013.911000 -0.258091 3.396000 8
2013.913800 1.790698 3.319000 8
2013.916500 2.473209 3.327000 8
2013.919200 7.746209 3.363000 8
2013.922000 8.411683 3.407000 8
2013.924700 8.224645 3.251000 8
2013.927400 12.568027 3.299000 8
2013.930200 11.236972 3.277000 8
2013.932900 2.403172 3.231000 8
2013.935700 10.727986 3.285000 8
2013.938400 1.925899 3.342000 8
2013.941100 6.724104 3.313000 8
2013.943900 3.722986 3.294000 8
2013.946600 5.635737 3.518000 8
2013.949300 4.171695 3.304000 8
2013.952100 4.991377 3.297000 8
2013.954800 3.526702 3.356000 8
2013.957600 4.083772 3.392000 8
2013.960300 6.008335 3.384000 8
2013.963000 5.049949 3.427000 8
2013.965800 10.301327 3.366000 8
2013.968500 9.731978 3.489000 8
2013.971300 15.349396 3.387000 8
2013.974000 5.299944 3.301000 8
2013.976700 0.462368 3.398000 8
2013.979500 7.129548 3.417000 8
2013.982200 6.388646 3.444000 8
2013.984900 8.528511 3.409000 8
2013.987700 5.979101 3.350000 8
2013.990400 5.705406 3.316000 8
2013.993200 9.008408 3.327000 8
2013.995900 5.062992 3.397000 8
2013.998600 10.811143 3.353000 8
2014.001400 4.124930 3.451000 8
2014.004100 6.795109 3.412000 8
2014.006800 6.622730 3.422000 8
2014.009600 7.110906 3.358000 8
2014.012300 4.351295 3.501000 8
2014.015100 4.650174 3.292000 8
2014.017800 4.534150 3.512000 8
2014.020500 3.958348 3.274000 8
2014.023300 5.756925 3.475000 8
2014.026000 5.019436 3.603000 8
2014.028700 2.820033 3.434000 8
2014.031500 5.562877 3.591000 8
2014.034200 5.006505 3.478000 8
2014.037000 2.742283 3.469000 8
2014.039700 1.699750 3.449000 8
2014.042400 0.476067 3.321000 8
2014.045200 6.417371 3.428000 8
2014.047900 5.757236 3.317000 8
2014.050700 5.238970 3.264000 8
2014.053400 2.333185 3.421000 8
2014.056100 3.682009 3.323000 8
2014.058900 2.438510 3.319000 8
2014.061600 6.356387 3.342000 8
2014.064300 6.481727 3.451000 8
2014.067100 6.739534 3.371000 8
2014.069800 7.181628 3.309000 8
2014.072600 8.279040 3.355000 8
2014.075300 8.835689 3.363000 8
2014.078000 7.799556 3.409000 8
2014.080800 13.243502 3.387000 8
2014.083500 11.586625 3.333000 8
2014.086200 1.625818 3.297000 8
2014.089000 8.432839 3.468000 8
2014.091700 10.892993 3.472000 8
2014.094500 12.231796 3.303000 8
2014.097200 11.144714 3.271000 8
2014.099900 13.216462 3.281000 8
2014.102700 11.690583 3.488000 8
2014.105400 11.398805 3.595000 8
2014.108100 5.132718 3.613000 8
2014.110900 -2.321287 3.552000 8
2014.113600 7.885817 3.254000 8
2014.116400 7.039803 3.372000 8
2014.119100 8.735912 3.315000 8
2014.121800 13.734484 3.464000 8
2014.124600 15.140630 3.371000 8
2014.127300 9.458937 3.588000 8
2014.130000 13.921578 3.385000 8
2014.132800 8.785475 3.449000 8
2014.135500 11.322592 3.562000 8
2014.138300 11.319746 3.424000 8
2014.141000 12.818171 3.313000 8
2014.143700 14.725725 3.479000 8
2014.146500 10.044984 3.417000 8
2014.149200 8.218605 3.275000 8
2014.152000 10.381707 3.236000 8
2014.154700 7.447244 3.293000 8
2014.157400 5.797722 3.507000 8
2014.160200 13.529338 3.607000 8
2014.162900 17.421515 3.475000 8
2014.165600 13.278529 3.141000 8
2014.168400 7.759338 3.419000 8
2014.171100 14.338851 3.582000 8
2014.173900 14.194926 3.430000 8
2014.176600 10.736811 3.705000 8
2014.179300 10.250383 3.498000 8
2014.182100 8.411167 3.242000 8
2014.184800 10.938939 3.379000 8
2014.187500 11.236316 3.558000 8
2014.190300 12.826559 3.374000 8
2014.193000 12.597983 3.527000 8
2014.195800 11.388040 3.302000 8
2014.198500 9.262419 3.331000 8
2014.201200 3.840290 3.280000 8
2014.204000 9.585450 3.476000 8
2014.206700 13.135154 3.312000 8
2014.209400 16.596296 3.343000 8
2014.212200 9.871386 3.296000 8
2014.214900 9.774261 3.340000 8
2014.217700 12.301858 3.290000 8
2014.220400 8.541409 3.311000 8
2014.223100 9.236328 3.279000 8
2014.225900 11.682640 3.322000 8
2014.228600 11.723170 3.329000 8
2014.231300 14.578042 3.508000 8
2014.234100 10.783983 3.743000 8
2014.236800 12.548420 3.364000 8
2014.239600 3.405715 3.476000 8
2014.242300 2.242700 3.519000 8
2014.245000 10.492006 3.375000 8
2014.247800 11.020861 3.448000 8
2014.250500 10.087705 3.343000 8
2014.253300 9.752899 3.233000 8
2014.256000 6.802289 3.312000 8
2014.258700 7.529007 3.380000 8
2014.261500 10.865785 3.507000 8
2014.264200 11.186075 3.389000 8
2014.266900 10.578711 3.390000 8
2014.269700 9.389132 3.267000 8
2014.272400 9.001390 3.506000 8
2014.275200 10.781254 3.561000 8
2014.277900 11.792176 3.503000 8
2014.280600 14.075498 3.288000 8
2014.283400 11.475174 3.391000 8
2014.286100 9.993244 3.383000 8
2014.288800 9.559758 3.543000 8
2014.291600 9.537390 3.329000 8
2014.294300 9.523754 3.303000 8
2014.297100 9.550084 3.319000 8
2014.299800 11.338378 3.346000 8
2014.302500 7.805214 3.410000 8
2014.305300 8.388804 3.346000 8
2014.308000 13.633702 3.306000 8
2014.310700 9.900213 3.374000 8
2014.313500 6.722284 3.365000 8
2014.316200 7.004008 3.354000 8
2014.319000 10.998172 3.297000 8
2014.321700 11.256221 3.351000 8
2014.324400 2.915017 3.354000 8
2014.327200 6.587087 3.502000 8
2014.329900 1.265387 3.283000 8
2014.332600 3.347524 3.225000 8
2014.335400 10.351788 3.306000 8
2014.338100 9.153622 3.427000 8
2014.340900 8.825493 3.305000 8
2014.343600 18.448159 3.287000 8
2014.346300 12.738832 3.245000 8
2014.349100 10.235424 3.419000 8
2014.351800 9.759144 3.406000 8
2014.354600 4.334715 3.298000 8
2014.357300 7.165634 3.263000 8
2014.360000 4.558742 3.325000 8
2014.362800 6.898614 3.332000 8
2014.365500 1.136155 3.179000 8
2014.368200 4.488002 3.526000 8
2014.371000 3.760542 3.339000 8
2014.373700 9.260064 3.426000 8
2014.376500 11.741241 3.340000 8
2014.379200 7.863603 3.299000 8
2014.381900 4.561476 3.367000 8
2014.384700 10.769964 3.371000 8
2014.387400 8.338933 3.451000 8
2014.390100 14.360540 3.393000 8
2014.392900 14.078737 3.388000 8
2014.395600 6.072699 3.405000 8
2014.398400 3.873246 3.400000 8
2014.401100 -0.383260 3.382000 8
2014.403800 8.672088 3.403000 8
2014.406600 6.800025 3.369000 8
2014.409300 4.767171 3.537000 8
2014.412000 6.762302 3.442000 8
2014.414800 6.123042 3.340000 8
2014.417500 7.889240 3.398000 8
2014.420300 11.063068 3.298000 8
2014.423000 7.456513 3.355000 8
2014.425700 5.725162 3.312000 8
2014.428500 4.528487 3.323000 8
2014.431200 4.453652 3.447000 8
2014.433900 10.623153 3.561000 8
2014.436700 12.745389 3.407000 8
2014.439400 6.382672 3.404000 8
2014.442200 12.949736 3.436000 8
2014.444900 4.832979 3.559000 8
2014.447600 6.509775 3.508000 8
2014.450400 1.701433 3.397000 8
2014.453100 8.630451 3.461000 8
2014.455900 9.915391 3.403000 8
2014.458600 5.776803 3.431000 8
2014.461300 2.730980 3.379000 8
2014.464100 7.638182 3.487000 8
2014.466800 8.377007 3.452000 8
2014.469500 6.552721 3.446000 8
2014.472300 3.732571 3.518000 8
2014.475000 1.386181 3.394000 8
2014.477800 5.433009 3.481000 8
2014.480500 4.809677 3.354000 8
2014.483200 5.950434 3.367000 8
2014.486000 14.102536 3.415000 8
2014.488700 7.444587 3.405000 8
2014.491400 10.083840 3.297000 8
2014.494200 10.706576 3.302000 8
2014.496900 12.969353 3.521000 8
2014.499700 2.460709 3.392000 8
2014.502400 7.034158 3.409000 8
2014.505100 4.017989 3.349000 8
2014.507900 4.232552 3.366000 8
2014.510600 7.101269 3.262000 8
2014.513300 2.831472 3.460000 8
2014.516100 12.336565 3.353000 8
2014.518800 10.391859 3.369000 8
2014.521600 9.992152 3.364000 8
2014.524300 7.846669 3.605000 8
2014.527000 14.054834 3.256000 8
2014.529800 9.118166 3.508000 8
2014.532500 6.326742 3.391000 8
2014.535200 7.888057 3.402000 8
2014.538000 6.610712 3.363000 8
2014.540700 16.227618 3.257000 8
2014.543500 7.584984 3.249000 8
2014.546200 5.821596 3.467000 8
2014.548900 12.391087 3.300000 8
2014.551700 13.033217 3.493000 8
2014.554400 11.654577 3.408000 8
2014.557200 6.582701 3.392000 8
2014.559900 9.629033 3.232000 8
2014.562600 11.355371 3.274000 8
2014.565400 12.157660 3.313000 8
2014.568100 12.809118 3.323000 8
2014.570800 9.708651 3.318000 8
2014.573600 8.321326 3.302000 8
2014.576300 9.693116 3.455000 8
2014.579100 7.901178 3.347000 8
2014.581800 6.821313 3.420000 8
2014.584500 7.041629 3.426000 8
2014.587300 11.830412 3.452000 8
2014.590000 13.199196 3.411000 8
2014.592700 8.047220 3.318000 8
2014.595500 13.085906 3.375000 8
2014.598200 12.877511 3.397000 8
2014.601000 7.114913 3.478000 8
2014.603700 4.463171 3.321000 8
2014.606400 10.372757 3.424000 8
2014.609200 3.369340 3.433000 8
2014.611900 5.458680 3.508000 8
2014.614600 3.206395 3.600000 8
2014.617400 5.303309 3.427000 8
2014.620100 5.223872 3.580000 8
2014.622900 7.449771 3.520000 8
2014.625600 4.978240 3.445000 8
2014.628300 8.456157 3.404000 8
2014.631100 4.639614 3.495000 8
2014.633800 15.328519 3.797000 8
2014.636600 8.927103 3.540000 8
2014.639300 9.039049 3.458000 8
2014.642000 6.543506 3.445000 8
2014.644800 10.586847 3.456000 8
2014.647500 7.058418 3.422000 8
2014.650200 6.538533 3.615000 8
2014.653000 6.021741 3.456000 8
2014.655700 -3.245963 3.646000 8
2014.658500 12.955566 3.494000 8
2014.661200 15.367085 3.447000 8
2014.663900 8.243201 3.359000 8
2014.666700 10.503760 3.241000 8
2014.669400 7.826159 3.359000 8
2014.672100 10.378184 3.343000 8
2014.674900 8.507862 3.438000 8
2014.677600 10.443225 3.423000 8
2014.680400 7.253384 3.430000 8
2014.683100 7.741121 3.462000 8
2014.685800 10.702527 3.592000 8
2014.688600 11.318941 3.367000 8
2014.691300 10.542770 3.305000 8
2014.694000 12.809292 3.314000 8
2014.696800 10.811036 3.517000 8
2014.699500 9.792028 3.469000 8
2014.702300 11.627386 3.459000 8
2014.705000 6.542878 3.412000 8
2014.707700 5.419098 3.451000 8
2014.710500 8.954900 3.375000 8
2014.713200 9.740663 3.463000 8
2014.715900 9.413173 3.477000 8
2014.718700 16.679483 3.356000 8
2014.721400 6.822575 3.376000 8
2014.724200 10.188611 3.352000 8
2014.726900 9.048309 3.407000 8
2014.729600 7.285787 3.469000 8
2014.732400 1.265426 3.555000 8
2014.735100 3.822544 3.441000 8
2014.737900 14.949972 3.426000 8
2014.740600 7.921754 3.358000 8
2014.743300 11.226342 3.290000 8
2014.746100 8.073457 3.335000 8
2014.748800 -0.250261 3.279000 8
2014.751500 8.807842 3.465000 8
2014.754300 7.153691 3.384000 8
2014.757000 6.660516 3.325000 8
2014.759800 10.094235 3.322000 8
2014.762500 3.892799 3.343000 8
2014.765200 8.465205 3.311000 8
2014.768000 14.808722 3.289000 8
2014.770700 7.971890 3.354000 8
2014.773400 11.284910 3.240000 8
2014.776200 8.153260 3.345000 8
2014.778900 6.730061 3.486000 8
2014.781700 7.639338 3.279000 8
2014.784400 7.383932 3.390000 8
2014.787100 3.877390 3.615000 8
2014.789900 5.620541 3.333000 8
2014.792600 7.134804 3.234000 8
2014.795300 12.855937 3.264000 8
2014.798100 11.316978 3.405000 8
2014.800800 12.454924 3.427000 8
2014.803600 14.634920 3.443000 8
2014.806300 13.303681 3.394000 8
2014.809000 10.516316 3.295000 8
2014.811800 10.726211 3.421000 8
2014.814500 0.633659 3.454000 8
2014.817200 5.047979 3.352000 8
2014.820000 8.326766 3.379000 8
2014.822700 8.520893 3.319000 8
2014.825500 5.511625 3.345000 8
2014.828200 6.812549 3.372000 8
2014.830900 1.258335 3.464000 8
2014.833700 11.750926 3.361000 8
2014.836400 10.101492 3.303000 8
2014.839200 5.004994 3.287000 8
2014.841900 9.115322 3.537000 8
2014.844600 9.885490 3.517000 8
2014.847400 7.680787 3.434000 8
2014.850100 5.579686 3.174000 8
2014.852800 7.309406 3.262000 8
2014.855600 16.181441 3.441000 8
2014.858300 15.042852 3.353000 8
2014.861100 12.108696 3.417000 8
2014.863800 5.860764 3.331000 8
2014.866500 8.963613 3.462000 8
2014.869300 9.762069 3.420000 8
2014.872000 12.057519 3.328000 8
2014.874700 7.934719 3.297000 8
2014.877500 5.595691 3.289000 8
2014.880200 8.046424 3.330000 8
2014.883000 18.606033 3.364000 8
2014.885700 11.240247 3.528000 8
2014.888400 7.812150 3.566000 8
2014.891200 14.241076 3.581000 8
2014.893900 9.562373 3.503000 8
2014.896600 5.381314 3.336000 8
2014.899400 2.867415 3.453000 8
2014.902100 2.514652 3.381000 8
2014.904900 8.521136 3.282000 8
2014.907600 10.273598 3.509000 8
2014.910300 9.272614 3.458000 8
2014.913100 15.862993 3.262000 8
2014.915800 7.485116 3.399000 8
2014.918500 7.379731 3.322000 8
2014.921300 7.858813 3.797000 8
2014.924000 8.205404 3.514000 8
2014.926800 11.898522 3.265000 8
2014.929500 4.388992 3.336000 8
2014.932200 5.824840 3.348000 8
2014.935000 12.164294 3.429000 8
2014.937700 8.273868 3.404000 8
2014.940500 9.566094 3.290000 8
2014.943200 12.763285 3.887000 8
2014.945900 3.346719 3.620000 8
2014.948700 6.327859 3.264000 8
2014.951400 6.524735 3.378000 8
2014.954100 10.395766 3.384000 8
2014.956900 5.926539 3.353000 8
2014.959600 9.841825 3.329000 8
2014.962400 2.662869 3.298000 8
2014.965100 2.952277 3.346000 8
2014.967800 1.526677 3.498000 8
2014.970600 2.598844 3.497000 8
2014.973300 5.248158 3.424000 8
2014.976000 -0.440642 3.296000 8
2014.978800 6.472316 3.477000 8
2014.981500 10.300210 3.317000 8
2014.984300 6.360844 3.243000 8
2014.987000 -1.680722 3.337000 8
2014.989700 2.239409 3.271000 8
2014.992500 2.395240 3.246000 8
2014.995200 9.493671 3.260000 8
2014.997900 11.529679 3.337000 8
2015.000700 11.786328 3.300000 8
2015.003400 3.840387 3.263000 8
2015.006200 2.822035 3.268000 8
2015.008900 2.820970 3.448000 8
2015.011600 4.428271 3.421000 8
2015.014400 0.392071 3.340000 8
2015.017100 5.847983 3.312000 8
2015.019800 3.254127 3.301000 8
2015.022600 9.532661 3.339000 8
2015.025300 8.757143 3.281000 8
2015.028100 0.450930 3.338000 8
2015.030800 5.487561 3.219000 8
2015.033500 4.794195 3.355000 8
2015.036300 4.888993 3.353000 8
2015.039000 3.837491 3.429000 8
2015.041800 5.492046 3.414000 8
2015.044500 7.921214 3.286000 8
2015.047200 5.691147 3.440000 8
2015.050000 4.197965 3.329000 8
2015.052700 5.127274 3.230000 8
2015.055400 6.089204 3.289000 8
2015.058200 4.781827 3.193000 8
2015.060900 3.132837 3.301000 8
2015.063700 7.183402 3.511000 8
2015.066400 11.775290 3.430000 8
2015.069100 11.242554 3.377000 8
2015.071900 2.473155 3.249000 8
2015.074600 6.447999 3.325000 8
2015.077300 9.318073 3.295000 8
2015.080100 5.213248 3.218000 8
2015.082800 13.923603 3.565000 8
2015.085600 12.161893 3.407000 8
2015.088300 5.994331 3.244000 8
2015.091000 4.128756 3.333000 8
2015.093800 9.087852 3.340000 8
2015.096500 8.846065 3.482000 8
2015.099200 9.583121 3.970000 8
2015.102000 6.187573 3.852000 8
2015.104700 13.203128 3.458000 8
2015.107500 4.799887 3.852000 8
2015.110200 5.741749 3.347000 8
2015.112900 5.279221 3.380000 8
2015.115700 1.494600 3.298000 8
2015.118400 6.355101 3.267000 8
2015.121100 8.860076 3.253000 8
2015.123900 12.539651 3.350000 8
2015.126600 6.901384 3.265000 8
2015.129400 7.372506 3.281000 8
2015.132100 1.809821 3.330000 8
2015.134800 6.045396 3.472000 8
2015.137600 7.111036 3.239000 8
2015.140300 8.561940 3.164000 8
2015.143100 11.810689 3.348000 8
2015.145800 9.601759 3.548000 8
2015.148500 6.985890 3.401000 8
2015.151300 7.884530 3.393000 8
2015.154000 5.247595 3.253000 8
2015.156700 6.978610 3.315000 8
2015.159500 3.087793 3.469000 8
2015.162200 10.619525 3.419000 8
2015.165000 9.524194 3.458000 8
2015.167700 5.078505 3.256000 8
2015.170400 8.751598 3.220000 8
2015.173200 8.721282 3.469000 8
2015.175900 4.785763 3.496000 8
2015.178600 6.722937 3.306000 8
2015.181400 5.995354 3.352000 8
2015.184100 7.254743 3.484000 8
2015.186900 8.407142 3.352000 8
2015.189600 8.287639 3.455000 8
2015.192300 5.297699 3.570000 8
2015.195100 7.158421 3.472000 8
2015.197800 7.219447 3.463000 8
2015.200500 6.989970 3.412000 8
2015.203300 4.633811 3.344000 8
2015.206000 9.316177 3.582000 8
2015.208800 13.878632 3.347000 8
2015.211500 11.004770 3.371000 8
2015.214200 4.868318 3.360000 8
2015.217000 10.958618 3.292000 8
2015.219700 6.030849 3.495000 8
2015.222500 5.897609 3.278000 8
2015.225200 13.292475 3.315000 8
2015.227900 3.969693 3.368000 8
2015.230700 11.535113 3.277000 8
2015.233400 7.757912 3.460000 8
2015.236100 13.384042 3.498000 8
2015.238900 11.292057 3.521000 8
2015.241600 9.154737 3.519000 8
2015.244400 9.561093 3.517000 8
2015.247100 14.225313 3.371000 8
2015.249800 12.815852 3.350000 8
2015.252600 9.850766 3.252000 8
2015.255300 10.404850 3.341000 8
2015.258000 8.017260 3.501000 8
2015.260800 8.987755 3.252000 8
2015.263500 13.171734 3.429000 8
2015.266300 3.268611 3.391000 8
2015.269000 9.809189 3.545000 8
2015.271700 9.717129 3.494000 8
2015.274500 12.689698 3.466000 8
2015.277200 6.896296 3.411000 8
2015.279900 10.729291 3.399000 8
2015.282700 4.547661 3.284000 8
2015.285400 8.973395 3.472000 8
2015.288200 6.990343 3.627000 8
2015.290900 7.443882 3.407000 8
2015.293600 8.258898 3.403000 8
2015.296400 7.397898 3.487000 8
2015.299100 8.998832 3.323000 8
2015.301800 14.975303 3.297000 8
2015.304600 10.586546 3.426000 8
2015.307300 13.282068 3.337000 8
2015.310100 12.285228 3.382000 8
2015.312800 10.538898 3.423000 8
2015.315500 10.350226 3.305000 8
2015.318300 7.811008 3.296000 8
2015.321000 12.207645 3.325000 8
2015.323800 6.966623 3.303000 8
2015.326500 9.227688 3.511000 8
2015.329200 8.620552 3.527000 8
2015.332000 11.264602 3.358000 8
2015.334700 5.997081 3.364000 8
2015.337400 11.833455 3.370000 8
2015.340200 9.982877 3.372000 8
2015.342900 11.040066 3.382000 8
2015.345700 5.913221 3.480000 8
2015.348400 11.393367 3.423000 8
2015.351100 10.545582 3.404000 8
2015.353900 12.472656 3.430000 8
2015.356600 6.659050 3.455000 8
2015.359300 11.805624 3.502000 8
2015.362100 10.595968 3.541000 8
2015.364800 7.934954 3.364000 8
2015.367600 8.458659 3.326000 8
2015.370300 9.315217 3.322000 8
2015.373000 5.150153 3.350000 8
2015.375800 7.670748 3.310000 8
2015.378500 3.213503 3.433000 8
2015.381200 2.197758 3.251000 8
2015.384000 5.475631 3.279000 8
2015.386700 11.460960 3.498000 8
2015.389500 3.061888 3.475000 8
2015.392200 3.250464 3.404000 8
2015.394900 4.152753 3.351000 8
2015.397700 4.432627 3.368000 8
2015.400400 3.339425 3.349000 8
2015.403100 5.188066 3.462000 8
2015.405900 12.078295 3.354000 8
2015.408600 4.837711 3.345000 8
2015.411400 7.260726 3.422000 8
2015.414100 1.991098 3.292000 8
2015.416800 2.836532 3.277000 8
2015.419600 4.285593 3.353000 8
2015.422300 13.391251 3.381000 8
2015.425100 5.054563 3.446000 8
2015.427800 6.105625 3.278000 8
2015.430500 3.268969 3.244000 8
2015.433300 7.424020 3.458000 8
2015.436000 12.203036 3.507000 8
2015.438700 8.111464 3.382000 8
2015.441500 8.620667 3.606000 8
2015.444200 8.574032 3.549000 8
2015.447000 6.629224 3.388000 8
2015.449700 7.052703 3.485000 8
2015.452400 9.993809 3.524000 8
2015.455200 8.328832 3.361000 8
2015.457900 11.491311 3.445000 8
2015.460600 5.285544 3.485000 8
2015.463400 10.552794 3.585000 8
2015.466100 14.941654 3.450000 8
2015.468900 10.477604 3.453000 8
2015.471600 15.089259 3.380000 8
2015.474300 10.124873 3.652000 8
2015.477100 2.711694 3.399000 8
2015.479800 13.201347 3.336000 8
2015.482500 10.499076 3.444000 8
2015.485300 5.361141 3.413000 8
2015.488000 9.894146 3.405000 8
2015.490800 7.761577 3.380000 8
2015.493500 9.009012 3.533000 8
2015.496200 13.642713 3.488000 8
2015.499000 12.141982 3.643000 8
2015.501700 10.933337 3.448000 8
2015.504400 13.179066 3.371000 8
2015.507200 13.548513 3.493000 8
2015.509900 17.890109 3.374000 8
2015.512700 2.171529 3.375000 8
2015.515400 9.691133 3.302000 8
2015.518100 10.095281 3.462000 8
2015.520900 11.671414 3.373000 8
2015.523600 14.845768 3.498000 8
2015.526400 11.863219 3.318000 8
2015.529100 12.615908 3.512000 8
2015.531800 12.410298 3.462000 8
2015.534600 11.506957 3.353000 8
2015.537300 9.514865 3.424000 8
2015.540000 16.006562 3.488000 8
2015.542800 10.308703 3.476000 8
2015.545500 11.142092 3.582000 8
2015.548300 12.815046 3.406000 8
2015.551000 12.992238 3.542000 8
2015.553700 12.214353 3.449000 8
2015.556500 10.226218 3.416000 8
2015.559200 13.452293 3.352000 8
2015.561900 12.484369 3.447000 8
2015.564700 9.955379 3.557000 8
2015.567400 8.687561 3.306000 8
2015.570200 9.366807 3.617000 8
2015.572900 11.686191 3.589000 8
2015.575600 12.926689 3.404000 8
2015.578400 11.691442 3.505000 8
2015.581100 13.211274 3.415000 8
2015.583800 7.414282 3.555000 8
2015.586600 10.839740 3.457000 8
2015.589300 14.476205 3.468000 8
2015.592100 8.577252 3.710000 8
2015.594800 11.851252 3.422000 8
2015.597500 8.161525 3.401000 8
2015.600300 10.624577 3.411000 8
2015.603000 14.792493 3.594000 8
2015.605700 13.790733 3.388000 8
2015.608500 10.849953 3.485000 8
2015.611200 8.650939 3.427000 8
2015.614000 10.455040 3.461000 8
2015.616700 7.260835 3.371000 8
2015.619400 12.535033 3.433000 8
2015.622200 18.458548 3.479000 8
2015.624900 10.893644 3.374000 8
2015.627700 10.976195 3.418000 8
2015.630400 20.146247 3.312000 8
2015.633100 15.843769 3.398000 8
2015.635900 6.772952 3.288000 8
2015.638600 4.639508 3.463000 8
2015.641300 6.152573 3.436000 8
2015.644100 5.331504 3.487000 8
2015.646800 9.719675 3.431000 8
2015.649600 10.646853 3.377000 8
2015.652300 2.716177 3.454000 8
2015.655000 12.225066 3.329000 8
2015.657800 8.054170 3.427000 8
2015.660500 13.094276 3.393000 8
2015.663200 12.989978 3.284000 8
2015.666000 9.660104 3.394000 8
2015.668700 16.093083 3.460000 8
2015.671500 11.058628 3.486000 8
2015.674200 12.366923 3.448000 8
2015.676900 12.251859 3.362000 8
2015.679700 10.840573 3.349000 8
2015.682400 8.993879 3.341000 8
2015.685100 8.436851 3.382000 8
2015.687900 9.260814 3.520000 8
2015.690600 11.321205 3.346000 8
2015.693400 12.499731 3.534000 8
2015.696100 11.763574 3.312000 8
2015.698800 11.255122 3.461000 8
2015.701600 12.893019 3.355000 8
2015.704300 7.587063 3.742000 8
2015.707000 9.410835 3.441000 8
2015.709800 11.997170 3.271000 8
2015.712500 9.027480 3.306000 8
2015.715300 12.016499 3.294000 8
2015.718000 12.632374 3.506000 8
2015.720700 13.249009 3.458000 8
2015.723500 8.562569 3.499000 8
2015.726200 15.287807 3.494000 8
2015.729000 11.222117 3.432000 8
2015.731700 8.839981 3.425000 8
2015.734400 7.380635 3.412000 8
2015.737200 12.844579 3.413000 8
2015.739900 13.870894 3.462000 8
2015.742600 17.200013 3.500000 8
2015.745400 12.468641 3.571000 8
2015.748100 13.729452 3.607000 8
2015.750900 16.947919 3.289000 8
2015.753600 15.883440 3.336000 8
2015.756300 19.853791 3.620000 8
2015.759100 15.588016 3.587000 8
2015.761800 8.226103 3.357000 8
2015.764500 7.211031 3.403000 8
2015.767300 15.025052 3.417000 8
2015.770000 15.609741 3.299000 8
2015.772800 11.104669 3.253000 8
2015.775500 12.589131 3.318000 8
2015.778200 10.611450 3.357000 8
2015.781000 14.649227 3.325000 8
2015.783700 13.860337 3.238000 8
2015.786400 16.502312 3.391000 8
2015.789200 10.859961 3.288000 8
2015.791900 14.903739 3.361000 8
2015.794700 4.193336 3.408000 8
2015.797400 8.374925 3.233000 8
2015.800100 8.469385 3.500000 8
2015.802900 8.489878 3.363000 8
2015.805600 9.800154 3.239000 8
2015.808400 9.187603 3.366000 8
2015.811100 13.549694 3.341000 8
2015.813800 8.477657 3.401000 8
2015.816600 14.779003 3.343000 8
2015.819300 8.651777 3.349000 8
2015.822000 10.944419 3.245000 8
2015.824800 17.263649 3.318000 8
2015.827500 14.247091 3.513000 8
2015.830300 14.989257 3.396000 8
2015.833000 11.821487 3.503000 8
2015.835700 6.142572 3.646000 8
2015.838500 11.600578 3.541000 8
2015.841200 12.117428 3.354000 8
2015.843900 14.056120 3.460000 8
2015.846700 10.185924 3.334000 8
2015.849400 10.664349 3.362000 8
2015.852200 7.639013 3.423000 8
2015.854900 16.282146 3.743000 8
2015.857600 13.454088 3.635000 8
2015.860400 12.845450 3.331000 8
2015.863100 10.254054 3.134000 8
2015.865800 10.021442 3.282000 8
2015.868600 11.027423 3.524000 8
2015.871300 12.335416 3.782000 8
2015.874100 15.148114 3.324000 8
2015.876800 7.665669 3.387000 8
2015.879500 8.401955 3.272000 8
2015.882300 12.975104 3.321000 8
2015.885000 8.424878 3.321000 8
2015.887700 12.906344 3.327000 8
2015.890500 15.460822 3.252000 8
2015.893200 9.090691 3.484000 8
2015.896000 10.244665 3.534000 8
2015.898700 8.711872 3.106000 8
2015.901400 5.605694 3.136000 8
2015.904200 7.170751 3.364000 8
2015.906900 8.150807 3.174000 8
2015.909700 8.425178 3.264000 8
2015.912400 9.370391 3.229000 8
2015.915100 6.639122 3.342000 8
2015.917900 13.829279 3.334000 8
2015.920600 8.787042 3.403000 8
2015.923300 2.115259 3.423000 8
2015.926100 11.645996 3.422000 8
2015.928800 13.129105 3.538000 8
2015.931600 9.416790 3.588000 8
2015.934300 8.162691 3.536000 8
2015.937000 13.206924 3.515000 8
2015.939800 10.423804 3.783000 8
2015.942500 9.471668 3.806000 8
2015.945200 12.352783 3.637000 8
2015.948000 12.911599 3.750000 8
2015.950700 15.097171 3.364000 8
2015.953500 10.753473 3.271000 8
2015.956200 9.494380 3.344000 8
2015.958900 7.697386 3.457000 8
2015.961700 8.880149 3.591000 8
2015.964400 7.664295 3.353000 8
2015.967100 14.545441 3.402000 8
2015.969900 7.401353 3.919000 8
2015.972600 14.753432 3.789000 8
2015.975400 14.814274 3.457000 8
2015.978100 14.680139 3.346000 8
2015.980800 10.461826 3.205000 8
2015.983600 8.556256 3.339000 8
2015.986300 5.522502 3.321000 8
2015.989000 5.182456 3.349000 8
2015.991800 6.329114 3.366000 8
2015.994500 7.195388 3.296000 8
2015.997300 2.464331 3.279000 8
2016.000000 8.767760 3.315000 8
2016.002700 8.241694 3.510000 8
2016.005500 6.687226 3.399000 8
2016.008200 13.600059 3.426000 8
2016.011000 8.754431 3.364000 8
2016.013700 12.283987 3.567000 8
2016.016400 10.723831 3.650000 8
2016.019200 11.257112 3.700000 8
2016.021900 9.795407 3.437000 8
2016.024600 8.938857 3.357000 8
2016.027400 5.576622 3.299000 8
2016.030100 5.412244 3.312000 8
2016.032900 6.170091 3.694000 8
2016.035600 9.276696 3.522000 8
2016.038300 10.459222 3.532000 8
2016.041100 11.228820 3.402000 8
2016.043800 10.178040 3.369000 8
2016.046500 9.045039 3.469000 8
2016.049300 4.955937 3.403000 8
2016.052000 11.037337 3.330000 8
2016.054800 12.801511 3.578000 8
2016.057500 8.173113 3.522000 8
2016.060200 4.317251 3.460000 8
2016.063000 4.276962 3.403000 8
2016.065700 10.014004 3.330000 8
2016.068400 8.502434 3.355000 8
2016.071200 4.290221 3.269000 8
2016.073900 7.769257 3.298000 8
2016.076700 7.536494 3.754000 8
2016.079400 3.848935 3.740000 8
2016.082100 8.121521 3.480000 8
2016.084900 7.818061 3.443000 8
2016.087600 7.481755 3.302000 8
2016.090300 5.954447 3.188000 8
2016.093100 6.373834 3.312000 8
2016.095800 2.449339 3.217000 8
2016.098600 5.279357 3.369000 8
2016.101300 -0.081520 3.463000 8
2016.104000 0.856364 3.574000 8
2016.106800 2.283477 3.338000 8
2016.109500 2.686692 3.363000 8
2016.112300 4.167940 3.356000 8
2016.115000 2.164299 3.449000 8
2016.117700 2.416187 3.328000 8
2016.120500 2.859805 3.232000 8
2016.123200 8.647563 3.321000 8
2016.125900 7.012719 3.281000 8
2016.128700 5.645290 3.531000 8
2016.131400 4.836050 3.607000 8
2016.134200 7.845011 3.325000 8
2016.136900 5.714204 3.216000 8
2016.139600 8.921584 3.260000 8
2016.142400 7.221838 3.274000 8
2016.145100 5.071405 3.326000 8
2016.147800 8.625042 3.296000 8
2016.150600 6.795217 3.270000 8
2016.153300 11.382808 3.405000 8
2016.156100 7.921709 3.255000 8
2016.158800 7.808105 3.285000 8
2016.161500 11.075390 3.315000 8
2016.164300 5.311641 3.311000 8
2016.167000 9.735522 3.380000 8
2016.169700 3.082193 3.520000 8
2016.172500 9.026485 3.418000 8
2016.175200 7.972560 3.494000 8
2016.178000 8.991023 3.725000 8
2016.180700 14.057383 3.587000 8
2016.183400 11.095387 3.586000 8
2016.186200 10.015430 3.324000 8
2016.188900 6.823556 3.413000 8
2016.191600 2.189250 3.340000 8
2016.194400 6.883636 3.583000 8
2016.197100 2.138307 3.408000 8
2016.199900 1.127439 3.581000 8
2016.202600 4.071002 3.261000 8
2016.205300 1.894029 3.428000 8
2016.208100 9.895173 3.408000 8
2016.210800 9.713980 3.607000 8
2016.213600 6.242678 3.506000 8
2016.216300 5.630202 3.474000 8
2016.219000 0.386113 3.684000 8
2016.221800 4.796580 3.248000 8
2016.224500 5.161131 3.313000 8
2016.227200 0.987037 3.316000 8
2016.230000 8.037172 3.352000 8
2016.232700 6.172662 3.191000 8
2016.235500 6.141168 3.291000 8
2016.238200 13.889219 3.278000 8
2016.240900 12.020593 3.344000 8
2016.243700 11.492670 3.220000 8
2016.246400 12.246585 3.201000 8
2016.249100 5.906819 3.177000 8
2016.251900 5.287454 3.277000 8
2016.254600 5.082231 3.152000 8
2016.257400 4.398212 3.232000 8
2016.260100 5.235545 3.221000 8
2016.262800 3.574215 3.176000 8
2016.265600 8.779805 3.418000 8
2016.268300 6.440068 3.301000 8
2016.271000 10.464691 3.231000 8
2016.273800 9.173965 3.317000 8
2016.276500 8.508241 3.200000 8
2016.279300 4.739995 3.171000 8
2016.282000 6.286974 3.456000 8
2016.284700 6.485375 3.426000 8
2016.287500 7.489009 3.398000 8
2016.290200 10.065205 3.354000 8
2016.293000 10.214479 3.228000 8
2016.295700 7.421545 3.369000 8
2016.298400 11.957122 3.304000 8
2016.301200 11.776556 3.450000 8
2016.303900 8.538126 3.367000 8
2016.306600 3.577272 3.427000 8
2016.309400 1.264073 3.406000 8
2016.312100 9.979356 3.337000 8
2016.314900 9.058167 3.294000 8
2016.317600 7.445690 3.376000 8
2016.320300 10.729918 3.254000 8
2016.323100 8.188501 3.367000 8
2016.325800 6.558140 3.289000 8
2016.328500 6.100572 3.459000 8
2016.331300 6.382202 3.432000 8
2016.334000 10.013232 3.377000 8
2016.336800 4.275364 3.314000 8
2016.339500 7.889124 3.421000 8
2016.342200 11.688838 3.333000 8
2016.345000 8.576527 3.356000 8
2016.347700 5.169180 3.398000 8
2016.350400 13.436892 3.568000 8
2016.353200 7.065472 3.358000 8
2016.355900 1.180344 3.214000 8
2016.358700 10.798020 3.390000 8
2016.361400 0.827205 3.368000 8
2016.364100 10.504639 3.320000 8
2016.366900 3.330798 3.359000 8
2016.369600 3.470783 3.223000 8
2016.372300 3.852135 3.323000 8
2016.375100 10.113152 3.467000 8
2016.377800 6.648302 3.329000 8
2016.380600 9.773086 3.589000 8
2016.383300 7.640203 3.518000 8
2016.386000 5.026895 3.298000 8
2016.388800 3.208188 3.361000 8
2016.391500 10.493104 3.310000 8
2016.394300 6.801610 3.226000 8
2016.397000 4.260927 3.240000 8
2016.399700 -4.142968 3.289000 8
2016.402500 1.699723 3.298000 8
2016.405200 3.659493 3.372000 8
2016.407900 10.432183 3.304000 8
2016.410700 1.595469 3.208000 8
2016.413400 3.595091 3.382000 8
2016.416200 10.857327 3.388000 8
2016.418900 4.104061 3.635000 8
2016.421600 9.155935 3.629000 8
2016.424400 10.637460 3.574000 8
2016.427100 8.510714 3.445000 8
2016.429800 10.434240 3.295000 8
2016.432600 7.821469 3.377000 8
2016.435300 6.916643 3.440000 8
2016.438100 9.258563 3.339000 8
2016.440800 11.056564 3.418000 8
2016.443500 7.096055 3.403000 8
2016.446300 9.668366 3.444000 8
2016.449000 9.528947 3.357000 8
2016.451700 10.107146 3.578000 8
2016.454500 11.149252 3.308000 8
2016.457200 14.955802 3.460000 8
2016.460000 7.603324 3.367000 8
2016.462700 5.376395 3.391000 8
2016.465400 8.010294 3.436000 8
2016.468200 11.354272 3.452000 8
2016.470900 10.218944 3.360000 8
2016.473600 13.031565 3.339000 8
2016.476400 13.310382 3.399000 8
2016.479100 11.521021 3.313000 8
2016.481900 13.252940 3.324000 8
2016.484600 12.069757 3.358000 8
2016.487300 14.861718 3.253000 8
2016.490100 18.336093 3.390000 8
2016.492800 13.602465 3.430000 8
2016.495600 11.538345 3.352000 8
2016.498300 12.031278 3.340000 8
2016.501000 7.806541 3.497000 8
2016.503800 15.158460 3.548000 8
2016.506500 15.844503 3.508000 8
2016.509200 14.805982 3.434000 8
2016.512000 15.599270 3.403000 8
2016.514700 9.325738 3.330000 8
2016.517500 10.093123 3.431000 8
2016.520200 10.305716 3.508000 8
2016.522900 8.995910 3.580000 8
2016.525700 14.222185 3.301000 8
2016.528400 15.669698 3.537000 8
2016.531100 11.261904 3.321000 8
2016.533900 9.737362 3.247000 8
2016.536600 13.329071 3.432000 8
2016.539400 9.150150 3.505000 8
2016.542100 8.897480 3.370000 8
2016.544800 5.008647 3.599000 8
2016.547600 10.076364 3.504000 8
2016.550300 10.672320 3.589000 8
2016.553000 4.826194 3.519000 8
2016.555800 8.096800 3.459000 8
2016.558500 9.507621 3.400000 8
2016.561300 14.615299 3.391000 8
2016.564000 11.208167 3.425000 8
2016.566700 15.570077 3.558000 8
2016.569500 12.196032 3.593000 8
2016.572200 10.042131 3.381000 8
2016.574900 13.276338 3.493000 8
2016.577700 13.184784 3.411000 8
2016.580400 15.890314 3.484000 8
2016.583200 11.990212 3.423000 8
2016.585900 10.673149 3.360000 8
2016.588600 14.285298 3.458000 8
2016.591400 14.235010 3.490000 8
2016.594100 6.939684 3.391000 8
2016.596900 11.566055 3.386000 8
2016.599600 11.205328 3.494000 8
2016.602300 15.522904 3.350000 8
2016.605100 13.653377 3.433000 8
2016.607800 9.798658 3.442000 8
2016.610500 10.286291 3.322000 8
2016.613300 6.864021 3.361000 8
2016.616000 7.404456 3.499000 8
2016.618800 11.042124 3.420000 8
2016.621500 7.299421 3.378000 8
2016.624200 8.443145 3.398000 8
2016.627000 2.151307 3.372000 8
2016.629700 11.520979 3.454000 8
2016.632400 17.106119 3.403000 8
2016.635200 17.087902 3.355000 8
2016.637900 12.462069 3.366000 8
2016.640700 10.905018 3.357000 8
2016.643400 7.495263 3.406000 8
2016.646100 8.584036 3.504000 8
2016.648900 12.930798 3.373000 8
2016.651600 8.745719 3.556000 8
2016.654300 11.128201 3.326000 8
2016.657100 3.510880 3.399000 8
2016.659800 7.608575 3.412000 8
2016.662600 8.956607 3.450000 8
2016.665300 9.585556 3.656000 8
2016.668000 13.047115 3.343000 8
2016.670800 13.632223 3.491000 8
2016.673500 8.788094 3.470000 8
2016.676200 16.501604 3.435000 8
2016.679000 11.471873 3.342000 8
2016.681700 10.944748 3.398000 8
2016.684500 7.920525 3.638000 8
2016.687200 5.643799 3.594000 8
2016.689900 9.146754 3.600000 8
2016.692700 9.643824 3.432000 8
2016.695400 11.250226 3.398000 8
2016.698200 11.465887 3.546000 8
2016.700900 16.119767 3.539000 8
2016.703600 7.236365 3.460000 8
2016.706400 13.188437 3.478000 8
2016.709100 13.757557 3.637000 8
2016.711800 8.091415 3.306000 8
2016.714600 13.583963 3.396000 8
2016.717300 15.182383 3.399000 8
2016.720100 11.455639 3.357000 8
2016.722800 18.906646 3.626000 8
2016.725500 11.238424 3.444000 8
2016.728300 8.973255 3.407000 8
2016.731000 10.589657 3.290000 8
2016.733700 1.056847 3.619000 8
2016.736500 8.906308 3.373000 8
2016.739200 8.314155 3.312000 8
2016.742000 6.032420 3.205000 8
2016.744700 11.562947 3.366000 8
2016.747400 3.694287 3.511000 8
2016.750200 7.138264 3.344000 8
2016.752900 10.891312 3.328000 8
2016.755600 11.330188 3.276000 8
2016.758400 8.979920 3.218000 8
2016.761100 6.223531 3.303000 8
2016.763900 9.415145 3.205000 8
2016.766600 9.722507 3.193000 8
2016.769300 9.444715 3.378000 8
2016.772100 12.395146 3.372000 8
2016.774800 5.082127 3.275000 8
2016.777500 5.092964 3.266000 8
2016.780300 9.327241 3.280000 8
2016.783000 10.831868 3.522000 8
2016.785800 10.480080 3.690000 8
2016.788500 9.863506 3.759000 8
2016.791200 -1.779200 3.836000 8
2016.794000 5.858894 3.621000 8
2016.796700 0.698997 3.316000 8
2016.799500 1.738045 3.357000 8
2016.802200 3.838962 3.347000 8
2016.804900 4.469752 3.301000 8
2016.807700 8.106698 3.348000 8
2016.810400 1.715303 3.535000 8
2016.813100 -5.348219 3.768000 8
2016.815900 8.650623 3.422000 8
2016.818600 6.973913 3.383000 8
2016.821400 4.943705 3.503000 8
2016.824100 2.139799 3.481000 8
2016.826800 1.636758 3.480000 8
2016.829600 -8.876576 3.738000 8
2016.832300 3.237173 3.354000 8
2016.835000 7.492777 3.387000 8
2016.837800 -5.092714 3.541000 8
2016.840500 -4.729342 3.411000 8
2016.843300 6.383064 3.256000 8
2016.846000 5.715184 3.224000 8
2016.848700 5.383135 3.448000 8
2016.851500 3.143309 3.314000 8
2016.854200 -1.710028 3.443000 8
2016.856900 2.363446 3.350000 8
2016.859700 4.468324 3.395000 8
2016.862400 4.977464 3.425000 8
2016.865200 2.113125 3.487000 8
2016.867900 -1.105105 3.344000 8
2016.870600 -0.332568 3.356000 8
2016.873400 8.224659 3.523000 8
2016.876100 2.326763 3.445000 8
2016.878900 3.832666 3.209000 8
2016.881600 5.213290 3.318000 8
2016.884300 2.707623 3.605000 8
2016.887100 -2.614092 3.822000 8
2016.889800 8.841680 3.417000 8
2016.892500 3.890119 3.235000 8
2016.895300 1.484652 3.522000 8
2016.898000 4.233438 3.303000 8
2016.900800 3.353407 3.442000 8
2016.903500 8.008473 3.702000 8
2016.906200 7.768121 3.779000 8
2016.909000 6.882075 3.448000 8
2016.911700 -0.073110 3.427000 8
2016.914400 -1.362770 3.336000 8
2016.917200 4.830986 3.485000 8
2016.919900 8.215367 3.717000 8
2016.922700 4.404232 3.506000 8
2016.925400 1.759564 3.281000 8
2016.928100 7.882311 3.348000 8
2016.930900 8.246627 3.389000 8
2016.933600 0.453178 3.268000 8
2016.936300 -0.804932 3.556000 8
2016.939100 0.087600 3.673000 8
2016.941800 0.124135 3.556000 8
2016.944600 -0.112648 3.467000 8
2016.947300 6.410419 3.322000 8
2016.950000 7.623685 3.427000 8
2016.952800 2.258678 3.487000 8
2016.955500 -2.377705 3.623000 8
2016.958200 9.977019 3.527000 8
2016.961000 5.018498 3.210000 8
2016.963700 5.086379 3.303000 8
2016.966500 1.145025 3.348000 8
2016.969200 0.953926 3.319000 8
2016.971900 3.856766 3.472000 8
2016.974700 7.925371 3.374000 8
2016.977400 9.026017 3.562000 8
2016.980200 9.602416 3.410000 8
2016.982900 4.696717 3.249000 8
2016.985600 3.317773 3.367000 8
2016.988400 1.723553 3.309000 8
2016.991100 6.180030 3.346000 8
2016.993800 2.108146 3.228000 8
2016.996600 8.093934 3.306000 8
2016.999300 5.439226 3.317000 8
2017.002100 6.772146 3.258000 8
2017.004800 5.415444 3.443000 8
2017.007500 -1.857827 3.511000 8
2017.010300 -0.777551 3.814000 8
2017.013000 -5.451078 3.479000 8
2017.015700 7.191695 3.349000 8
2017.018500 6.982915 3.645000 8
2017.021200 -3.628836 3.653000 8
2017.024000 -3.551220 3.767000 8
2017.026700 -7.098682 3.977000 8
2017.029400 1.849929 3.863000 8
2017.032200 -7.560224 3.499000 8
2017.034900 -1.451606 3.522000 8
2017.037600 -1.196055 3.412000 8
2017.040400 2.646582 3.310000 8
2017.043100 2.580852 3.438000 8
2017.045900 -1.970905 3.390000 8
2017.048600 4.685888 3.639000 8
2017.051300 2.348375 4.109000 8
2017.054100 6.538653 3.872000 8
2017.056800 5.091368 4.063000 8
2017.059500 -3.249370 3.923000 8
2017.062300 -5.139516 3.659000 8
2017.065000 -5.074323 3.506000 8
2017.067800 -4.816683 3.594000 8
2017.070500 -9.755761 3.481000 8
2017.073200 -6.898536 3.345000 8
2017.076000 -15.348090 3.352000 8
2017.078700 -5.373435 3.312000 8
2017.081500 -8.548721 3.394000 8
2017.084200 -9.610834 3.289000 8
2017.086900 -6.694889 3.385000 8
2017.089700 -11.698139 3.541000 8
2017.092400 -5.056259 3.624000 8
2017.095100 -11.156464 3.626000 8
2017.097900 0.151866 3.377000 8
2017.100600 -9.097696 3.815000 8
2017.103400 -5.604911 3.827000 8
2017.106100 -8.474023 3.811000 8
2017.108800 -10.037458 3.600000 8
2017.111600 -12.950835 3.526000 8
2017.114300 -6.927102 3.405000 8
2017.117000 -8.715828 3.444000 8
2017.119800 -6.675798 3.448000 8
2017.122500 -7.642632 3.339000 8
2017.125300 -6.773918 3.312000 8
2017.128000 2.853962 3.707000 8
2017.130700 -1.190837 3.475000 8
2017.133500 -1.857407 3.428000 8
2017.136200 -3.602750 3.313000 8
2017.138900 -11.350896 3.613000 8
2017.141700 -19.140141 3.647000 8
2017.144400 -17.055079 3.502000 8
2017.147200 -12.665341 3.472000 8
2017.149900 -11.214230 3.443000 8
2017.152600 -8.903116 3.348000 8
2017.155400 -4.765663 3.516000 8
2017.158100 -1.377725 3.478000 8
2017.160800 -7.090889 3.314000 8
2017.163600 -7.004058 3.345000 8
2017.166300 -10.138609 3.402000 8
2017.169100 -10.653395 3.398000 8
2017.171800 -9.349464 3.626000 8
2017.174500 -8.123798 3.631000 8
2017.177300 -6.189713 3.471000 8
2017.180000 -6.928747 3.380000 8
2017.182800 -10.654597 3.334000 8
2017.185500 -6.757443 3.493000 8
2017.188200 -9.363691 3.364000 8
2017.191000 -6.584103 3.403000 8
2017.193700 -7.937316 3.422000 8
2017.196400 -9.036001 3.408000 8
2017.199200 -6.127195 3.452000 8
2017.201900 -2.267977 3.469000 8
2017.204700 2.992500 3.542000 8
2017.207400 -2.830459 3.374000 8
2017.210100 -7.487984 3.554000 8
2017.212900 -8.472589 3.520000 8
2017.215600 -4.534390 3.519000 8
2017.218300 -3.623800 3.750000 8
2017.221100 -6.273626 3.411000 8
2017.223800 0.969610 3.415000 8
2017.226600 -5.111790 3.288000 8
2017.229300 -3.037948 3.422000 8
2017.232000 0.439233 3.309000 8
2017.234800 -1.905544 3.385000 8
2017.237500 -0.201799 3.396000 8
2017.240200 -3.451731 3.463000 8
2017.243000 -5.349933 3.463000 8
2017.245700 3.600677 3.670000 8
2017.248500 -6.393189 3.565000 8
2017.251200 -4.079039 3.345000 8
2017.253900 -1.735568 3.322000 8
2017.256700 -4.906868 3.370000 8
2017.259400 0.164157 3.236000 8
2017.262100 -10.167484 3.588000 8
2017.264900 -10.825179 3.650000 8
2017.267600 -9.135230 3.574000 8
2017.270400 -2.426519 3.180000 8
2017.273100 -3.412943 3.325000 8
2017.275800 -4.048990 3.349000 8
2017.278600 -13.227536 3.441000 8
2017.281300 -16.439886 3.722000 8
2017.284100 -9.461902 3.402000 8
2017.286800 -5.808497 3.271000 8
2017.289500 -7.142642 3.384000 8
2017.292300 -7.605690 3.527000 8
2017.295000 -5.514975 3.407000 8
2017.297700 -1.644755 3.375000 8
2017.300500 -9.511659 3.335000 8
2017.303200 -10.950457 3.341000 8
2017.306000 -5.499518 3.335000 8
2017.308700 -6.620241 3.461000 8
2017.311400 -1.568345 3.568000 8
2017.314200 -2.898905 3.396000 8
2017.316900 -6.333782 3.296000 8
2017.319600 -4.156962 3.494000 8
2017.322400 -5.188773 3.384000 8
2017.325100 -9.328555 3.580000 8
2017.327900 -4.400078 3.312000 8
2017.330600 -6.471342 3.393000 8
2017.333300 -5.335759 3.366000 8
2017.336100 -6.668062 3.351000 8
2017.338800 -13.729767 3.292000 8
2017.341500 -4.803526 3.510000 8
2017.344300 -5.419299 3.330000 8
2017.347000 -2.079137 3.490000 8
2017.349800 -10.075066 3.444000 8
2017.352500 -2.174838 3.423000 8
2017.355200 -3.797486 3.387000 8
2017.358000 -11.193321 3.362000 8
2017.360700 -7.777676 3.457000 8
2017.363400 -11.452792 3.260000 8
2017.366200 -5.626176 3.343000 8
2017.368900 -4.535761 3.354000 8
2017.371700 -8.550658 3.252000 8
2017.374400 -6.896548 3.559000 8
2017.377100 -7.240000 3.487000 8
2017.379900 -7.853815 3.734000 8
2017.382600 -8.022321 3.337000 8
2017.385400 -2.635214 3.452000 8
2017.388100 -3.554603 3.413000 8
2017.390800 -0.403343 3.374000 8
2017.393600 -2.834492 3.389000 8
2017.396300 -2.136855 3.637000 8
2017.399000 -3.659439 3.467000 8
2017.401800 -1.150439 3.527000 8
2017.404500 0.490618 3.773000 8
2017.407300 -1.092734 3.405000 8
2017.410000 0.366145 3.456000 8
2017.412700 -2.746980 3.352000 8
2017.415500 -7.666493 3.321000 8
2017.418200 0.233471 3.453000 8
2017.420900 -1.124436 3.353000 8
2017.423700 -2.137696 3.336000 8
2017.426400 -3.040245 3.530000 8
2017.429200 -6.268115 3.592000 8
2017.431900 -1.093126 3.407000 8
2017.434600 -4.860790 3.466000 8
2017.437400 -11.410714 3.598000 8
2017.440100 5.148427 3.545000 8
2017.442800 -0.456954 3.396000 8
2017.445600 -1.327522 3.463000 8
2017.448300 1.981165 3.459000 8
2017.451100 -0.945277 3.425000 8
2017.453800 1.972653 3.526000 8
2017.456500 -0.342724 3.611000 8
2017.459300 -1.497138 3.355000 8
2017.462000 0.212985 3.702000 8
2017.464800 1.957142 3.668000 8
2017.467500 -4.336066 3.465000 8
2017.470200 -1.611374 3.421000 8
2017.473000 -1.107536 3.469000 8
2017.475700 -6.901928 3.449000 8
2017.478400 -3.368300 3.514000 8
2017.481200 2.284597 3.657000 8
2017.483900 -2.034618 3.486000 8
2017.486700 -4.749475 3.440000 8
2017.489400 -1.906376 3.306000 8
2017.492100 -7.045064 3.369000 8
2017.494900 4.574742 3.502000 8
2017.497600 -3.735404 3.526000 8
2017.500300 -2.700230 3.416000 8
2017.503100 -1.832413 3.418000 8
2017.505800 -1.710477 3.481000 8
2017.508600 -5.864796 3.561000 8
2017.511300 -5.411956 3.350000 8
2017.514000 -1.588621 3.543000 8
2017.516800 -7.326384 3.433000 8
2017.519500 -3.979941 3.467000 8
2017.522200 -3.533906 3.545000 8
2017.525000 -1.929803 3.447000 8
2017.527700 -7.385466 3.543000 8
2017.530500 1.132053 3.418000 8
2017.533200 -3.654181 3.450000 8
2017.535900 -10.167671 3.551000 8
2017.538700 0.210195 3.545000 8
2017.541400 0.317312 3.447000 8
2017.544100 2.271260 3.410000 8
2017.546900 -3.839259 3.471000 8
2017.549600 -4.651536 3.468000 8
2017.552400 -7.400158 3.409000 8
2017.555100 -2.998552 3.354000 8
2017.557800 -0.762985 3.438000 8
2017.560600 -3.222577 3.673000 8
2017.563300 -3.174974 3.378000 8
2017.566100 -9.395404 3.563000 8
2017.568800 -5.049670 3.491000 8
2017.571500 -2.599855 3.462000 8
2017.574300 -3.463881 3.410000 8
2017.577000 -7.401797 3.533000 8
2017.579700 -8.025567 3.575000 8
2017.582500 0.904014 3.484000 8
2017.585200 0.076640 3.515000 8
2017.588000 4.167749 3.584000 8
2017.590700 -3.878147 3.554000 8
2017.593400 1.167201 3.485000 8
2017.596200 -0.339771 3.494000 8
2017.598900 -4.340833 3.440000 8
2017.601600 -2.180596 3.505000 8
2017.604400 -6.609479 3.423000 8
2017.607100 0.140453 3.475000 8
2017.609900 -0.183600 3.490000 8
2017.612600 -1.612905 3.443000 8
2017.615300 -1.739830 3.469000 8
2017.618100 2.532460 3.492000 8
2017.620800 -3.671610 3.483000 8
2017.623500 -0.901257 3.374000 8
2017.626300 -6.853484 3.459000 8
2017.629000 -2.513190 3.635000 8
2017.631800 -2.151338 3.535000 8
2017.634500 8.814952 3.562000 8
2017.637200 3.676731 3.478000 8
2017.640000 3.573274 3.607000 8
2017.642700 -0.219876 3.344000 8
2017.645400 -0.913499 3.403000 8
2017.648200 8.869847 3.534000 8
2017.650900 -0.547635 3.403000 8
2017.653700 -1.878007 3.563000 8
2017.656400 0.180697 3.497000 8
2017.659100 -0.042019 3.461000 8
2017.661900 2.147584 3.480000 8
2017.664600 3.719116 3.654000 8
2017.667400 4.615108 3.537000 8
2017.670100 5.217928 3.496000 8
2017.672800 0.137376 3.423000 8
2017.675600 0.715494 3.469000 8
2017.678300 4.168285 3.452000 8
2017.681000 0.515730 3.514000 8
2017.683800 -8.097942 3.824000 8
2017.686500 2.545898 4.033000 8
2017.689300 -3.120236 3.504000 8
2017.692000 -3.585968 3.428000 8
2017.694700 -1.460007 3.425000 8
2017.697500 4.099195 3.639000 8
2017.700200 3.565631 3.734000 8
2017.702900 5.904783 3.558000 8
2017.705700 -0.274609 3.409000 8
2017.708400 1.916060 3.471000 8
2017.711200 -1.446670 3.437000 8
2017.713900 1.253545 3.563000 8
2017.716600 8.906511 3.507000 8
2017.719400 4.470293 3.482000 8
2017.722100 3.494842 3.423000 8
2017.724800 -0.323839 3.278000 8
2017.727600 -0.072486 3.378000 8
2017.730300 2.037453 3.388000 8
2017.733100 1.764573 3.318000 8
2017.735800 -0.192843 3.532000 8
2017.738500 0.322538 3.362000 8
2017.741300 -1.370682 3.357000 8
2017.744000 0.325375 3.413000 8
2017.746700 0.776244 3.403000 8
2017.749500 -6.811268 3.349000 8
2017.752200 3.754307 3.487000 8
2017.755000 -1.433352 3.452000 8
2017.757700 -7.933052 3.418000 8
2017.760400 1.828082 3.411000 8
2017.763200 0.927201 3.353000 8
2017.765900 3.992085 3.374000 8
2017.768700 3.834099 3.448000 8
2017.771400 0.137747 3.684000 8
2017.774100 -1.292753 3.311000 8
2017.776900 0.731096 3.518000 8
2017.779600 -1.280620 3.412000 8
2017.782300 0.290524 3.300000 8
2017.785100 1.828234 3.393000 8
2017.787800 1.563176 3.326000 8
2017.790600 -1.146170 3.278000 8
2017.793300 3.040578 3.257000 8
2017.796000 1.675196 3.423000 8
2017.798800 -0.128260 3.428000 8
2017.801500 0.571171 3.590000 8
2017.804200 1.107476 3.390000 8
2017.807000 -8.666082 3.498000 8
2017.809700 -5.726962 3.316000 8
2017.812500 -3.176564 3.411000 8
2017.815200 -2.417630 3.378000 8
2017.817900 7.651174 3.354000 8
2017.820700 0.169464 3.482000 8
2017.823400 -0.730925 3.315000 8
2017.826100 2.424551 3.323000 8
2017.828900 3.850715 3.410000 8
2017.831600 3.467983 3.321000 8
2017.834400 5.543073 3.292000 8
2017.837100 2.008118 3.264000 8
2017.839800 0.231012 3.434000 8
2017.842600 0.234923 3.459000 8
2017.845300 0.610567 3.614000 8
2017.848000 -1.327956 3.280000 8
2017.850800 -0.350273 3.356000 8
2017.853500 1.859919 3.361000 8
2017.856300 0.868441 3.718000 8
2017.859000 1.878319 3.844000 8
2017.861700 -2.167006 3.528000 8
2017.864500 -1.931824 3.302000 8
2017.867200 1.954486 3.401000 8
2017.870000 0.820417 3.387000 8
2017.872700 -0.642679 3.434000 8
2017.875400 -4.094026 3.615000 8
2017.878200 -1.822588 3.562000 8
2017.880900 -0.730409 3.333000 8
2017.883600 -1.245518 3.310000 8
2017.886400 2.781312 3.503000 8
2017.889100 0.399650 3.370000 8
2017.891900 0.389024 3.252000 8
2017.894600 -0.550251 3.489000 8
2017.897300 0.352113 3.366000 8
2017.900100 -1.120351 3.311000 8
2017.902800 -4.830699 3.496000 8
2017.905500 -4.906460 3.594000 8
2017.908300 4.127076 3.267000 8
2017.911000 -3.929508 3.334000 8
2017.913800 -5.738720 3.310000 8
2017.916500 -2.507208 3.218000 8
2017.919200 0.844792 3.463000 8
2017.922000 -2.141735 3.426000 8
2017.924700 -1.130772 3.325000 8
2017.927400 4.368610 3.716000 8
2017.930200 -7.430445 3.460000 8
2017.932900 -1.386245 3.538000 8
2017.935700 -4.689432 3.348000 8
2017.938400 -3.530518 3.302000 8
2017.941100 -1.962313 3.221000 8
2017.943900 -1.789432 3.285000 8
2017.946600 -2.217680 3.295000 8
2017.949300 -1.244722 3.232000 8
2017.952100 1.478960 3.486000 8
2017.954800 1.590284 3.371000 8
2017.957600 10.001354 3.381000 8
2017.960300 8.365918 3.578000 8
2017.963000 2.518532 3.280000 8
2017.965800 6.933909 3.372000 8
2017.968500 1.579561 3.450000 8
2017.971300 7.815979 3.218000 8
2017.974000 2.230526 3.357000 8
2017.976700 3.401951 3.358000 8
2017.979500 2.574130 3.317000 8
2017.982200 -0.444771 3.232000 8
2017.984900 0.834093 3.310000 8
2017.987700 0.324683 3.256000 8
2017.990400 4.105989 3.244000 8
2017.993200 -0.157010 3.355000 8
2017.995900 6.180575 3.294000 8
2017.998600 3.067726 3.269000 8
2018.001400 -0.742488 3.357000 8
2018.004100 2.973692 3.237000 8
2018.006800 6.385313 3.255000 8
2018.009600 4.343489 3.381000 8
2018.012300 1.045877 3.266000 8
2018.015100 -0.945244 3.432000 8
2018.017800 -1.689267 3.435000 8
2018.020500 5.608931 3.407000 8
2018.023300 9.795508 3.257000 8
2018.026000 8.368019 3.405000 8
2018.028700 3.577616 3.330000 8
2018.031500 -0.653540 3.254000 8
2018.034200 -1.043912 3.359000 8
2018.037000 1.346866 3.324000 8
2018.039700 -0.300667 3.409000 8
2018.042400 -0.214351 3.248000 8
2018.045200 -1.983046 3.268000 8
2018.047900 0.388819 3.449000 8
2018.050700 3.723553 3.472000 8
2018.053400 4.182768 3.352000 8
2018.056100 3.940592 3.314000 8
2018.058900 2.201092 3.239000 8
2018.061600 2.748970 3.331000 8
2018.064300 0.088310 3.395000 8
2018.067100 -2.170884 3.440000 8
2018.069800 -4.825789 3.282000 8
2018.072600 -3.649377 3.380000 8
2018.075300 0.540272 3.332000 8
2018.078000 0.830138 3.328000 8
2018.080800 5.725084 3.348000 8
2018.083500 1.921207 3.357000 8
2018.086200 3.083401 3.345000 8
2018.089000 -0.883578 3.428000 8
2018.091700 -0.051424 3.371000 8
2018.094500 0.535379 3.428000 8
2018.097200 8.273296 3.426000 8
2018.099900 6.886045 3.407000 8
2018.102700 6.988165 3.493000 8
2018.105400 4.700388 3.423000 8
2018.108100 5.373300 3.307000 8
2018.110900 6.983296 3.343000 8
2018.113600 5.344400 3.472000 8
2018.116400 9.025385 3.353000 8
2018.119100 3.260494 3.620000 8
2018.121800 1.321066 3.296000 8
2018.124600 1.709212 3.298000 8
2018.127300 7.163520 3.316000 8
2018.130000 8.607161 3.299000 8
2018.132800 6.322057 3.432000 8
2018.135500 9.861174 3.210000 8
2018.138300 4.374329 3.333000 8
2018.141000 4.502754 3.150000 8
2018.143700 7.275307 3.248000 8
2018.146500 0.676566 3.274000 8
2018.149200 7.646188 3.327000 8
2018.152000 4.557290 3.213000 8
2018.154700 6.418827 3.259000 8
2018.157400 11.375304 3.358000 8
2018.160200 9.508921 3.427000 8
2018.162900 5.382097 3.508000 8
2018.165600 2.772112 3.517000 8
2018.168400 3.735921 3.454000 8
2018.171100 -1.190566 3.388000 8
2018.173900 -0.163492 3.405000 8
2018.176600 5.331394 3.367000 8
2018.179300 2.797965 3.452000 8
2018.182100 -3.885250 3.578000 8
2018.184800 1.241522 3.442000 8
2018.187500 -0.192101 3.324000 8
2018.190300 2.902141 3.477000 8
2018.193000 0.624566 3.372000 8
2018.195800 -5.290377 3.518000 8
2018.198500 -3.558998 3.556000 8
2018.201200 0.814873 3.738000 8
2018.204000 1.156032 3.722000 8
2018.206700 -2.524263 3.599000 8
2018.209400 3.205879 3.422000 8
2018.212200 1.061969 3.499000 8
2018.214900 -2.642157 3.385000 8
2018.217700 -9.626559 3.775000 8
2018.220400 1.629991 3.529000 8
2018.223100 -0.773089 3.515000 8
2018.225900 -5.808777 3.429000 8
2018.228600 -2.417247 3.403000 8
2018.231300 -5.335376 3.309000 8
2018.234100 8.569565 3.533000 8
2018.236800 2.788003 3.500000 8
2018.239600 -1.014702 3.420000 8
2018.242300 1.630283 3.359000 8
2018.245000 -1.675412 3.303000 8
2018.247800 1.888443 3.295000 8
2018.250500 11.211288 3.489000 8
2018.253300 8.102482 3.422000 8
2018.256000 2.208872 3.447000 8
2018.258700 3.895589 3.506000 8
2018.261500 1.813368 3.609000 8
2018.264200 5.017658 3.578000 8
2018.266900 -1.576706 3.341000 8
2018.269700 -0.340285 3.358000 8
2018.272400 -0.429028 3.528000 8
2018.275200 -1.614163 3.412000 8
2018.277900 3.960759 3.499000 8
2018.280600 -1.681919 3.538000 8
2018.283400 -0.285243 3.346000 8
2018.286100 -5.089174 3.390000 8
2018.288800 -9.167659 3.401000 8
2018.291600 -3.589028 3.373000 8
2018.294300 -1.865663 3.306000 8
2018.297100 -3.024333 3.349000 8
2018.299800 -1.290039 3.324000 8
2018.302500 2.122796 3.356000 8
2018.305300 -3.761613 3.330000 8
2018.308000 4.809285 3.517000 8
2018.310700 1.917796 3.363000 8
2018.313500 -0.476134 3.369000 8
2018.316200 -1.406409 3.421000 8
2018.319000 -2.407245 3.488000 8
2018.321700 4.113803 3.434000 8
2018.324400 3.844600 3.516000 8
2018.327200 -0.275330 3.500000 8
2018.329900 -5.344031 3.557000 8
2018.332600 7.313107 3.341000 8
2018.335400 -1.947629 3.408000 8
2018.338100 -0.157795 3.395000 8
2018.340900 -1.132924 3.386000 8
2018.343600 -3.370258 3.399000 8
2018.346300 3.322414 3.454000 8
2018.349100 7.575007 3.274000 8
2018.351800 2.035727 3.462000 8
2018.354600 1.353298 3.302000 8
2018.357300 5.116216 3.360000 8
2018.360000 2.882325 3.422000 8
2018.362800 9.277197 3.401000 8
2018.365500 9.275737 3.425000 8
2018.368200 -0.145415 3.374000 8
2018.371000 4.048125 3.385000 8
2018.373700 -0.044354 3.420000 8
2018.376500 0.518823 3.340000 8
2018.379200 3.863185 3.360000 8
2018.381900 2.547059 3.484000 8
2018.384700 4.996547 3.391000 8
2018.387400 4.571516 3.314000 8
2018.390100 8.742122 3.327000 8
2018.392900 7.679320 3.414000 8
2018.395600 7.191282 3.500000 8
2018.398400 -0.857171 3.282000 8
2018.401100 -1.632677 3.353000 8
2018.403800 5.591671 3.343000 8
2018.406600 7.933607 3.526000 8
2018.409300 3.360754 3.489000 8
2018.412000 9.595885 3.497000 8
2018.414800 1.809625 3.373000 8
2018.417500 6.350823 3.386000 8
2018.420300 8.872651 3.370000 8
2018.423000 8.281095 3.537000 8
2018.425700 5.565745 3.488000 8
2018.428500 4.853070 3.422000 8
2018.431200 4.714235 3.483000 8
2018.433900 6.318736 3.486000 8
2018.436700 2.247972 3.499000 8
2018.439400 -2.423745 3.455000 8
2018.442200 1.614319 3.427000 8
2018.444900 -1.145439 3.383000 8
2018.447600 3.288358 3.550000 8
2018.450400 4.356016 3.403000 8
2018.453100 4.946033 3.456000 8
2018.455900 6.108974 3.633000 8
2018.458600 5.725386 3.529000 8
2018.461300 -0.038437 3.407000 8
2018.464100 0.508764 3.365000 8
2018.466800 1.314589 3.408000 8
2018.469500 2.923303 3.550000 8
2018.472300 4.480154 3.552000 8
2018.475000 0.170764 3.542000 8
2018.477800 4.997591 3.529000 8
2018.480500 4.212260 3.438000 8
2018.483200 3.446016 3.601000 8
2018.486000 5.794119 3.593000 8
2018.488700 -0.896830 3.802000 8
2018.491400 1.882423 3.431000 8
2018.494200 -2.697841 3.516000 8
2018.496900 1.866935 3.639000 8
2018.499700 1.971292 3.756000 8
2018.502400 2.633740 3.674000 8
2018.505100 2.366572 3.761000 8
2018.507900 -4.051866 3.484000 8
2018.510600 -3.199148 3.626000 8
2018.513300 3.774055 3.655000 8
2018.516100 -0.487852 3.589000 8
2018.518800 2.761442 3.582000 8
2018.521600 0.544735 3.522000 8
2018.524300 2.967252 3.636000 8
2018.527000 1.750417 3.529000 8
2018.529800 -1.206252 3.597000 8
2018.532500 -4.407675 3.551000 8
2018.535200 -2.129360 3.581000 8
2018.538000 -2.444705 3.518000 8
2018.540700 -0.430799 3.603000 8
2018.543500 0.006566 3.535000 8
2018.546200 -0.853821 3.595000 8
2018.548900 5.274669 3.572000 8
2018.551700 -0.709200 3.654000 8
2018.554400 -1.161840 3.526000 8
2018.557200 0.552283 3.524000 8
2018.559900 2.426616 3.643000 8
2018.562600 -0.517046 3.512000 8
2018.565400 2.806243 3.651000 8
2018.568100 2.429701 3.597000 8
2018.570800 -0.010766 3.489000 8
2018.573600 1.082909 3.645000 8
2018.576300 -3.388301 3.666000 8
2018.579100 4.168760 3.699000 8
2018.581800 5.568895 3.561000 8
2018.584500 4.842212 3.742000 8
2018.587300 4.545995 3.723000 8
2018.590000 3.014779 3.543000 8
2018.592700 5.430802 3.472000 8
2018.595500 6.651489 3.569000 8
2018.598200 0.661094 3.587000 8
2018.601000 4.739495 3.574000 8
2018.603700 4.109754 3.616000 8
2018.606400 -0.410661 3.574000 8
2018.609200 6.249922 3.564000 8
2018.611900 4.402262 3.690000 8
2018.614600 3.773978 3.586000 8
2018.617400 5.267892 3.607000 8
2018.620100 7.507455 3.636000 8
2018.622900 3.274353 3.749000 8
2018.625600 4.572823 3.677000 8
2018.628300 1.923740 3.613000 8
2018.631100 3.045196 3.548000 8
2018.633800 11.111102 3.699000 8
2018.636600 10.027685 3.613000 8
2018.639300 5.703632 3.850000 8
2018.642000 3.619089 3.700000 8
2018.644800 2.160430 3.664000 8
2018.647500 12.163001 3.544000 8
2018.650200 13.677116 3.790000 8
2018.653000 6.003324 3.545000 8
2018.655700 2.512620 3.496000 8
2018.658500 1.625149 3.576000 8
2018.661200 4.867668 3.533000 8
2018.663900 8.333784 3.574000 8
2018.666700 8.626343 3.559000 8
2018.669400 7.766742 3.544000 8
2018.672100 6.550767 3.591000 8
2018.674900 1.797445 3.743000 8
2018.677600 12.013808 3.533000 8
2018.680400 6.847967 3.598000 8
2018.683100 2.470704 3.559000 8
2018.685800 6.046110 3.561000 8
2018.688600 6.187524 3.548000 8
2018.691300 10.769353 3.564000 8
2018.694000 5.585875 3.667000 8
2018.696800 8.856618 3.684000 8
2018.699500 5.973610 3.784000 8
2018.702300 7.628968 3.571000 8
2018.705000 7.063460 3.622000 8
2018.707700 4.488681 3.426000 8
2018.710500 5.473483 3.531000 8
2018.713200 3.459245 3.490000 8
2018.715900 1.468756 3.507000 8
2018.718700 2.667065 3.528000 8
2018.721400 4.419157 3.458000 8
2018.724200 1.844194 3.550000 8
2018.726900 1.566892 3.546000 8
2018.729600 4.585369 3.504000 8
2018.732400 -1.620991 3.589000 8
2018.735100 -1.835873 3.424000 8
2018.737900 -0.143446 3.474000 8
2018.740600 4.556336 3.468000 8
2018.743300 -1.643076 3.504000 8
2018.746100 -4.739960 3.549000 8
2018.748800 3.854322 3.608000 8
2018.751500 5.377425 3.576000 8
2018.754300 5.665274 3.435000 8
2018.757000 7.925099 3.785000 8
2018.759800 4.096817 3.359000 8
2018.762500 1.595382 3.487000 8
2018.765200 8.974787 3.805000 8
2018.768000 6.254305 3.640000 8
2018.770700 6.441473 3.410000 8
2018.773400 -1.095507 3.787000 8
2018.776200 5.439843 3.743000 8
2018.778900 1.010644 3.662000 8
2018.781700 3.853921 3.573000 8
2018.784400 3.972514 3.472000 8
2018.787100 -2.023027 3.749000 8
2018.789900 0.879124 3.699000 8
2018.792600 -2.272613 3.690000 8
2018.795300 5.008520 3.439000 8
2018.798100 -0.554439 3.513000 8
2018.800800 -0.072493 3.511000 8
2018.803600 -0.827497 3.435000 8
2018.806300 2.725264 3.652000 8
2018.809000 4.618898 3.559000 8
2018.811800 1.430793 3.799000 8
2018.814500 3.245242 3.373000 8
2018.817200 3.632561 3.471000 8
2018.820000 -3.004651 3.478000 8
2018.822700 4.747476 3.552000 8
2018.825500 3.134207 3.466000 8
2018.828200 1.597132 3.376000 8
2018.830900 7.050918 3.427000 8
2018.833700 -2.778491 3.608000 8
2018.836400 6.185074 3.595000 8
2018.839200 3.712577 3.498000 8
2018.841900 5.571905 3.501000 8
2018.844600 4.128073 3.480000 8
2018.847400 1.762370 3.517000 8
2018.850100 3.976268 3.409000 8
2018.852800 4.879989 3.682000 8
2018.855600 1.302024 3.545000 8
2018.858300 4.717434 3.440000 8
2018.861100 1.811279 3.512000 8
2018.863800 -0.212654 3.603000 8
2018.866500 -0.135804 3.477000 8
2018.869300 1.945652 3.498000 8
2018.872000 1.172101 3.481000 8
2018.874700 1.453302 3.445000 8
2018.877500 7.463274 3.486000 8
2018.880200 5.992007 3.443000 8
2018.883000 6.207616 3.597000 8
2018.885700 6.914830 3.496000 8
2018.888400 4.192732 3.643000 8
2018.891200 -0.445341 3.859000 8
2018.893900 -0.575044 3.877000 8
2018.896600 2.374896 3.742000 8
2018.899400 4.376998 3.568000 8
2018.902100 0.001235 3.607000 8
2018.904900 6.217719 3.598000 8
2018.907600 7.326180 3.715000 8
2018.910300 3.026197 3.707000 8
2018.913100 5.454576 4.015000 8
2018.915800 8.945698 3.685000 8
2018.918500 1.386314 3.856000 8
2018.921300 2.497396 3.621000 8
2018.924000 3.073987 3.645000 8
2018.926800 2.109105 3.558000 8
2018.929500 7.836575 3.586000 8
2018.932200 8.757422 3.624000 8
2018.935000 5.987877 3.544000 8
2018.937700 0.911451 3.570000 8
2018.940500 7.956677 3.733000 8
2018.943200 2.217868 3.568000 8
2018.945900 2.746302 3.525000 8
2018.948700 5.959441 3.517000 8
2018.951400 7.292318 3.682000 8
2018.954100 6.205349 3.651000 8
2018.956900 2.339122 3.671000 8
2018.959600 4.112408 3.747000 8
2018.962400 4.477452 3.577000 8
2018.965100 1.409860 3.610000 8
2018.967800 0.207260 3.575000 8
2018.970600 8.848427 3.609000 8
2018.973300 6.560741 3.568000 8
2018.976000 2.673941 3.456000 8
2018.978800 4.088899 3.619000 8
2018.981500 -3.116207 3.738000 8
2018.984300 4.573427 3.692000 8
2018.987000 10.126861 3.544000 8
2018.989700 11.468992 3.947000 8
2018.992500 0.873823 3.679000 8
2018.995200 6.498254 3.584000 8
2018.997900 0.256262 3.563000 8
2019.000700 3.003911 3.570000 8
2019.003400 5.485969 3.653000 8
2019.006200 3.804618 3.577000 8
2019.008900 7.448553 3.618000 8
2019.011600 -0.228146 3.864000 8
2019.014400 -0.900346 3.656000 8
2019.017100 1.834565 3.939000 8
2019.019800 3.050710 3.518000 8
2019.022600 -1.500756 3.803000 8
2019.025300 -0.212274 3.666000 8
2019.028100 1.650513 3.662000 8
2019.030800 2.225143 3.670000 8
2019.033500 -1.083222 3.437000 8
2019.036300 1.686575 3.587000 8
2019.039000 1.787073 3.469000 8
2019.041800 -12.227371 3.854000 8
2019.044500 -13.761204 3.816000 8
2019.047200 -8.255270 4.078000 8
2019.050000 -1.010453 3.907000 8
2019.052700 -8.006143 4.017000 8
2019.055400 -4.316214 3.811000 8
2019.058200 0.265410 3.627000 8
2019.060900 -1.723581 3.540000 8
2019.063700 -2.984016 3.487000 8
2019.066400 -2.367128 3.490000 8
2019.069100 -5.604863 3.777000 8
2019.071900 4.820737 3.563000 8
2019.074600 -0.191418 3.476000 8
2019.077300 0.975656 3.460000 8
2019.080100 6.189830 3.508000 8
2019.082800 2.973186 3.487000 8
2019.085600 5.115475 3.388000 8
2019.088300 3.012914 3.804000 8
2019.091000 -10.308662 4.193000 8
2019.093800 -7.006565 4.049000 8
2019.096500 -0.905352 3.746000 8
2019.099200 3.702704 3.634000 8
2019.102000 0.264156 3.603000 8
2019.104700 0.246711 3.441000 8
2019.107500 -6.753530 3.864000 8
2019.110200 2.901332 3.649000 8
2019.112900 1.442804 3.647000 8
2019.115700 1.183183 3.707000 8
2019.118400 -5.647316 4.331000 8
2019.121100 2.629658 4.339000 8
2019.123900 -8.529767 3.959000 8
2019.126600 -11.590033 3.757000 8
2019.129400 -11.577912 3.596000 8
2019.132100 -5.533596 3.655000 8
2019.134800 -3.809021 3.440000 8
2019.137600 1.887619 3.396000 8
2019.140300 -8.640477 3.505000 8
2019.143100 -1.010728 3.729000 8
2019.145800 -6.043658 3.589000 8
2019.148500 -4.562527 3.578000 8
2019.151300 -5.626887 3.798000 8
2019.154000 -4.358822 4.162000 8
2019.156700 -10.712807 3.937000 8
2019.159500 -7.308624 3.870000 8
2019.162200 -10.414893 3.838000 8
2019.165000 -12.512224 3.896000 8
2019.167700 -10.895913 3.906000 8
2019.170400 -12.475819 3.790000 8
2019.173200 -7.191135 3.753000 8
2019.175900 -15.039654 4.209000 8
2019.178600 -17.184480 4.001000 8
2019.181400 -4.865063 3.746000 8
2019.184100 -6.667674 3.649000 8
2019.186900 -8.377276 3.660000 8
2019.189600 -6.105778 3.801000 8
2019.192300 -2.214718 3.673000 8
2019.195100 -4.655996 3.742000 8
2019.197800 -10.628970 3.639000 8
2019.200500 -10.451447 3.711000 8
2019.203300 -9.716606 3.579000 8
2019.206000 -6.394240 3.593000 8
2019.208800 -6.457785 3.728000 8
2019.211500 -6.263647 3.629000 8
2019.214200 -6.475099 3.819000 8
2019.217000 -8.262799 3.702000 8
2019.219700 -9.051568 3.708000 8
2019.222500 -17.220809 3.867000 8
2019.225200 -12.089943 3.605000 8
2019.227900 -9.949725 3.962000 8
2019.230700 -12.700305 3.903000 8
2019.233400 -13.500505 3.986000 8
2019.236100 -15.328375 3.926000 8
2019.238900 -5.428360 3.574000 8
2019.241600 -4.376680 3.481000 8
2019.244400 -11.671324 3.761000 8
2019.247100 -6.883104 3.787000 8
2019.249800 -1.748565 3.685000 8
2019.252600 1.079349 3.540000 8
2019.255300 -14.549567 3.655000 8
2019.258000 0.457842 3.791000 8
2019.260800 -0.085663 3.561000 8
2019.263500 0.487317 3.589000 8
2019.266300 -11.561806 3.532000 8
2019.269000 -6.059228 3.870000 8
2019.271700 -8.557289 3.786000 8
2019.274500 -7.124720 3.538000 8
2019.277200 -4.220121 3.855000 8
2019.279900 -3.013127 3.518000 8
2019.282700 -8.673757 3.684000 8
2019.285400 2.101978 3.607000 8
2019.288200 -7.002074 3.726000 8
2019.290900 -6.569535 3.583000 8
2019.293600 -6.488519 3.484000 8
2019.296400 -6.393519 3.648000 8
2019.299100 -7.965585 3.730000 8
2019.301800 -5.924114 3.442000 8
2019.304600 1.045129 3.607000 8
2019.307300 -5.621350 3.577000 8
2019.310100 -2.572189 3.559000 8
2019.312800 -3.164519 3.487000 8
2019.315500 -4.693191 3.558000 8
2019.318300 -0.550409 3.674000 8
2019.321000 1.073228 3.535000 8
2019.323800 -0.044794 3.378000 8
2019.326500 -6.148729 3.612000 8
2019.329200 -5.331865 3.457000 8
2019.332000 -7.263815 3.474000 8
2019.334700 1.459664 3.508000 8
2019.337400 2.213037 3.456000 8
2019.340200 1.177459 3.516000 8
2019.342900 -3.038352 3.434000 8
2019.345700 -3.685197 3.593000 8
2019.348400 -6.685050 3.480000 8
2019.351100 5.376165 3.531000 8
2019.353900 12.282239 3.592000 8
2019.356600 0.945632 3.564000 8
2019.359300 1.948207 3.593000 8
2019.362100 6.675551 3.612000 8
2019.364800 1.213537 3.620000 8
2019.367600 2.495242 3.663000 8
2019.370300 -7.098200 3.821000 8
2019.373000 3.858735 3.790000 8
2019.375800 8.175331 3.580000 8
2019.378500 -0.013914 3.575000 8
2019.381200 3.462341 3.645000 8
2019.384000 -3.657786 3.822000 8
2019.386700 -3.667457 3.563000 8
2019.389500 -2.887529 3.467000 8
2019.392200 -3.482953 3.527000 8
2019.394900 -2.044665 3.611000 8
2019.397700 -4.719791 3.706000 8
2019.400400 -2.341992 3.398000 8
2019.403100 -6.381351 3.469000 8
2019.405900 3.216878 3.438000 8
2019.408600 -4.094706 3.527000 8
2019.411400 -3.554691 3.447000 8
2019.414100 -8.177319 3.570000 8
2019.416800 -7.061885 3.640000 8
2019.419600 -0.360824 3.589000 8
2019.422300 1.164834 3.547000 8
2019.425100 -2.507854 3.682000 8
2019.427800 -0.482792 3.757000 8
2019.430500 -2.775449 3.636000 8
2019.433300 -3.963397 3.741000 8
2019.436000 -6.198382 3.580000 8
2019.438700 -8.328954 3.509000 8
2019.441500 -1.716750 3.670000 8
2019.444200 -7.900385 3.541000 8
2019.447000 -8.413193 3.589000 8
2019.449700 -3.722715 3.728000 8
2019.452400 -5.920608 3.609000 8
2019.455200 -7.956586 3.689000 8
2019.457900 1.335893 3.682000 8
2019.460600 -9.121873 3.713000 8
2019.463400 -7.164623 3.732000 8
2019.466100 4.063237 4.014000 8
2019.468900 -5.594813 3.681000 8
2019.471600 -5.838158 3.656000 8
2019.474300 -10.145544 3.760000 8
2019.477100 -3.123723 3.778000 8
2019.479800 3.531929 3.799000 8
2019.482500 0.189659 3.929000 8
2019.485300 -11.612276 3.834000 8
2019.488000 -6.073271 3.750000 8
2019.490800 -11.830840 3.664000 8
2019.493500 -3.837406 3.627000 8
2019.496200 -2.919704 3.733000 8
2019.499000 -3.707435 3.738000 8
2019.501700 -4.908080 3.925000 8
2019.504400 -7.642352 3.601000 8
2019.507200 -6.819905 3.757000 8
2019.509900 -6.444308 3.597000 8
2019.512700 0.118112 3.719000 8
2019.515400 -5.251284 3.813000 8
2019.518100 -7.192136 3.603000 8
2019.520900 -5.821004 3.727000 8
2019.523600 -6.207649 3.786000 8
2019.526400 -6.626198 3.719000 8
2019.529100 1.050491 3.958000 8
2019.531800 -5.165119 3.973000 8
2019.534600 0.872539 3.709000 8
2019.537300 -3.026552 3.785000 8
2019.540000 -6.122855 3.827000 8
2019.542800 -7.840714 3.686000 8
2019.545500 -1.701325 3.966000 8
2019.548300 -6.634371 3.714000 8
2019.551000 -4.532180 3.846000 8
2019.553700 -4.759064 3.966000 8
2019.556500 -1.918200 3.870000 8
2019.559200 -0.595124 3.991000 8
2019.561900 -3.949049 3.899000 8
2019.564700 -6.753039 3.839000 8
2019.567400 -7.013856 3.659000 8
2019.570200 1.198389 3.865000 8
2019.572900 -9.016226 3.988000 8
2019.575600 -7.036728 3.826000 8
2019.578400 -4.578975 3.989000 8
2019.581100 -1.023144 3.765000 8
2019.583800 -1.436135 3.801000 8
2019.586600 -0.356677 3.748000 8
2019.589300 -6.314212 3.864000 8
2019.592100 -3.679165 4.035000 8
2019.594800 -0.992165 3.922000 8
2019.597500 1.731107 4.200000 8
2019.600300 -2.898841 4.164000 8
2019.603000 -10.643924 3.820000 8
2019.605700 -1.051684 3.969000 8
2019.608500 -4.077464 3.986000 8
2019.611200 -5.021478 3.799000 8
2019.614000 -1.452377 3.874000 8
2019.616700 -8.618582 3.704000 8
2019.619400 -1.541385 3.707000 8
2019.622200 1.596130 4.000000 8
2019.624900 1.187227 3.801000 8
2019.627700 3.466778 3.814000 8
2019.630400 -5.269170 3.848000 8
2019.633100 -1.437648 3.911000 8
2019.635900 3.748535 3.815000 8
2019.638600 -6.112909 3.778000 8
2019.641300 -1.212845 3.883000 8
2019.644100 -2.646914 3.729000 8
2019.646800 -4.934742 3.743000 8
2019.649600 0.970435 3.841000 8
2019.652300 -5.197240 3.767000 8
2019.655000 0.795649 3.862000 8
2019.657800 -3.137248 3.802000 8
2019.660500 -1.733141 3.895000 8
2019.663200 -1.380439 3.888000 8
2019.666000 -2.280314 3.899000 8
2019.668700 -4.996334 3.857000 8
2019.671500 -4.704789 3.833000 8
2019.674200 -6.261494 3.801000 8
2019.676900 -2.681558 4.076000 8
2019.679700 -7.551844 3.759000 8
2019.682400 -4.768538 3.832000 8
2019.685100 0.008434 3.857000 8
2019.687900 -4.447604 3.940000 8
2019.690600 -7.617212 3.940000 8
2019.693400 -6.997687 3.795000 8
2019.696100 -6.415844 3.956000 8
2019.698800 -3.441295 3.728000 8
2019.701600 -7.146399 3.713000 8
2019.704300 -4.732354 3.919000 8
2019.707000 -1.301582 3.985000 8
2019.709800 -4.740247 3.648000 8
2019.712500 -3.253937 3.810000 8
2019.715300 -9.301919 3.664000 8
2019.718000 -4.546044 3.859000 8
2019.720700 -3.272409 3.897000 8
2019.723500 -4.735848 3.680000 8
2019.726200 -7.137610 3.702000 8
2019.729000 -6.251301 3.974000 8
2019.731700 -0.917436 4.037000 8
2019.734400 2.411218 3.846000 8
2019.737200 -1.303838 3.810000 8
2019.739900 -7.137524 4.361000 8
2019.742600 -5.333404 3.904000 8
2019.745400 -0.499776 3.760000 8
2019.748100 -3.872965 3.656000 8
2019.750900 -8.063499 3.842000 8
2019.753600 2.028023 4.097000 8
2019.756300 -3.260627 3.934000 8
2019.759100 -5.681402 3.736000 8
2019.761800 -3.390314 3.798000 8
2019.764500 -8.793386 3.752000 8
2019.767300 3.190635 3.836000 8
2019.770000 -1.088677 3.866000 8
2019.772800 -4.313749 4.149000 8
2019.775500 -5.485286 3.912000 8
2019.778200 -5.734967 3.738000 8
2019.781000 0.973810 3.744000 8
2019.783700 0.363920 3.689000 8
2019.786400 -4.406106 3.630000 8
2019.789200 -2.766457 3.710000 8
2019.791900 -0.459678 3.815000 8
2019.794700 -3.056081 3.677000 8
2019.797400 -0.715492 3.723000 8
2019.800100 -0.671032 3.491000 8
2019.802900 -1.735539 3.747000 8
2019.805600 -6.168264 3.868000 8
2019.808400 -9.393814 3.751000 8
2019.811100 -8.436723 3.940000 8
2019.813800 -7.946760 3.697000 8
2019.816600 -1.433414 3.776000 8
2019.819300 -3.859641 3.951000 8
2019.822000 -6.684998 3.851000 8
2019.824800 -6.662768 3.662000 8
2019.827500 -5.278326 3.740000 8
2019.830300 -4.490161 3.740000 8
2019.833000 -4.060930 3.753000 8
2019.835700 -2.129845 3.762000 8
2019.838500 -5.005839 3.645000 8
2019.841200 -2.030989 3.653000 8
2019.843900 -0.414298 3.801000 8
2019.846700 0.079507 3.622000 8
2019.849400 -3.605068 3.742000 8
2019.852200 -3.695405 3.675000 8
2019.854900 -3.145272 3.526000 8
2019.857600 0.759671 3.616000 8
2019.860400 1.197033 3.802000 8
2019.863100 -1.110364 3.701000 8
2019.865800 -2.556975 3.664000 8
2019.868600 3.082006 3.640000 8
2019.871300 0.225999 3.761000 8
2019.874100 1.886697 3.649000 8
2019.876800 0.605252 3.624000 8
2019.879500 6.325538 3.692000 8
2019.882300 4.457687 3.947000 8
2019.885000 6.896461 4.028000 8
2019.887700 11.027927 3.938000 8
2019.890500 -2.894595 3.582000 8
2019.893200 -1.343727 3.631000 8
2019.896000 2.201247 3.622000 8
2019.898700 8.020455 3.735000 8
2019.901400 6.343277 3.621000 8
2019.904200 8.283334 3.692000 8
2019.906900 0.396390 3.506000 8
2019.909700 1.643761 3.383000 8
2019.912400 6.814973 3.422000 8
2019.915100 -7.487295 4.183000 8
2019.917900 -2.388138 4.077000 8
2019.920600 0.092624 3.835000 8
2019.923300 3.578841 3.574000 8
2019.926100 -1.582421 3.781000 8
2019.928800 -4.076312 3.704000 8
2019.931600 -5.206627 4.273000 8
2019.934300 -9.953726 3.772000 8
2019.937000 -0.847493 3.704000 8
2019.939800 -4.785613 3.602000 8
2019.942500 -0.761749 3.756000 8
2019.945200 -10.201635 4.033000 8
2019.948000 -6.203818 3.921000 8
2019.950700 -2.337246 4.060000 8
2019.953500 -4.063944 3.704000 8
2019.956200 -1.101037 3.670000 8
2019.958900 -5.086031 3.639000 8
2019.961700 -3.389268 3.861000 8
2019.964400 1.550877 3.699000 8
2019.967100 -3.621976 3.773000 8
2019.969900 -12.439064 3.829000 8
2019.972600 -8.092985 3.947000 8
2019.975400 -5.941144 3.775000 8
2019.978100 4.771721 3.700000 8
2019.980800 3.902408 3.575000 8
2019.983600 0.592838 3.718000 8
2019.986300 -2.483915 3.852000 8
2019.989000 0.805038 3.730000 8
2019.991800 -0.393303 3.640000 8
2019.994500 -1.137029 3.896000 8
2019.997300 -5.875087 3.731000 8
2020.000000 -1.630657 3.781000 8
2020.002700 -1.197723 3.653000 8
2020.005500 -2.926192 3.949000 8
2020.008200 -5.214358 4.016000 8
2020.011000 -8.849986 3.835000 8
2020.013700 -6.221431 3.777000 8
2020.016400 -8.301587 3.874000 8
2020.019200 -0.317305 3.705000 8
2020.021900 3.983990 3.735000 8
2020.024600 -0.538561 3.852000 8
2020.027400 -4.455795 3.752000 8
2020.030100 -5.881173 3.692000 8
2020.032900 -3.512326 3.679000 8
2020.035600 -10.659721 3.951000 8
2020.038300 -1.570195 3.771000 8
2020.041100 -2.699598 3.818000 8
2020.043800 -9.296377 3.641000 8
2020.046500 -5.623379 3.559000 8
2020.049300 -8.407480 3.732000 8
2020.052000 -0.847081 3.683000 8
2020.054800 -0.578906 3.841000 8
2020.057500 -4.728304 3.968000 8
2020.060200 -7.647167 3.630000 8
2020.063000 2.782545 3.605000 8
2020.065700 -6.320414 3.660000 8
2020.068400 0.735017 3.854000 8
2020.071200 0.490804 3.689000 8
2020.073900 2.093840 3.627000 8
2020.076700 0.036076 3.564000 8
2020.079400 -4.565482 3.601000 8
2020.082100 -1.738897 3.747000 8
2020.084900 -3.899356 3.693000 8
2020.087600 3.926337 3.739000 8
2020.090300 -0.005971 3.571000 8
2020.093100 2.604416 3.687000 8
2020.095800 -1.248078 3.809000 8
2020.098600 0.661939 3.668000 8
2020.101300 -0.871937 3.607000 8
2020.104000 3.170947 3.751000 8
2020.106800 1.481059 3.814000 8
2020.109500 8.346275 3.772000 8
2020.112300 -0.713477 3.774000 8
2020.115000 -5.470119 3.671000 8
2020.117700 -2.795230 3.801000 8
2020.120500 3.623388 3.687000 8
2020.123200 5.617146 3.596000 8
2020.125900 -0.276698 3.720000 8
2020.128700 -1.310127 3.652000 8
2020.131400 -1.756367 3.563000 8
2020.134200 -1.789406 3.732000 8
2020.136900 1.035787 3.694000 8
2020.139600 4.812167 3.738000 8
2020.142400 4.524420 3.705000 8
2020.145100 4.353988 3.677000 8
2020.147800 -3.775375 3.648000 8
2020.150600 -1.766200 3.879000 8
2020.153300 -5.697609 3.846000 8
2020.156100 -2.624708 3.659000 8
2020.158800 -5.482312 3.656000 8
2020.161500 -2.838028 3.731000 8
2020.164300 2.387224 3.806000 8
2020.167000 3.486105 3.850000 8
2020.169700 2.743776 3.841000 8
2020.172500 9.219068 3.667000 8
2020.175200 3.603143 3.719000 8
2020.178000 -1.719394 3.711000 8
2020.180700 3.410966 3.655000 8
2020.183400 4.752970 3.658000 8
2020.186200 3.718013 3.625000 8
2020.188900 2.053138 3.705000 8
2020.191600 1.136832 3.729000 8
2020.194400 -3.617781 3.731000 8
2020.197100 7.080890 3.866000 8
2020.199900 -4.855978 4.196000 8
2020.202600 -12.301415 4.148000 8
2020.205300 -12.832389 3.947000 8
2020.208100 2.915756 3.930000 8
2020.210800 7.599563 3.936000 8
2020.213600 -4.495739 4.313000 8
2020.216300 -9.207215 4.010000 8
2020.219000 0.159695 3.857000 8
2020.221800 1.661163 3.791000 8
2020.224500 1.553714 3.734000 8
2020.227200 1.088619 3.964000 8
2020.230000 -3.727246 4.026000 8
2020.232700 2.456245 3.856000 8
2020.235500 6.821751 3.873000 8
2020.238200 2.034802 3.836000 8
2020.240900 2.802176 4.004000 8
2020.243700 0.518253 3.827000 8
2020.246400 3.991168 3.929000 8
2020.249100 8.396402 3.917000 8
2020.251900 3.670036 3.725000 8
2020.254600 -0.736186 3.800000 8
2020.257400 3.389795 3.839000 8
2020.260100 0.792128 4.163000 8
2020.262800 -10.946203 4.315000 8
2020.265600 5.375388 3.794000 8
2020.268300 8.805651 3.952000 8
2020.271000 2.926274 3.995000 8
2020.273800 -1.810452 4.103000 8
2020.276500 2.383823 3.888000 8
2020.279300 0.382578 3.937000 8
2020.282000 -0.588443 3.998000 8
2020.284700 4.101957 3.939000 8
2020.287500 0.155591 3.705000 8
2020.290200 0.705788 3.754000 8
2020.293000 1.148062 3.880000 8
2020.295700 1.594128 3.696000 8
2020.298400 7.692704 3.748000 8
2020.301200 6.774139 3.692000 8
2020.303900 3.557709 3.691000 8
2020.306600 5.406855 3.780000 8
2020.309400 4.222656 3.743000 8
2020.312100 5.053938 3.727000 8
2020.314900 4.631749 3.749000 8
2020.317600 2.268273 3.594000 8
2020.320300 8.304501 3.659000 8
2020.323100 3.738083 3.656000 8
2020.325800 5.281723 3.658000 8
2020.328500 4.159155 3.628000 8
2020.331300 7.178785 3.624000 8
2020.334000 8.707815 3.668000 8
2020.336800 7.457947 3.721000 8
2020.339500 4.029706 3.610000 8
2020.342200 6.190420 3.749000 8
2020.345000 4.764110 3.604000 8
2020.347700 -0.104237 3.734000 8
2020.350400 9.991475 3.773000 8
2020.353200 6.106055 3.741000 8
2020.355900 3.384926 3.761000 8
2020.358700 6.802602 3.631000 8
2020.361400 6.152788 3.823000 8
2020.364100 8.064221 3.757000 8
2020.366900 7.263381 3.695000 8
2020.369600 1.026366 3.701000 8
2020.372300 4.797718 3.718000 8
2020.375100 -1.947265 3.849000 8
2020.377800 0.926885 3.887000 8
2020.380600 3.999668 3.649000 8
2020.383300 2.837786 3.676000 8
2020.386000 3.668478 3.669000 8
2020.388800 2.947771 3.990000 8
2020.391500 3.270687 3.819000 8
2020.394300 3.246193 3.705000 8
2020.397000 6.158510 3.709000 8
2020.399700 5.447615 3.619000 8
2020.402500 4.073305 3.725000 8
2020.405200 -3.842924 3.826000 8
2020.407900 6.453765 3.825000 8
2020.413400 1.219674 3.695000 8
2020.416200 7.782910 3.703000 8
2020.418900 -0.586356 3.812000 8
2020.421600 2.376518 3.793000 8
2020.424400 2.396042 3.862000 8
2020.427100 6.680297 3.921000 8
2020.429800 6.121823 3.838000 8
2020.432600 1.895051 3.921000 8
2020.435300 -0.182774 3.953000 8
2020.438100 2.073145 3.876000 8
2020.440800 7.261147 3.948000 8
2020.443500 3.604637 3.784000 8
2020.446300 0.570948 3.862000 8
2020.449000 5.438530 3.961000 8
2020.451700 -2.898271 3.743000 8
2020.454500 4.902835 3.736000 8
2020.457200 -0.919616 3.751000 8
2020.460000 4.561907 3.799000 8
2020.462700 2.234978 3.930000 8
2020.465400 -1.793123 3.714000 8
2020.468200 3.657855 3.702000 8
2020.470900 -2.565473 3.738000 8
2020.473600 0.303148 3.727000 8
2020.476400 -2.647035 3.827000 8
2020.479100 3.943604 3.672000 8
2020.481900 1.016523 3.776000 8
2020.484600 -0.297661 4.026000 8
2020.487300 5.019301 4.032000 8
2020.490100 11.954676 4.198000 8
2020.492800 11.346048 3.851000 8
2020.495600 3.569927 3.769000 8
2020.498300 5.120861 3.752000 8
2020.501000 2.067124 3.816000 8
2020.503800 1.846043 3.823000 8
2020.506500 0.052086 3.846000 8
2020.509200 0.510565 3.725000 8
2020.512000 4.815853 3.680000 8
2020.514700 -0.975679 3.974000 8
2020.517500 7.205706 3.918000 8
2020.520200 5.839299 3.845000 8
2020.522900 0.230492 3.952000 8
2020.525700 2.837768 3.966000 8
2020.528400 -5.155719 3.861000 8
2020.531100 6.948486 4.050000 8
2020.533900 1.113945 3.917000 8
2020.536600 0.683654 3.865000 8
2020.539400 -2.154267 3.896000 8
2020.542100 1.177062 4.115000 8
2020.544800 0.443230 4.018000 8
2020.547600 -3.166054 3.914000 8
2020.550300 6.667903 4.196000 8
2020.553000 1.686777 3.822000 8
2020.555800 1.338383 4.062000 8
2020.558500 2.998204 4.114000 8
2020.561300 3.605882 3.863000 8
2020.564000 0.514750 4.060000 8
2020.566700 -0.033341 3.931000 8
2020.569500 1.194615 4.125000 8
2020.572200 6.382714 4.141000 8
2020.574900 6.900921 4.041000 8
2020.577700 1.984366 3.996000 8
2020.580400 -1.553103 3.933000 8
2020.583200 -1.558205 3.896000 8
2020.585900 -3.278268 4.030000 8
2020.588600 0.315880 3.938000 8
2020.591400 -0.634407 3.997000 8
2020.594100 0.652267 3.980000 8
2020.596900 4.334637 4.027000 8
2020.599600 5.647911 4.014000 8
2020.602300 -1.991513 3.927000 8
2020.605100 1.810960 3.886000 8
2020.607800 4.577240 3.958000 8
2020.610500 -0.459127 3.830000 8
2020.613300 -0.764396 3.852000 8
2020.616000 -0.870962 3.964000 8
2020.618800 0.346706 3.947000 8
2020.621500 5.747004 3.885000 8
2020.624200 -0.373272 3.867000 8
2020.627000 0.599889 3.850000 8
2020.629700 -2.610438 3.933000 8
2020.632400 -1.533298 3.940000 8
2020.635200 3.684484 3.884000 8
2020.637900 4.032652 3.960000 8
2020.640700 1.733600 3.765000 8
2020.643400 -4.752155 3.738000 8
2020.646100 7.327619 4.073000 8
2020.648900 -0.269620 3.983000 8
2020.651600 -1.256699 3.998000 8
2020.654300 -0.619216 3.703000 8
2020.657100 1.965463 3.932000 8
2020.659800 4.149158 3.897000 8
2020.662600 -2.882810 3.702000 8
2020.665300 5.348138 3.825000 8
2020.668000 5.433698 3.877000 8
2020.670800 -1.804194 3.741000 8
2020.673500 -0.303323 3.751000 8
2020.676200 -2.180813 3.742000 8
2020.679000 0.259456 3.795000 8
2020.681700 2.414331 3.802000 8
2020.684500 1.952108 3.842000 8
2020.687200 -6.449618 4.055000 8
2020.689900 -3.841663 4.081000 8
2020.692700 1.006407 3.863000 8
2020.695400 0.228809 4.027000 8
2020.698200 0.104470 3.840000 8
2020.700900 -1.034650 3.807000 8
2020.703600 -0.190052 3.943000 8
2020.706400 -1.236980 4.049000 8
2020.709100 -2.302861 4.159000 8
2020.711800 -5.923002 3.938000 8
2020.714600 5.520546 4.191000 8
2020.717300 -2.610034 3.944000 8
2020.720100 -4.965779 3.910000 8
2020.722800 -4.040771 3.848000 8
2020.725500 -1.312993 4.185000 8
2020.728300 1.296838 3.984000 8
2020.731000 1.913240 3.937000 8
2020.733700 -4.342570 3.847000 8
2020.736500 3.172890 3.930000 8
2020.739200 3.677738 4.156000 8
2020.742000 -2.945997 4.330000 8
2020.744700 0.089530 4.010000 8
2020.747400 -3.617130 3.966000 8
2020.750200 0.738847 3.837000 8
2020.752900 -0.332105 3.947000 8
2020.755600 0.094771 3.824000 8
2020.758400 -2.161497 3.714000 8
2020.761100 -1.402886 3.766000 8
2020.763900 -5.494273 3.806000 8
2020.766600 -4.044911 3.683000 8
2020.769300 -2.268702 3.898000 8
2020.772100 1.987728 3.932000 8
2020.774800 4.108709 3.850000 8
2020.777500 -2.057453 3.870000 8
2020.780300 -2.766177 3.785000 8
2020.783000 -0.333550 3.847000 8
2020.785800 7.215662 3.933000 8
2020.788500 -2.491912 3.858000 8
2020.791200 -2.014618 3.971000 8
2020.794000 -3.812523 3.819000 8
2020.796700 -0.515420 3.913000 8
2020.799500 4.077627 3.815000 8
2020.802200 8.974544 3.930000 8
2020.804900 3.102334 3.916000 8
2020.807700 7.449280 3.952000 8
2020.810400 4.221886 3.942000 8
2020.813100 -1.049637 3.854000 8
2020.815900 2.586206 3.789000 8
2020.818600 5.347495 4.160000 8
2020.821400 -1.298712 4.127000 8
2020.824100 3.147382 3.996000 8
2020.826800 0.421341 3.965000 8
2020.829600 6.927006 3.808000 8
2020.832300 8.674755 3.826000 8
2020.835000 2.020360 3.858000 8
2020.837800 2.202869 3.749000 8
2020.840500 2.509241 3.799000 8
2020.843300 -3.584353 4.080000 8
2020.846000 6.835766 4.073000 8
2020.848700 7.223718 3.857000 8
2020.851500 9.394892 3.820000 8
2020.854200 5.924554 3.898000 8
2020.856900 3.415028 3.653000 8
2020.859700 2.215907 3.791000 8
2020.862400 10.013046 3.844000 8
2020.865200 4.047708 3.926000 8
2020.867900 7.138478 4.045000 8
2020.870600 3.918015 4.045000 8
2020.873400 11.022242 3.864000 8
2020.876100 12.281346 3.970000 8
2020.878900 10.389249 4.636000 8
2020.881600 5.082873 4.327000 8
2020.884300 2.509206 3.918000 8
2020.887100 4.470490 4.155000 8
2020.889800 8.009263 3.850000 8
2020.892500 6.517702 3.889000 8
2020.895300 15.118234 3.888000 8
2020.898000 10.301021 3.820000 8
2020.900800 7.464990 3.843000 8
2020.903500 6.857055 3.953000 8
2020.906200 4.926704 4.129000 8
2020.909000 7.654658 3.931000 8
2020.911700 5.429473 3.987000 8
2020.914400 10.231813 3.906000 8
2020.917200 7.184568 3.723000 8
2020.919900 7.451950 3.923000 8
2020.922700 8.010814 3.848000 8
2020.925400 1.755147 3.887000 8
2020.928100 8.577894 3.878000 8
2020.930900 6.221209 3.816000 8
2020.933600 4.861761 4.303000 8
2020.936300 7.635651 3.977000 8
2020.939100 8.390182 3.731000 8
2020.941800 5.041718 3.841000 8
2020.944600 4.893935 3.841000 8
2020.947300 3.771002 3.994000 8
2020.950000 2.164268 3.918000 8
2020.952800 -2.751739 4.052000 8
2020.955500 5.820878 3.812000 8
2020.958200 -5.973398 3.650000 8
2020.961000 7.069081 3.993000 8
2020.963700 1.612962 3.854000 8
2020.966500 4.859608 3.964000 8
2020.969200 3.708508 3.935000 8
2020.971900 3.764349 3.865000 8
2020.974700 5.008954 3.986000 8
2020.977400 2.169599 3.971000 8
2020.980200 2.955999 3.904000 8
2020.982900 5.298300 3.986000 8
2020.985600 -1.500644 4.117000 8
2020.988400 2.401135 3.664000 8
2020.991100 10.008613 3.787000 8
2020.993800 6.040728 3.974000 8
2020.996600 8.280517 3.819000 8
2020.999300 10.821809 4.032000 8
2021.002100 1.138729 3.949000 8
2021.004800 5.424027 3.765000 8
2021.007500 9.016756 3.742000 8
2021.010300 6.783031 4.095000 8
2021.013000 11.351505 3.808000 8
2021.015700 2.063278 4.018000 8
2021.018500 5.882498 3.689000 8
2021.021200 8.213746 3.888000 8
2021.024000 9.686363 3.870000 8
2021.026700 5.908901 3.820000 8
2021.029400 7.977512 3.908000 8
2021.032200 4.684359 3.951000 8
2021.034900 7.670977 3.800000 8
2021.037600 3.319528 3.877000 8
2021.040400 6.938164 3.775000 8
2021.043100 10.250435 3.733000 8
2021.045900 7.331678 3.810000 8
2021.048600 8.391471 3.932000 8
2021.051300 9.661958 4.352000 8
2021.054100 11.177236 4.130000 8
2021.056800 9.789950 4.050000 8
2021.059500 10.771213 3.911000 8
2021.062300 21.387067 3.629000 8
2021.065000 9.258259 3.847000 8
2021.067800 6.434900 3.721000 8
2021.070500 12.743822 3.719000 8
2021.073200 6.960047 4.058000 8
2021.076000 2.886492 4.002000 8
2021.078700 -1.032852 3.907000 8
2021.081500 9.338862 4.016000 8
2021.084200 5.686749 3.843000 8
2021.086900 6.134694 4.213000 8
2021.089700 -5.335556 4.015000 8
2021.092400 0.633324 4.356000 8
2021.095100 7.113118 4.070000 8
2021.097900 4.738449 4.004000 8
2021.100600 9.253886 3.928000 8
2021.103400 7.160672 3.841000 8
2021.106100 14.275559 3.968000 8
2021.108800 16.563125 3.975000 8
2021.111600 7.210748 3.897000 8
2021.114300 1.283481 3.885000 8
2021.117000 7.495755 3.937000 8
2021.119800 15.101785 4.118000 8
2021.122500 13.372951 4.002000 8
2021.125300 0.003665 4.320000 8
2021.128000 13.121544 3.968000 8
2021.130700 11.379746 3.833000 8
2021.133500 7.076176 4.119000 8
2021.136200 7.066832 4.185000 8
2021.138900 1.765687 4.220000 8
2021.141700 0.150442 3.844000 8
2021.144400 2.241503 3.967000 8
2021.147200 6.825242 4.015000 8
2021.149900 6.139352 3.848000 8
2021.152600 4.081467 4.103000 8
2021.155400 12.124920 4.150000 8
2021.158100 12.142858 4.166000 8
2021.160800 7.886693 4.154000 8
2021.163600 10.029525 3.831000 8
2021.166300 12.583974 3.986000 8
2021.169100 18.769187 3.891000 8
2021.171800 12.506118 3.722000 8
2021.174500 7.744785 4.194000 8
2021.177300 9.247869 4.249000 8
2021.180000 7.245836 3.985000 8
2021.182800 4.799986 4.427000 8
2021.185500 6.754139 3.917000 8
2021.188200 10.633891 3.800000 8
2021.191000 7.600480 3.752000 8
2021.193700 8.707267 4.187000 8
2021.196400 9.372582 3.715000 8
2021.199200 7.417388 3.934000 8
2021.201900 9.086605 3.966000 8
2021.204700 7.977082 3.739000 8
2021.207400 7.206124 3.894000 8
2021.210100 10.605599 4.247000 8
2021.212900 1.099993 4.315000 8
2021.215600 5.179193 3.875000 8
2021.218300 6.401782 4.055000 8
2021.221100 7.838957 3.863000 8
2021.223800 4.788193 4.104000 8
2021.226600 8.354793 3.999000 8
2021.229300 12.445634 3.953000 8
2021.232000 10.335816 3.999000 8
2021.234800 8.397039 3.897000 8
2021.237500 12.057784 3.904000 8
2021.240200 6.004852 3.904000 8
2021.243000 7.458649 4.029000 8
2021.245700 9.476259 4.219000 8
2021.248500 12.959394 3.837000 8
2021.251200 12.265544 3.933000 8
2021.253900 4.638015 3.823000 8
2021.256700 7.477714 3.903000 8
2021.259400 12.273740 3.889000 8
2021.262100 9.940099 3.933000 8
2021.264900 12.569403 3.968000 8
2021.267600 12.461353 3.874000 8
2021.270400 15.412064 3.817000 8
2021.273100 12.704640 3.812000 8
2021.275800 13.028593 3.719000 8
2021.278600 13.850047 3.815000 8
2021.281300 15.752697 4.067000 8
2021.284100 12.423681 3.915000 8
2021.286800 8.002086 3.980000 8
2021.289500 15.188941 3.983000 8
2021.292300 15.136893 3.993000 8
2021.295000 11.736608 4.127000 8
2021.297700 16.358827 4.021000 8
2021.300500 6.622923 3.845000 8
2021.303200 16.801126 3.964000 8
2021.306000 20.701065 4.270000 8
2021.308700 18.912342 4.156000 8
2021.311400 15.725237 3.819000 8
2021.314200 13.688677 4.052000 8
2021.316900 7.605800 3.801000 8
2021.319600 12.433621 4.044000 8
2021.322400 19.416810 3.916000 8
2021.325100 11.642027 3.836000 8
2021.327900 7.351505 3.897000 8
2021.330600 11.121241 3.955000 8
2021.333300 14.760823 3.970000 8
2021.336100 19.929521 3.955000 8
2021.338800 11.760816 3.909000 8
2021.341500 9.036057 3.792000 8
2021.344300 8.416284 4.111000 8
2021.347000 7.045445 4.082000 8
2021.349800 14.181517 3.883000 8
2021.352500 10.723745 3.959000 8
2021.355200 12.659097 3.762000 8
2021.358000 7.560261 3.876000 8
2021.360700 6.384907 3.844000 8
2021.363400 5.657791 4.212000 8
2021.366200 12.298407 3.935000 8
2021.368900 10.770822 4.007000 8
2021.371700 16.698924 3.905000 8
2021.374400 4.882034 3.930000 8
2021.377100 10.682583 4.013000 8
2021.379900 14.196768 4.070000 8
2021.382600 8.078262 4.307000 8
2021.385400 5.549369 4.035000 8
2021.388100 6.732980 3.920000 8
2021.390800 2.338240 3.900000 8
2021.393600 0.751090 3.946000 8
2021.396300 13.146728 4.079000 8
2021.399000 4.511143 3.937000 8
2021.401800 6.929144 4.178000 8
2021.404500 4.399201 3.869000 8
2021.407300 7.535849 3.965000 8
2021.410000 8.182728 4.113000 8
2021.412700 9.474603 3.958000 8
2021.415500 8.542089 4.083000 8
2021.418200 3.124054 3.867000 8
2021.420900 13.711147 4.201000 8
2021.423700 10.037887 4.129000 8
2021.426400 12.742337 4.021000 8
2021.429200 19.680468 4.255000 8
2021.431900 12.926456 4.101000 8
2021.434600 7.398793 3.952000 8
2021.437400 4.648869 3.990000 8
2021.440100 10.712010 3.943000 8
2021.442800 11.640629 4.031000 8
2021.445600 15.259061 4.293000 8
2021.448300 12.732748 4.320000 8
2021.451100 8.333305 4.087000 8
2021.453800 10.471236 3.998000 8
2021.456500 9.867858 4.048000 8
2021.459300 14.571445 3.868000 8
2021.462000 14.663568 4.261000 8
2021.464800 23.381724 4.094000 8
2021.467500 8.391517 4.063000 8
2021.470200 13.401208 4.030000 8
2021.473000 19.089047 4.144000 8
2021.475700 17.212655 4.144000 8
2021.478400 24.583282 4.036000 8
2021.481200 15.389180 4.191000 8
2021.483900 14.047965 4.276000 8
2021.486700 15.217107 4.073000 8
2021.489400 8.150207 4.130000 8
2021.492100 15.936518 4.155000 8
2021.494900 11.755325 3.978000 8
2021.497600 10.705179 4.399000 8
2021.500300 13.416353 4.110000 8
2021.503100 11.227170 4.228000 8
2021.505800 11.717106 4.337000 8
2021.508600 10.527787 4.114000 8
2021.511300 10.065627 4.088000 8
2021.514000 16.124962 3.940000 8
2021.516800 11.024199 4.266000 8
2021.519500 17.358642 4.463000 8
2021.522200 11.136677 4.107000 8
2021.525000 8.211779 4.133000 8
2021.527700 11.688117 4.290000 8
2021.530500 16.103636 4.196000 8
2021.533200 18.737401 4.169000 8
2021.535900 16.008912 4.221000 8
2021.538700 12.822778 4.622000 8
2021.541400 6.885895 4.260000 8
2021.544100 11.013843 4.220000 8
2021.546900 5.905324 4.017000 8
2021.549600 14.873047 4.285000 8
2021.552400 15.149425 4.075000 8
2021.555100 6.203030 4.403000 8
2021.557800 6.508598 4.160000 8
2021.560600 12.379006 4.178000 8
2021.563300 12.481609 4.111000 8
2021.566100 16.432178 4.053000 8
2021.568800 14.604913 4.169000 8
2021.571500 10.602728 4.170000 8
2021.574300 6.460702 4.069000 8
2021.577000 10.228786 4.229000 8
2021.579700 12.394015 3.937000 8
2021.582500 6.067597 4.166000 8
2021.585200 10.925223 4.241000 8
2021.588000 1.333332 4.220000 8
2021.590700 9.893435 4.108000 8
2021.593400 7.558783 4.156000 8
2021.596200 10.947812 4.220000 8
2021.598900 8.007750 4.073000 8
2021.601600 14.803987 4.231000 8
2021.604400 16.421103 4.091000 8
2021.607100 10.867036 4.029000 8
2021.609900 10.219983 4.149000 8
2021.612600 9.957678 4.051000 8
2021.615300 6.903752 4.087000 8
2021.618100 13.962043 4.064000 8
2021.620800 7.117973 4.229000 8
2021.623500 12.172326 3.982000 8
2021.626300 16.174099 4.079000 8
2021.629000 11.879393 4.206000 8
2021.631800 8.581245 4.116000 8
2021.634500 12.695534 4.150000 8
2021.637200 13.856314 4.434000 8
2021.640000 13.575856 4.241000 8
2021.642700 7.152707 4.094000 8
2021.645400 4.999083 3.922000 8
2021.648200 12.063430 3.995000 8
2021.650900 -1.807052 3.960000 8
2021.653700 9.692576 4.022000 8
2021.656400 5.933280 4.006000 8
2021.659100 7.696563 3.948000 8
2021.661900 6.365166 4.042000 8
2021.664600 5.991699 4.111000 8
2021.667400 11.126691 3.945000 8
2021.670100 11.403511 4.073000 8
2021.672800 1.629958 4.235000 8
2021.675600 4.283077 4.302000 8
2021.678300 0.987868 4.141000 8
2021.681000 0.429313 3.760000 8
2021.683800 6.803641 3.858000 8
2021.686500 4.655481 3.992000 8
2021.689300 11.820347 4.128000 8
2021.692000 4.536614 4.247000 8
2021.694700 2.950576 3.969000 8
2021.697500 6.660778 4.003000 8
2021.700200 6.309214 4.108000 8
2021.702900 5.901366 3.981000 8
2021.705700 6.509973 4.026000 8
2021.708400 6.525643 3.888000 8
2021.711200 5.890913 3.858000 8
2021.713900 7.243128 4.146000 8
2021.716600 -2.424907 4.062000 8
2021.719400 3.508875 4.051000 8
2021.722100 6.168425 3.934000 8
2021.724800 2.026744 3.927000 8
2021.727600 4.768096 4.069000 8
2021.730300 4.877036 4.149000 8
2021.733100 -1.626844 3.963000 8
2021.735800 3.347740 3.886000 8
2021.738500 9.168120 4.122000 8
2021.741300 0.262900 4.026000 8
2021.744000 1.744958 3.831000 8
2021.746700 3.358827 4.126000 8
2021.749500 1.548314 3.958000 8
2021.752200 10.598890 3.887000 8
2021.755000 4.949231 3.880000 8
2021.757700 0.966531 3.894000 8
2021.760400 8.670665 3.933000 8
2021.763200 6.399784 3.918000 8
2021.765900 10.250668 4.067000 8
2021.768700 -0.932318 3.822000 8
2021.771400 7.337330 3.943000 8
2021.774100 5.865830 3.931000 8
2021.776900 8.617679 3.990000 8
2021.779600 16.468962 3.997000 8
2021.782300 10.886107 3.818000 8
2021.785100 13.353817 3.725000 8
2021.787800 3.232759 3.912000 8
2021.790600 3.037412 3.827000 8
2021.793300 8.665160 4.051000 8
2021.796000 8.711779 3.872000 8
2021.798800 9.847323 3.754000 8
2021.801500 12.385754 4.133000 8
2021.804200 -2.102942 3.948000 8
2021.807000 4.941501 4.074000 8
2021.809700 13.982620 3.949000 8
2021.812500 10.485019 4.259000 8
2021.815200 4.184953 4.292000 8
2021.817900 6.634757 3.888000 8
2021.820700 0.185047 3.846000 8
2021.823400 6.475658 3.919000 8
2021.826100 7.562133 4.005000 8
2021.828900 4.772298 4.253000 8
2021.831600 9.180566 4.096000 8
2021.834400 9.950656 4.146000 8
2021.837100 3.397701 4.031000 8
2021.839800 -0.737406 3.875000 8
2021.842600 3.191505 4.207000 8
2021.845300 4.469149 3.945000 8
2021.848000 5.548627 3.896000 8
2021.850800 5.698310 3.812000 8
2021.853500 7.674502 4.069000 8
2021.856300 7.633024 4.294000 8
2021.859000 -2.986099 3.823000 8
2021.861700 1.631577 3.902000 8
2021.864500 -3.552241 3.981000 8
2021.867200 2.271069 4.251000 8
2021.870000 2.800000 4.185000 8
2021.872700 -2.349096 4.139000 8
2021.875400 3.182557 4.042000 8
2021.878200 5.600995 3.881000 8
2021.880900 5.753174 3.851000 8
2021.883600 4.648065 3.938000 8
2021.886400 0.835895 4.048000 8
2021.889100 1.679233 4.076000 8
2021.891900 6.239607 3.906000 8
2021.894600 9.864331 4.053000 8
2021.897300 6.148695 3.935000 8
2021.900100 1.445231 3.964000 8
2021.902800 3.360883 3.916000 8
2021.905500 1.167123 3.962000 8
2021.908300 1.457658 3.909000 8
2021.911000 1.338075 3.908000 8
2021.913800 5.627863 3.923000 8
2021.916500 8.229375 3.792000 8
2021.919200 1.216374 4.064000 8
2021.922000 5.357848 4.146000 8
2021.924700 3.487811 4.008000 8
2021.927400 7.406193 3.994000 8
2021.930200 4.459138 4.173000 8
2021.932900 6.746338 4.344000 8
2021.935700 4.716151 4.148000 8
2021.938400 6.584064 4.131000 8
2021.941100 8.016270 4.092000 8
2021.943900 6.666151 3.996000 8
2021.946600 10.596903 4.012000 8
2021.949300 0.078861 4.390000 8
2021.952100 2.890542 4.268000 8
2021.954800 -0.359133 4.278000 8
2021.957600 6.748937 4.371000 8
2021.960300 -6.475500 4.264000 8
2021.963000 5.381114 4.073000 8
2021.965800 9.901492 4.141000 8
2021.968500 7.505144 4.309000 8
2021.971300 3.928562 4.305000 8
2021.974000 5.486109 4.252000 8
2021.976700 -3.739467 4.885000 8
2021.979500 0.360713 4.618000 8
2021.982200 2.971812 4.339000 8
2021.984900 -1.468324 4.035000 8
2021.987700 1.140266 4.070000 8
2021.990400 1.629572 3.955000 8
2021.993200 7.960573 3.955000 8
2021.995900 8.229157 4.005000 8
2021.998600 10.345309 4.105000 8
2022.001400 3.562095 3.812000 8
2022.004100 1.493275 3.811000 8
2022.006800 -0.285104 4.198000 8
2022.009600 1.527072 4.421000 8
2022.012300 0.802460 4.108000 8
2022.015100 0.175339 3.990000 8
2022.017800 2.449316 4.007000 8
2022.020500 1.208514 3.953000 8
2022.023300 2.910091 4.310000 8
2022.026000 -2.285398 3.922000 8
2022.028700 0.912198 4.000000 8
2022.031500 -0.121957 4.233000 8
2022.034200 -0.189329 4.272000 8
2022.037000 0.603448 4.160000 8
2022.039700 3.535915 4.327000 8
2022.042400 9.584232 4.015000 8
2022.045200 2.777537 4.066000 8
2022.047900 -4.242598 4.038000 8
2022.050700 -2.262865 3.989000 8
2022.053400 -0.284649 4.022000 8
2022.056100 2.846175 4.212000 8
2022.058900 3.742675 4.272000 8
2022.061600 5.324553 4.298000 8
2022.064300 3.742892 4.167000 8
2022.067100 8.322699 4.280000 8
2022.069800 5.610794 4.017000 8
2022.072600 7.704205 4.154000 8
2022.075300 1.650855 4.050000 8
2022.078000 3.634721 3.942000 8
2022.080800 3.628667 3.960000 8
2022.083500 4.358790 3.967000 8
2022.086200 8.925984 3.966000 8
2022.089000 7.209004 3.997000 8
2022.091700 1.835159 3.973000 8
2022.094500 1.991962 4.072000 8
2022.097200 2.983879 4.043000 8
2022.099900 4.884627 4.444000 8
2022.102700 4.821748 4.268000 8
2022.105400 2.968970 4.242000 8
2022.108100 6.510883 4.159000 8
2022.110900 3.543879 4.419000 8
2022.113600 1.612982 3.915000 8
2022.116400 10.453968 3.866000 8
2022.119100 6.267077 3.951000 8
2022.121800 7.198649 3.959000 8
2022.124600 8.253795 4.094000 8
2022.127300 8.168103 4.052000 8
2022.130000 5.047744 3.982000 8
2022.132800 1.273640 3.749000 8
2022.135500 6.673757 4.047000 8
2022.138300 11.031911 3.947000 8
2022.141000 10.525337 3.996000 8
2022.143700 9.786890 3.899000 8
2022.146500 6.417149 3.781000 8
2022.149200 10.881771 4.008000 8
2022.152000 10.633872 4.042000 8
2022.154700 2.205409 3.859000 8
2022.157400 10.096887 3.993000 8
2022.160200 1.605504 4.065000 8
2022.162900 13.588680 3.804000 8
2022.165600 10.656695 3.928000 8
2022.168400 12.454504 3.930000 8
2022.171100 14.029017 3.894000 8
2022.173900 11.038091 3.896000 8
2022.176600 10.239977 3.819000 8
2022.179300 5.084548 3.860000 8
2022.182100 7.653333 3.934000 8
2022.184800 12.902105 4.062000 8
2022.187500 9.071482 4.107000 8
2022.190300 7.427724 4.035000 8
2022.193000 13.271148 4.009000 8
2022.195800 13.850206 4.158000 8
2022.198500 12.355585 3.970000 8
2022.201200 6.403455 3.927000 8
2022.204000 8.474615 3.927000 8
2022.206700 6.394320 4.009000 8
2022.209400 7.231461 4.079000 8
2022.212200 14.613552 4.059000 8
2022.214900 12.734426 3.916000 8
2022.217700 15.937023 3.982000 8
2022.220400 8.837574 4.063000 8
2022.223100 10.562494 3.819000 8
2022.225900 22.656806 3.992000 8
2022.228600 17.727335 4.020000 8
2022.231300 10.683207 3.814000 8
2022.234100 9.234148 4.017000 8
2022.236800 18.430586 4.088000 8
2022.239600 10.558881 4.031000 8
2022.242300 19.504866 3.905000 8
2022.245000 10.016171 3.868000 8
2022.247800 19.882026 4.030000 8
2022.250500 10.404871 3.902000 8
2022.253300 12.713065 3.976000 8
2022.256000 22.138455 3.920000 8
2022.258700 16.696172 3.763000 8
2022.261500 17.264951 3.890000 8
2022.264200 8.066241 3.896000 8
2022.266900 8.912877 3.991000 8
2022.269700 17.165298 3.800000 8
2022.272400 21.224555 3.830000 8
2022.275200 20.596419 3.909000 8
2022.277900 20.998341 3.794000 8
2022.280600 18.511663 3.825000 8
2022.283400 17.224340 3.776000 8
2022.286100 14.621409 4.250000 8
2022.288800 7.547924 4.143000 8
2022.291600 17.168555 3.981000 8
2022.294300 14.381919 4.039000 8
2022.297100 8.671250 4.141000 8
2022.299800 9.948543 3.800000 8
2022.302500 12.128379 4.308000 8
2022.305300 0.374969 4.100000 8
2022.308000 8.294868 3.767000 8
2022.310700 11.779378 3.844000 8
2022.313500 9.211449 4.055000 8
2022.316200 11.994173 3.926000 8
2022.319000 14.513337 3.993000 8
2022.321700 11.242386 4.055000 8
2022.324400 19.669182 3.980000 8
2022.327200 12.443253 3.945000 8
2022.329900 11.907552 3.951000 8
2022.332600 15.042690 4.222000 8
2022.335400 8.381954 4.313000 8
2022.338100 13.152787 4.301000 8
2022.340900 14.912658 4.140000 8
2022.343600 17.335325 4.001000 8
2022.346300 7.000997 4.013000 8
2022.349100 5.677589 3.881000 8
2022.351800 9.782310 3.772000 8
2022.354600 9.654880 3.822000 8
2022.357300 5.776799 3.917000 8
2022.360000 9.296908 3.896000 8
2022.362800 8.047780 3.978000 8
2022.365500 5.496320 3.991000 8
2022.368200 12.828167 4.042000 8
2022.371000 8.181708 3.873000 8
2022.373700 12.098229 3.997000 8
2022.376500 3.154406 4.052000 8
2022.379200 4.096768 4.205000 8
2022.381900 10.910642 4.189000 8
2022.384700 11.061130 3.834000 8
2022.387400 10.600099 3.986000 8
2022.390100 11.133705 3.984000 8
2022.392900 9.129903 4.076000 8
2022.395600 8.485865 4.029000 8
2022.398400 12.700411 4.127000 8
2022.401100 10.906906 4.177000 8
2022.403800 12.470253 4.098000 8
2022.406600 13.115190 4.127000 8
2022.409300 13.205336 3.975000 8
2022.412000 10.618468 4.076000 8
2022.414800 14.210208 3.994000 8
2022.417500 6.438405 4.197000 8
2022.420300 15.297234 4.181000 8
2022.423000 17.103678 4.016000 8
2022.425700 8.563328 3.965000 8
2022.428500 19.400653 3.962000 8
2022.431200 14.836817 4.154000 8
2022.433900 13.407319 4.131000 8
2022.436700 13.741554 4.039000 8
2022.439400 16.340837 4.057000 8
2022.442200 6.553902 3.885000 8
2022.444900 15.572144 4.317000 8
2022.447600 8.281940 3.996000 8
2022.450400 13.875599 3.972000 8
2022.453100 11.413616 3.855000 8
2022.455900 8.983557 4.117000 8
2022.458600 6.858968 4.187000 8
2022.461300 11.859145 3.973000 8
2022.464100 10.520347 3.887000 8
2022.466800 6.252172 4.093000 8
2022.469500 9.240886 4.241000 8
2022.472300 9.506736 4.196000 8
2022.475000 8.938346 4.026000 8
2022.477800 13.855174 4.151000 8
2022.480500 5.460843 4.297000 8
2022.483200 4.792599 4.115000 8
2022.486000 11.202701 4.068000 8
2022.488700 9.319753 4.137000 8
2022.491400 7.124005 4.212000 8
2022.494200 1.289742 4.284000 8
2022.496900 12.698518 4.230000 8
2022.499700 11.988875 4.011000 8
2022.502400 13.797323 4.142000 8
2022.505100 14.219155 4.506000 8
2022.507900 9.739717 4.224000 8
2022.510600 6.436435 4.265000 8
2022.513300 4.205638 4.062000 8
2022.516100 4.265730 4.115000 8
2022.518800 6.531024 4.033000 8
2022.521600 4.137317 3.995000 8
2022.524300 7.370835 3.946000 8
2022.527000 6.905999 4.159000 8
2022.529800 4.243331 4.014000 8
2022.532500 9.880908 4.169000 8
2022.535200 2.499223 4.288000 8
2022.538000 9.926878 4.111000 8
2022.540700 8.234784 4.373000 8
2022.543500 2.159149 4.181000 8
2022.546200 5.712761 4.128000 8
2022.548900 6.826252 4.242000 8
2022.551700 7.297383 4.084000 8
2022.554400 11.970742 4.041000 8
2022.557200 7.250866 4.234000 8
2022.559900 0.463199 3.975000 8
2022.562600 4.974537 3.852000 8
2022.565400 5.926826 4.003000 8
2022.568100 7.147284 3.874000 8
2022.570800 7.538817 4.077000 8
2022.573600 -4.204509 4.262000 8
2022.576300 4.652282 4.152000 8
2022.579100 4.257343 4.193000 8
2022.581800 6.583478 4.075000 8
2022.584500 8.644795 4.373000 8
2022.587300 8.768578 4.023000 8
2022.590000 -0.903639 4.130000 8
2022.592700 -0.965615 4.103000 8
2022.595500 -6.604928 4.090000 8
2022.598200 4.657677 4.148000 8
2022.601000 0.052078 4.136000 8
2022.603700 -2.599664 4.047000 8
2022.606400 -5.209078 3.873000 8
2022.609200 1.648505 4.258000 8
2022.611900 2.034845 4.022000 8
2022.614600 3.685560 3.998000 8
2022.617400 2.025475 4.000000 8
2022.620100 0.129038 3.984000 8
2022.622900 3.267936 3.886000 8
2022.625600 4.339405 3.959000 8
2022.628300 7.240322 4.111000 8
2022.631100 3.808779 3.919000 8
2022.633800 5.794685 3.955000 8
2022.636600 0.648268 3.879000 8
2022.639300 9.055214 3.934000 8
2022.642000 7.713671 4.240000 8
2022.644800 4.667013 4.253000 8
2022.647500 9.013583 4.274000 8
2022.650200 4.390699 4.047000 8
2022.653000 5.693907 4.160000 8
2022.655700 9.520203 3.916000 8
2022.658500 3.976731 3.835000 8
2022.661200 5.447251 3.991000 8
2022.663900 1.557367 3.841000 8
2022.666700 10.252926 3.883000 8
2022.669400 11.762325 3.993000 8
2022.672100 0.398350 4.112000 8
2022.674900 4.570028 3.878000 8
2022.677600 5.058391 3.927000 8
2022.680400 4.848550 3.823000 8
2022.683100 -3.226713 3.937000 8
2022.685800 0.770692 4.112000 8
2022.688600 10.335106 3.994000 8
2022.691300 11.468936 3.924000 8
2022.694000 7.364457 3.938000 8
2022.696800 8.255201 4.023000 8
2022.699500 5.980193 4.110000 8
2022.702300 10.043551 4.223000 8
2022.705000 4.421043 4.283000 8
2022.707700 6.535263 3.920000 8
2022.710500 7.817066 4.227000 8
2022.713200 6.251828 4.401000 8
2022.715900 0.725339 4.071000 8
2022.718700 1.729648 4.002000 8
2022.721400 0.237740 3.939000 8
2022.724200 -4.224224 3.748000 8
2022.726900 7.696475 4.073000 8
2022.729600 6.876952 4.082000 8
2022.732400 5.984591 3.970000 8
2022.735100 3.313710 4.075000 8
2022.737900 4.498137 4.021000 8
2022.740600 8.295919 3.941000 8
2022.743300 7.011507 4.241000 8
2022.746100 9.284623 4.043000 8
2022.748800 10.136905 3.913000 8
2022.751500 10.220008 3.929000 8
2022.754300 8.959857 3.857000 8
2022.757000 6.336682 4.047000 8
2022.759800 6.035400 4.134000 8
2022.762500 1.471964 3.921000 8
2022.765200 5.335370 4.091000 8
2022.768000 4.841888 3.713000 8
2022.770700 3.960056 3.792000 8
2022.773400 9.877075 3.774000 8
2022.776200 11.417425 3.950000 8
2022.778900 14.903226 4.002000 8
2022.781700 10.669504 4.113000 8
2022.784400 7.222097 3.954000 8
2022.787100 20.520555 3.849000 8
2022.789900 14.466706 4.009000 8
2022.792600 5.171970 3.805000 8
2022.795300 11.260103 3.964000 8
2022.798100 13.406143 4.201000 8
2022.800800 13.932090 3.927000 8
2022.803600 12.140086 3.878000 8
2022.806300 11.917847 4.183000 8
2022.809000 8.026481 3.888000 8
2022.811800 5.215376 3.954000 8
2022.814500 7.506825 3.770000 8
2022.817200 8.896144 4.169000 8
2022.820000 8.097932 4.121000 8
2022.822700 13.998058 4.554000 8
2022.825500 6.370790 3.973000 8
2022.828200 6.270715 3.817000 8
2022.830900 9.717500 3.975000 8
2022.833700 18.292092 4.299000 8
2022.836400 2.997657 4.390000 8
2022.839200 2.676160 4.113000 8
2022.841900 7.358488 4.148000 8
2022.844600 12.303656 3.938000 8
2022.847400 11.928953 4.351000 8
2022.850100 0.801851 4.286000 8
2022.852800 -9.690428 4.148000 8
2022.855600 -4.555393 3.970000 8
2022.858300 8.471017 3.917000 8
2022.861100 2.601862 3.708000 8
2022.863800 5.411929 3.931000 8
2022.866500 5.621778 3.656000 8
2022.869300 4.036235 3.871000 8
2022.872000 -1.726316 4.180000 8
2022.874700 3.714885 4.128000 8
2022.877500 1.640857 3.841000 8
2022.880200 4.507590 3.835000 8
2022.883000 4.704199 4.189000 8
2022.885700 5.976413 3.885000 8
2022.888400 11.479315 3.973000 8
2022.891200 2.320241 3.849000 8
2022.893900 3.919539 3.776000 8
2022.896600 1.746479 4.089000 8
2022.899400 4.312580 4.087000 8
2022.902100 11.961818 3.969000 8
2022.904900 10.803301 3.856000 8
2022.907600 12.128763 3.948000 8
2022.910300 13.793780 3.640000 8
2022.913100 21.289159 4.121000 8
2022.915800 10.221281 4.231000 8
2022.918500 7.071897 3.962000 8
2022.921300 -1.203021 3.935000 8
2022.924000 -12.346431 4.323000 8
2022.926800 10.143688 4.019000 8
2022.929500 8.211158 3.872000 8
2022.932200 7.780005 4.101000 8
2022.935000 4.808459 3.785000 8
2022.937700 10.168033 4.128000 8
2022.940500 5.480259 4.350000 8
2022.943200 -4.010549 5.069000 8
2022.945900 -11.188115 4.510000 8
2022.948700 5.027024 4.058000 8
2022.951400 3.040901 4.027000 8
2022.954100 7.068931 3.836000 8
2022.956900 0.152705 3.898000 8
2022.959600 5.008991 4.120000 8
2022.962400 5.445035 3.898000 8
2022.965100 8.424443 3.911000 8
2022.967800 5.989843 4.312000 8
2022.970600 11.778009 4.190000 8
2022.973300 3.637323 3.956000 8
2022.976000 0.425524 3.933000 8
2022.978800 2.469481 4.106000 8
2022.981500 1.327375 4.088000 8
2022.984300 1.313010 4.133000 8
2022.987000 4.288443 4.953000 8
2022.989700 3.670574 4.175000 8
2022.992500 8.069405 4.033000 8
2022.995200 6.109836 4.482000 8
2022.997900 5.214845 4.437000 8
2023.000700 12.290494 4.131000 8
2023.003400 10.825552 3.876000 8
2023.006200 -2.620799 3.923000 8
2023.008900 4.789136 3.954000 8
2023.011600 -4.037564 4.460000 8
2023.014400 -12.859764 4.424000 8
2023.017100 -1.502852 3.944000 8
2023.019800 -1.713707 3.995000 8
2023.022600 -4.066173 4.643000 8
2023.025300 -6.610691 4.081000 8
2023.028100 -0.458905 4.139000 8
2023.030800 -2.626274 4.004000 8
2023.033500 -6.643639 4.273000 8
2023.036300 -19.140842 4.772000 8
2023.039000 0.621656 4.594000 8
2023.041800 2.302212 4.685000 8
2023.044500 -6.702621 4.371000 8
2023.047200 1.553312 4.140000 8
2023.050000 -1.858870 4.150000 8
2023.052700 -3.905561 4.286000 8
2023.055400 -3.631631 4.055000 8
2023.058200 4.941993 4.220000 8
2023.060900 5.461002 4.337000 8
2023.063700 -2.198433 4.290000 8
2023.066400 -5.265545 4.298000 8
2023.069100 8.240719 4.539000 8
2023.071900 -3.198680 4.413000 8
2023.074600 1.264165 4.195000 8
2023.077300 -1.725761 4.064000 8
2023.080100 5.265413 4.134000 8
2023.082800 5.632769 4.213000 8
2023.085600 3.512058 4.072000 8
2023.088300 2.004496 4.117000 8
2023.091000 -1.074079 4.438000 8
2023.093800 -0.414982 4.138000 8
2023.096500 -8.445769 4.597000 8
2023.099200 -4.637713 4.179000 8
2023.102000 -2.600261 4.102000 8
2023.104700 -4.599706 4.056000 8
2023.107500 -8.055947 4.100000 8
2023.110200 1.556915 4.336000 8
2023.112900 3.946386 4.237000 8
2023.115700 5.139766 4.390000 8
2023.118400 4.450266 4.573000 8
2023.121100 8.004241 4.351000 8
2023.123900 4.603816 4.198000 8
2023.126600 0.047549 4.389000 8
2023.129400 1.719671 4.386000 8
2023.132100 1.904987 4.170000 8
2023.134800 -7.445439 4.231000 8
2023.137600 1.885202 4.104000 8
2023.140300 3.048106 4.274000 8
2023.143100 5.953854 3.767000 8
2023.145800 -4.017075 3.811000 8
2023.148500 -2.210944 3.759000 8
2023.151300 -3.489305 3.822000 8
2023.154000 -7.588240 3.922000 8
2023.156700 7.070775 4.286000 8
2023.159500 0.348958 4.388000 8
2023.162200 5.092690 4.044000 8
2023.165000 5.029359 3.961000 8
2023.167700 3.236670 4.273000 8
2023.170400 -0.033237 4.225000 8
2023.173200 -2.231553 3.854000 8
2023.175900 -9.352071 3.858000 8
2023.178600 -6.101897 3.680000 8
2023.181400 -6.974480 4.015000 8
2023.184100 0.512909 4.114000 8
2023.186900 -10.581693 5.015000 8
2023.189600 -12.928195 4.501000 8
2023.192300 -6.890136 4.657000 8
2023.195100 -11.791413 4.793000 8
2023.197800 -8.791387 4.595000 8
2023.200500 -0.592864 4.536000 8
2023.203300 3.481977 4.211000 8
2023.206000 -2.197657 4.293000 8
2023.208800 -3.957202 4.126000 8
2023.211500 -2.074064 4.183000 8
2023.214200 -1.401516 4.531000 8
2023.217000 7.489783 4.367000 8
2023.219700 0.903014 4.015000 8
2023.222500 -0.829226 4.340000 8
2023.225200 -1.048360 4.430000 8
2023.227900 -4.311142 4.073000 8
2023.230700 -6.574722 3.909000 8
2023.233400 -3.389922 3.920000 8
2023.236100 -1.920792 4.455000 8
2023.238900 -8.743778 4.254000 8
2023.241600 -3.664098 4.221000 8
2023.244400 1.867258 4.145000 8
2023.247100 4.102478 4.212000 8
2023.249800 -4.121982 4.095000 8
2023.252600 -1.695068 4.287000 8
2023.255300 1.242015 3.816000 8
2023.258000 0.048425 4.188000 8
2023.260800 1.936920 4.024000 8
2023.263500 -7.095100 4.021000 8
2023.266300 -7.555223 4.137000 8
2023.269000 -6.814645 4.006000 8
2023.271700 2.159294 4.475000 8
2023.274500 -3.858137 4.254000 8
2023.277200 -2.802539 3.907000 8
2023.279900 0.868456 4.121000 8
2023.282700 -3.788174 4.398000 8
2023.285400 -4.308439 4.748000 8
2023.288200 -6.235492 4.154000 8
2023.290900 -0.424952 4.133000 8
2023.293600 -3.413937 4.013000 8
2023.296400 -1.967936 4.045000 8
2023.299100 -6.924002 3.982000 8
2023.301800 -8.279531 3.967000 8
2023.304600 -6.887288 4.112000 8
2023.307300 -2.362767 4.060000 8
2023.310100 -7.244607 4.042000 8
2023.312800 -3.030936 3.868000 8
2023.315500 -6.126609 3.823000 8
2023.318300 -2.755827 3.705000 8
2023.321000 1.624811 3.792000 8
2023.323800 -7.031211 3.755000 8
2023.326500 -10.615147 3.951000 8
2023.329200 -2.531282 4.004000 8
2023.332000 -4.769232 3.958000 8
2023.334700 -6.257754 3.776000 8
2023.337400 -1.641380 3.825000 8
2023.340200 -8.149958 3.950000 8
2023.342900 -13.018769 4.234000 8
2023.345700 -10.870614 4.076000 8
2023.348400 -4.725468 4.026000 8
2023.351100 -2.304253 3.892000 8
2023.353900 -2.591179 3.859000 8
2023.356600 -13.433785 3.975000 8
2023.359300 -5.751210 3.920000 8
2023.362100 -4.584866 4.016000 8
2023.364800 -6.680881 3.988000 8
2023.367600 -14.098175 4.043000 8
2023.370300 -8.049617 4.004000 8
2023.373000 -10.015682 3.995000 8
2023.375800 -7.915086 4.062000 8
2023.378500 -15.219332 4.106000 8
2023.381200 -10.095076 4.013000 8
2023.384000 -7.388203 4.041000 8
2023.386700 -5.937874 3.967000 8
2023.389500 -4.939946 4.146000 8
2023.392200 -9.681370 3.860000 8
2023.394900 -8.538082 3.909000 8
2023.397700 -4.162208 3.942000 8
2023.400400 -4.916410 3.929000 8
2023.403100 -7.294769 4.209000 8
2023.405900 -1.597540 3.826000 8
2023.408600 -11.834123 4.039000 8
2023.411400 -5.304108 4.029000 8
2023.414100 -0.548736 3.931000 8
2023.416800 -1.013302 3.929000 8
2023.419600 -2.123241 4.031000 8
2023.422300 -3.009584 4.176000 8
2023.425100 0.569729 4.084000 8
2023.427800 2.290790 4.097000 8
2023.430500 1.756134 3.892000 8
2023.433300 3.322186 4.077000 8
2023.436000 -1.507799 4.112000 8
2023.438700 1.385629 3.908000 8
2023.441500 2.695832 3.959000 8
2023.444200 -4.477802 3.818000 8
2023.447000 2.165390 4.022000 8
2023.449700 -9.438132 4.114000 8
2023.452400 -2.537025 4.029000 8
2023.455200 5.403997 4.025000 8
2023.457900 2.325476 3.749000 8
2023.460600 5.626710 4.006000 8
2023.463400 2.452959 3.837000 8
2023.466100 -3.474180 3.398000 8
2023.468900 -6.136231 3.031000 8
2023.471600 -8.281576 2.976000 8
2023.474300 -4.081962 2.969000 8
2023.477100 -7.628140 2.846000 8
2023.479800 -8.501488 2.878000 8
2023.482500 -11.139758 2.974000 8
2023.485300 -6.238693 2.903000 8
2023.488000 -1.064688 2.875000 8
2023.490800 -4.045258 2.966000 8
2023.493500 -3.428823 2.943000 8
2023.496200 -6.263121 3.016000 8
2023.499000 -6.565852 2.952000 8
2023.501700 -2.669498 2.930000 8
2023.504400 -2.361769 2.991000 8
2023.507200 -6.988322 2.940000 8
2023.509900 -6.351725 3.024000 8
2023.512700 -4.233305 2.987000 8
2023.515400 -1.098701 2.993000 8
2023.518100 -0.111554 2.981000 8
2023.520900 -2.716421 3.107000 8
2023.523600 -3.710067 3.060000 8
2023.526400 -7.266616 3.098000 8
2023.529100 -5.578926 3.093000 8
2023.531800 -4.612536 3.156000 8
2023.534600 -4.279878 3.121000 8
2023.537300 -5.591969 3.334000 8
2023.540000 -2.109272 3.114000 8
2023.542800 0.613869 3.127000 8
2023.545500 -6.665742 3.032000 8
2023.548300 -9.449789 3.078000 8
2023.551000 -6.449597 3.033000 8
2023.553700 -2.256481 3.038000 8
2023.556500 -8.943617 3.197000 8
2023.559200 -7.709541 3.102000 8
2023.561900 -6.916466 3.046000 8
2023.564700 -4.856456 3.014000 8
2023.567400 -5.791273 3.006000 8
2023.570200 -5.667028 3.035000 8
2023.572900 -7.594644 3.069000 8
2023.575600 -3.615145 3.074000 8
2023.578400 -10.591393 3.046000 8
2023.581100 1.503439 3.080000 8
2023.583800 -5.660552 3.110000 8
2023.586600 -12.338095 3.108000 8
2023.589300 -9.683629 3.190000 8
2023.592100 -4.592583 3.119000 8
2023.594800 -7.304582 3.075000 8
2023.597500 -3.779310 3.083000 8
2023.600300 0.919742 3.038000 8
2023.603000 -3.977341 2.983000 8
2023.605700 -1.981101 3.024000 8
2023.608500 -4.078881 3.280000 8
2023.611200 -1.457896 3.461000 8
2023.614000 -4.325795 3.220000 8
2023.616700 -5.472999 3.101000 8
2023.619400 -3.656802 3.152000 8
2023.622200 -0.976287 3.151000 8
2023.624900 -10.113191 3.246000 8
2023.627700 -0.404639 3.279000 8
2023.633100 -9.631065 3.097000 8
2023.635900 -8.834883 3.169000 8
2023.638600 -5.201326 3.159000 8
2023.641300 -9.242262 3.204000 8
2023.644100 -7.587331 3.226000 8
2023.646800 -13.534159 3.269000 8
2023.649600 -14.075982 3.134000 8
2023.652300 -12.891657 3.058000 8
2023.655000 -9.623768 3.151000 8
2023.657800 -9.135665 3.162000 8
2023.660500 -13.552558 3.077000 8
2023.663200 -8.856857 3.082000 8
2023.666000 -12.518731 3.169000 8
2023.668700 -13.392752 3.114000 8
2023.671500 -13.775207 3.110000 8
2023.674200 -10.064912 2.967000 8
2023.676900 -7.962975 2.957000 8
2023.679700 -8.020262 3.041000 8
2023.682400 -10.134956 3.091000 8
2023.685100 -14.035983 3.118000 8
2023.687900 -10.955021 3.059000 8
2023.690600 -8.408629 2.995000 8
2023.693400 -11.536104 3.051000 8
2023.696100 -6.119261 3.064000 8
2023.698800 -3.791712 3.110000 8
2023.701600 -9.684816 3.120000 8
2023.704300 -8.856771 3.172000 8
2023.707000 -9.321000 2.989000 8
2023.709800 -2.534665 2.995000 8
2023.712500 -8.191355 2.995000 8
2023.715300 -10.907336 3.087000 8
2023.718000 -9.055461 3.143000 8
2023.720700 -7.281826 3.020000 8
2023.723500 -9.865265 2.998000 8
2023.726200 -6.295028 2.992000 8
2023.729000 -6.562718 3.100000 8
2023.731700 -7.356853 3.024000 8
2023.734400 -6.282199 3.081000 8
2023.737200 -10.921255 2.997000 8
2023.739900 -6.820941 2.997000 8
2023.742600 -2.117822 2.982000 8
2023.745400 -7.392194 3.011000 8
2023.748100 -5.905383 3.056000 8
2023.750900 -6.329916 3.135000 8
2023.753600 -8.757394 3.052000 8
2023.756300 -4.774044 2.996000 8
2023.759100 -8.851819 3.050000 8
2023.761800 -10.900732 3.063000 8
2023.764500 -3.730804 3.072000 8
2023.767300 -1.931782 3.090000 8
2023.770000 -4.103094 3.093000 8
2023.772800 -1.253166 2.982000 8
2023.775500 -2.920704 3.039000 8
2023.778200 -3.084385 2.991000 8
2023.781000 -3.909608 3.005000 8
2023.783700 -6.487498 2.995000 8
2023.786400 -3.658523 3.019000 8
2023.789200 -0.485874 3.022000 8
2023.791900 -3.453095 2.887000 8
2023.794700 -3.723498 2.975000 8
2023.797400 -9.455910 3.028000 8
2023.800100 -6.128449 3.066000 8
2023.802900 -6.060957 3.072000 8
2023.805600 -11.210681 3.088000 8
2023.808400 -3.683232 3.007000 8
2023.811100 -0.260141 3.006000 8
2023.813800 -5.479178 3.067000 8
2023.816600 -12.520832 3.052000 8
2023.819300 -10.406058 2.987000 8
2023.822000 -10.039415 2.939000 8
2023.824800 -6.474185 3.128000 8
2023.827500 -9.518743 2.986000 8
2023.830300 -6.895578 3.074000 8
2023.833000 -8.331347 3.043000 8
2023.835700 -9.921262 3.065000 8
2023.838500 -8.082257 3.134000 8
2023.841200 -5.818406 3.031000 8
2023.843900 -8.660715 3.198000 8
2023.846700 -9.052911 3.489000 8
2023.849400 -4.247485 2.937000 8
2023.852200 -5.568822 2.961000 8
2023.854900 -6.175689 3.060000 8
2023.857600 -4.226747 3.033000 8
2023.860400 -6.550385 2.959000 8
2023.863100 -6.823781 3.011000 8
2023.865800 -4.132393 3.150000 8
2023.868600 -2.799412 3.099000 8
2023.871300 -2.594418 3.065000 8
2023.874100 -10.289721 3.078000 8
2023.876800 -9.042165 3.002000 8
2023.879500 -9.436879 3.054000 8
2023.882300 -4.026730 3.120000 8
2023.885000 -9.653956 3.138000 8
2023.887700 -10.202490 3.044000 8
2023.890500 -10.390012 3.057000 8
2023.893200 -9.275144 3.018000 8
2023.896000 -5.072170 3.049000 8
2023.898700 -1.139962 3.047000 8
2023.901400 -6.725141 2.973000 8
2023.904200 -4.504083 3.033000 8
2023.906900 -2.123028 3.161000 8
2023.909700 -2.985656 3.039000 8
2023.912400 -0.380444 3.067000 8
2023.915100 -2.421712 3.024000 8
2023.917900 -1.103556 3.033000 8
2023.920600 -5.049793 3.079000 8
2023.923300 -2.442576 3.043000 8
2023.926100 -0.870839 2.950000 8
2023.928800 -4.211729 3.081000 8
2023.931600 -8.657044 3.114000 8
2023.934300 -0.434143 3.075000 8
2023.937000 -5.859910 3.022000 8
2023.939800 -7.231031 2.968000 8
2023.942500 -5.853166 2.931000 8
2023.945200 -3.314052 2.997000 8
2023.948000 -1.325236 3.004000 8
2023.950700 0.409337 3.233000 8
2023.953500 -2.256361 3.316000 8
2023.956200 -2.736454 3.142000 8
2023.958900 0.811552 3.059000 8
2023.961700 -1.049686 3.264000 8
2023.964400 -0.822540 3.091000 8
2023.967100 1.211606 2.971000 8
2023.969900 -0.682481 3.110000 8
2023.972600 -5.738403 2.998000 8
2023.975400 -4.495561 2.996000 8
2023.978100 -4.314696 3.064000 8
2023.980800 -2.886009 2.984000 8
2023.983600 -0.303579 3.031000 8
2023.986300 0.087667 3.113000 8
2023.989000 -1.992379 3.099000 8
2023.991800 -3.412721 3.056000 8
2023.994500 -1.762446 3.059000 8
2023.997300 -1.453504 2.960000 8
2024.000000 -1.946074 3.005000 8
2024.002700 -2.695140 3.046000 8
2024.005500 -5.110609 3.118000 8
2024.008200 -2.861776 3.081000 8
2024.011000 -6.207403 3.382000 8
2024.013700 -4.264848 3.142000 8
2024.016400 1.286996 2.977000 8
2024.019200 -1.169723 3.064000 8
2024.021900 -1.239427 3.024000 8
2024.024600 2.154022 3.114000 8
2024.027400 2.337787 3.181000 8
2024.030100 -1.201590 3.053000 8
2024.032900 -3.572744 3.144000 8
2024.035600 -2.967139 3.117000 8
2024.038300 -5.190612 3.094000 8
2024.041100 -1.851015 3.196000 8
2024.043800 -6.502794 3.136000 8
2024.046500 -3.841796 3.153000 8
2024.049300 -7.111897 3.044000 8
2024.052000 -5.040498 3.086000 8
2024.054800 0.436677 3.035000 8
2024.057500 5.684279 3.236000 8
2024.060200 2.552416 3.100000 8
2024.063000 -2.811873 3.158000 8
2024.065700 -3.552831 3.158000 8
2024.068400 -2.965400 3.054000 8
2024.071200 -6.577614 3.029000 8
2024.073900 -5.091577 3.055000 8
2024.076700 -3.990341 3.056000 8
2024.079400 -3.139899 3.018000 8
2024.082100 0.250686 3.162000 8
2024.084900 2.782227 3.276000 8
2024.087600 2.178920 3.122000 8
2024.090300 -1.596388 2.954000 8
2024.093100 2.621999 3.105000 8
2024.095800 -0.822496 3.240000 8
2024.098600 1.876522 3.000000 8
2024.101300 0.516646 2.982000 8
2024.104000 -2.949471 2.902000 8
2024.106800 -3.605358 3.041000 8
2024.109500 -7.156142 3.001000 8
2024.112300 -7.759895 3.081000 8
2024.115000 -7.424536 3.053000 8
2024.117700 -1.548647 3.065000 8
2024.120500 -2.589029 3.055000 8
2024.123200 -4.314271 3.123000 8
2024.125900 -2.506116 3.026000 8
2024.128700 -3.599544 3.113000 8
2024.131400 -5.146784 3.029000 8
2024.134200 -8.806824 3.119000 8
2024.136900 -5.246631 3.155000 8
2024.139600 -6.565250 3.165000 8
2024.142400 -3.654997 3.157000 8
2024.145100 -4.579430 3.010000 8
2024.147800 -1.488792 3.157000 8
2024.150600 4.000383 3.080000 8
2024.153300 2.751974 3.097000 8
2024.156100 -0.907126 3.121000 8
2024.158800 -3.794729 2.968000 8
2024.161500 -6.001445 3.123000 8
2024.164300 -2.990193 3.107000 8
2024.167000 -0.512312 3.114000 8
2024.169700 -1.881641 3.120000 8
2024.172500 -1.730350 3.096000 8
2024.175200 -2.617274 3.108000 8
2024.178000 1.524188 3.080000 8
2024.180700 2.187548 3.177000 8
2024.183400 -1.474448 3.104000 8
2024.186200 -3.309404 3.010000 8
2024.188900 -3.987279 3.129000 8
2024.191600 0.395415 3.128000 8
2024.194400 -4.890199 3.197000 8
2024.197100 -8.020527 3.086000 8
2024.199900 4.890605 3.201000 8
2024.202600 -3.687832 3.167000 8
2024.205300 -8.224806 3.000000 8
2024.208100 -4.022661 3.064000 8
2024.210800 -7.024854 3.196000 8
2024.213600 -2.015157 2.981000 8
2024.216300 -5.167633 2.922000 8
2024.219000 -1.598722 3.136000 8
2024.221800 -4.000255 3.134000 8
2024.224500 -9.243703 3.138000 8
2024.227200 -4.989798 3.180000 8
2024.230000 -5.153663 3.229000 8
2024.232700 -3.448172 2.991000 8
2024.235500 -7.491667 2.990000 8
2024.238200 -8.798616 3.113000 8
2024.240900 -4.325241 3.004000 8
2024.243700 -1.379165 3.031000 8
2024.246400 -4.808250 3.053000 8
2024.249100 -4.157015 3.011000 8
2024.251900 -5.895381 3.143000 8
2024.254600 -10.430604 3.019000 8
2024.257400 -12.242623 2.999000 8
2024.260100 -7.582289 2.931000 8
2024.262800 -8.136620 2.990000 8
2024.265600 -8.309030 3.016000 8
2024.268300 -7.254766 2.980000 8
2024.271000 -11.680144 3.074000 8
2024.273800 -10.825869 3.025000 8
2024.276500 -8.377594 3.058000 8
2024.279300 -8.048839 3.035000 8
2024.282000 -13.220860 3.015000 8
2024.284700 -12.282460 2.886000 8
2024.287500 -9.446826 3.009000 8
2024.290200 -12.344629 2.977000 8
2024.293000 -11.779355 3.001000 8
2024.295700 -7.059289 3.085000 8
2024.298400 -11.079713 3.253000 8
2024.301200 -7.205278 3.028000 8
2024.303900 -8.338709 2.971000 8
2024.306600 -5.634563 3.064000 8
2024.309400 -4.121761 3.047000 8
2024.312100 -12.401479 2.971000 8
2024.314900 -5.516668 2.906000 8
2024.317600 -5.808145 3.088000 8
2024.320300 -8.057917 3.088000 8
2024.323100 -10.078334 3.042000 8
2024.325800 -11.825694 3.056000 8
2024.328500 -8.666262 2.967000 8
2024.331300 -5.210632 3.015000 8
2024.334000 -5.330603 2.994000 8
2024.336800 -6.883470 3.024000 8
2024.339500 -7.079711 2.980000 8
2024.342200 -8.342997 3.154000 8
2024.345000 -5.629307 3.098000 8
2024.347700 -5.086655 2.988000 8
2024.350400 -7.024942 3.025000 8
2024.353200 -7.743363 3.088000 8
2024.355900 -3.488491 3.207000 8
2024.358700 -5.493815 3.852000 8
2024.361400 -6.930629 3.024000 8
2024.364100 -6.581196 2.988000 8
2024.366900 -1.366037 3.025000 8
2024.369600 -4.737052 2.997000 8
2024.372300 -11.631699 3.097000 8
2024.375100 -6.622683 3.057000 8
2024.377800 -8.010532 3.051000 8
2024.380600 -9.457749 3.157000 8
2024.383300 -6.504631 2.950000 8
2024.386000 -3.928940 2.936000 8
2024.388800 -4.891647 3.035000 8
2024.391500 -5.052730 3.008000 8
2024.394300 -3.746225 3.038000 8
2024.397000 -4.506908 3.009000 8
2024.399700 -10.109802 3.083000 8
2024.402500 -8.561112 3.069000 8
2024.405200 -6.658342 3.042000 8
2024.407900 -4.436652 3.046000 8
2024.410700 -9.325365 2.997000 8
2024.413400 -0.613743 3.167000 8
2024.416200 -3.458508 3.066000 8
2024.418900 -3.085773 2.982000 8
2024.421600 -3.791900 3.073000 8
2024.424400 -2.363375 3.046000 8
2024.427100 -4.898120 3.088000 8
2024.429800 -0.976595 3.080000 8
2024.432600 -5.137366 3.053000 8
2024.435300 -4.665192 3.108000 8
2024.438100 -0.432272 2.950000 8
2024.440800 -8.945270 2.984000 8
2024.443500 -4.857780 2.914000 8
2024.446300 -4.877469 2.941000 8
2024.449000 -10.446888 3.191000 8
2024.451700 -5.384689 3.065000 8
2024.454500 1.161418 3.020000 8
2024.457200 -0.785033 3.120000 8
2024.460000 -2.322511 2.993000 8
2024.462700 -3.943439 3.099000 8
2024.465400 -7.442540 3.081000 8
2024.468200 -7.940562 2.977000 8
2024.470900 -4.702891 2.944000 8
2024.473600 -8.005270 3.042000 8
2024.476400 -8.487452 3.101000 8
2024.479100 -6.837814 3.028000 8
2024.481900 -7.426894 3.133000 8
2024.484600 -10.221078 3.218000 8
2024.487300 -7.942117 3.186000 8
2024.490100 -7.723741 3.243000 8
2024.492800 -4.029370 3.026000 8
2024.495600 -6.755490 3.044000 8
2024.498300 -11.678556 3.094000 8
2024.501000 -7.723293 3.160000 8
2024.503800 -8.039375 3.049000 8
2024.506500 -8.544331 3.002000 8
2024.509200 -10.708853 3.076000 8
2024.512000 -10.667565 3.027000 8
2024.514700 -5.849097 2.918000 8
2024.517500 -5.291712 3.011000 8
2024.520200 -3.197118 3.021000 8
2024.522900 -7.644925 3.003000 8
2024.525700 -5.311649 3.102000 8
2024.528400 -6.799137 2.946000 8
2024.531100 -3.191931 2.995000 8
2024.533900 -7.006472 3.057000 8
2024.536600 -11.102764 3.059000 8
2024.539400 -8.847685 3.065000 8
2024.542100 -7.319355 3.004000 8
2024.544800 -8.275187 3.029000 8
2024.547600 -9.858471 3.061000 8
2024.550300 -12.696515 3.029000 8
2024.553000 -14.610641 3.074000 8
2024.555800 -9.557035 3.109000 8
2024.558500 -5.482214 2.950000 8
2024.561300 -5.935536 3.024000 8
2024.564000 -7.580667 3.042000 8
2024.566700 -7.228758 3.115000 8
2024.569500 -8.411803 2.983000 8
2024.572200 -4.817704 2.993000 8
2024.574900 -3.241496 3.178000 8
2024.577700 -8.591051 3.083000 8
2024.580400 -3.537521 3.026000 8
2024.583200 -11.991622 2.924000 8
2024.585900 -10.499685 3.030000 8
2024.588600 -14.434537 3.085000 8
2024.591400 -3.401824 3.176000 8
2024.594100 -7.375151 3.208000 8
2024.596900 -4.428780 3.127000 8
2024.599600 -7.468506 3.180000 8
2024.602300 -9.162930 3.263000 8
2024.605100 -6.729458 3.132000 8
2024.607800 -9.426177 3.178000 8
2024.610500 -9.536544 3.004000 8
2024.613300 -4.554814 3.410000 8
2024.616000 -10.016379 3.003000 8
2024.618800 -8.306711 3.102000 8
2024.621500 -2.951414 3.230000 8
2024.624200 -3.617689 3.137000 8
2024.627000 -5.314528 3.041000 8
2024.629700 -8.258855 3.085000 8
2024.632400 -6.883715 3.085000 8
2024.635200 -1.977933 3.029000 8
2024.637900 -7.925765 2.984000 8
2024.640700 -9.440817 3.150000 8
2024.643400 -10.500572 3.054000 8
2024.646100 -8.660798 3.052000 8
2024.648900 -6.593037 2.940000 8
2024.651600 -8.994116 3.078000 8
2024.654300 -6.298633 3.035000 8
2024.657100 -10.827954 3.135000 8
2024.659800 -8.858259 3.055000 8
2024.662600 -3.500227 3.052000 8
2024.665300 -3.148279 3.064000 8
2024.668000 -6.188719 3.062000 8
2024.670800 -7.598611 3.039000 8
2024.673500 -9.211740 3.016000 8
2024.676200 -7.547230 2.980000 8
2024.679000 -8.981961 3.076000 8
2024.681700 -4.475086 3.015000 8
2024.684500 -1.628309 3.068000 8
2024.687200 -3.439035 2.983000 8
2024.689900 -5.349080 2.990000 8
2024.692700 -2.740011 2.983000 8
2024.695400 0.057392 3.072000 8
2024.698200 -2.039948 3.202000 8
2024.700900 -2.296068 3.243000 8
2024.703600 -4.889469 3.090000 8
2024.706400 -3.516397 3.070000 8
2024.709100 -4.728278 3.009000 8
2024.711800 -10.187420 3.270000 8
2024.714600 -2.746871 3.153000 8
2024.717300 -9.159451 3.075000 8
2024.720100 -4.430196 3.041000 8
2024.722800 -2.817188 3.001000 8
2024.725500 -5.570410 3.077000 8
2024.728300 -0.728579 2.970000 8
2024.731000 -1.313177 3.178000 8
2024.733700 2.539012 3.099000 8
2024.736500 2.234473 3.015000 8
2024.739200 -4.592679 3.197000 8
2024.742000 -3.558414 3.092000 8
2024.744700 -3.092888 3.023000 8
2024.747400 -8.033548 3.045000 8
2024.750200 -2.807571 3.005000 8
2024.752900 -8.521522 2.964000 8
2024.755600 -4.757646 2.981000 8
2024.758400 -3.903915 3.079000 8
2024.761100 -4.198304 3.102000 8
2024.763900 -5.202690 3.111000 8
2024.766600 -4.029328 3.108000 8
2024.769300 -8.029119 3.211000 8
2024.772100 -3.930689 2.970000 8
2024.774800 -6.120708 3.171000 8
2024.777500 -6.893870 3.873000 8
2024.780300 -5.877594 3.107000 8
2024.807700 -7.182137 3.113000 8
2024.810400 -10.057532 3.070000 8
2024.813100 -11.281054 2.951000 8
2024.815900 -9.542211 3.046000 8
2024.818600 -5.593922 2.977000 8
2024.821400 -6.807129 3.068000 8
2024.824100 -9.196035 3.066000 8
2024.826800 -6.796076 2.970000 8
2024.829600 -5.918411 3.044000 8
2024.832300 -8.530662 3.063000 8
2024.835000 -7.519057 3.070000 8
2024.837800 -3.277549 3.095000 8
2024.840500 -3.888177 2.914000 8
2024.843300 -5.739771 3.169000 8
2024.846000 -8.260651 3.069000 8
2024.848700 -1.023699 3.071000 8
2024.851500 -4.321526 2.959000 8
2024.854200 -5.104863 3.065000 8
2024.856900 0.543611 3.010000 8
2024.859700 -2.750511 3.061000 8
2024.862400 -2.012371 3.164000 8
2024.865200 -3.768709 2.969000 8
2024.867900 -7.088940 3.130000 8
2024.870600 -7.309403 3.026000 8
2024.873400 -4.645175 3.004000 8
2024.876100 -3.219071 2.957000 8
2024.878900 0.813832 2.978000 8
2024.881600 -1.295544 2.956000 8
2024.884300 -3.295211 3.036000 8
2024.887100 -6.688927 3.184000 8
2024.889800 0.041845 3.096000 8
2024.892500 -8.763716 3.087000 8
2024.895300 -11.073183 3.052000 8
2024.898000 -4.241396 2.947000 8
2024.900800 -9.940427 2.993000 8
2024.903500 -10.028362 3.095000 8
2024.906200 -2.049714 3.143000 8
2024.909000 -6.289759 3.033000 8
2024.911700 -6.075944 2.916000 8
2024.914400 -8.709605 3.091000 8
2024.917200 -6.271849 3.072000 8
2024.919900 -9.041467 3.084000 8
2024.922700 -10.129603 2.931000 8
2024.925400 -6.159270 2.969000 8
2024.928100 -5.074524 2.988000 8
2024.930900 -6.785208 2.959000 8
2024.933600 -6.511656 3.062000 8
2024.936300 -4.279766 2.998000 8
2024.939100 -4.952235 3.068000 8
2024.941800 -6.526699 3.029000 8
2024.944600 -6.573483 3.084000 8
2024.947300 -0.477416 2.973000 8
2024.950000 -1.967149 3.005000 8
2024.952800 -3.969156 3.135000 8
2024.955500 -6.113540 3.006000 8
2024.958200 -10.482815 3.052000 8
2024.961000 -8.408336 3.045000 8
2024.963700 -12.310455 3.114000 8
2024.966500 -7.957810 3.104000 8
2024.969200 -10.530909 3.052000 8
2024.971900 -9.075068 3.277000 8
2024.974700 -3.235464 3.236000 8
2024.977400 -2.781818 3.282000 8
2024.980200 -7.721418 3.328000 8
2024.982900 -3.758118 3.201000 8
2024.985600 -2.747061 3.105000 8
2024.988400 -2.518282 3.140000 8
2024.991100 -7.547805 3.078000 8
2024.993800 -7.608689 3.137000 8
2024.996600 -9.998901 3.087000 8
2024.999300 -6.866609 3.113000 8
2025.002100 -7.419688 3.312000 8
2025.004800 -8.415390 3.063000 8
2025.007500 -9.321662 3.091000 8
2025.010300 -5.662386 3.192000 8
2025.013000 -6.627913 3.117000 8
2025.015700 -10.257139 2.999000 8
2025.018500 0.608081 3.097000 8
2025.021200 -6.940671 3.306000 8
2025.024000 -2.849054 3.235000 8
2025.026700 -3.392516 3.140000 8
2025.029400 -1.166906 3.130000 8
2025.032200 0.857942 3.125000 8
2025.034900 -4.276440 3.056000 8
2025.037600 -2.190889 3.090000 8
2025.040400 -3.296253 3.057000 8
2025.043100 -4.350983 3.076000 8
2025.045900 -1.635739 3.007000 8
2025.048600 -6.547946 3.113000 8
2025.051300 -5.295459 3.084000 8
2025.054100 -6.927181 3.033000 8
2025.056800 -7.534467 3.419000 8
2025.059500 -6.838204 3.104000 8
2025.062300 -8.681350 3.102000 8
2025.065000 -4.779158 3.068000 8
2025.067800 0.986483 3.047000 8
2025.070500 -0.331595 2.989000 8
2025.073200 -1.981370 2.965000 8
2025.076000 4.474075 3.021000 8
2025.078700 1.887731 3.005000 8
2025.081500 1.593445 3.012000 8
2025.084200 -1.249669 3.025000 8
2025.086900 0.794277 2.979000 8
2025.089700 -10.641974 3.184000 8
2025.092400 -10.936093 3.037000 8
2025.095100 1.707701 3.186000 8
2025.097900 -1.185968 3.124000 8
2025.100600 -0.585531 3.042000 8
2025.103400 -6.058745 3.289000 8
2025.106100 -4.865858 2.969000 8
2025.108800 -4.655292 3.036000 8
2025.111600 -1.190669 3.108000 8
2025.114300 0.777064 3.133000 8
2025.117000 1.277338 3.068000 8
2025.119800 -0.466633 3.121000 8
2025.122500 1.771534 3.126000 8
2025.125300 -3.319753 3.161000 8
2025.128000 -8.188873 3.066000 8
2025.130700 -10.651671 2.928000 8
2025.133500 -4.153241 3.068000 8
2025.136200 -7.256585 3.139000 8
2025.138900 -2.645731 2.998000 8
2025.141700 -2.526976 2.980000 8
2025.144400 -4.803914 2.970000 8
2025.147200 -3.453175 2.975000 8
2025.149900 -0.471065 3.089000 8
2025.152600 1.520049 2.876000 8
2025.155400 -1.955497 3.044000 8
2025.158100 -0.350559 3.073000 8
2025.160800 -3.164724 3.029000 8
2025.163600 -1.204892 3.082000 8
2025.166300 -1.916443 2.984000 8
2025.169100 -3.770230 3.073000 8
2025.171800 -1.433299 3.085000 8
2025.174500 -2.799632 3.170000 8
2025.177300 -1.115548 3.030000 8
2025.180000 -2.599581 3.106000 8
2025.182800 -2.670431 3.117000 8
2025.185500 -4.455278 3.124000 8
2025.188200 0.372474 3.158000 8
2025.191000 1.935062 3.286000 8
2025.193700 3.703849 3.131000 8
2025.196400 2.246165 3.024000 8
2025.199200 2.216970 2.937000 8
2025.201900 2.331188 3.048000 8
2025.204700 -2.457335 3.156000 8
2025.207400 -10.384293 3.054000 8
2025.210100 -5.306818 3.017000 8
2025.212900 -6.997424 3.100000 8
2025.215600 -7.451224 3.047000 8
2025.218300 -1.872635 3.053000 8
2025.221100 -4.472460 3.117000 8
2025.223800 -8.647225 3.014000 8
2025.226600 -9.098624 3.027000 8
2025.229300 -5.354783 3.022000 8
2025.232000 -6.672602 3.034000 8
2025.234800 -9.503378 3.076000 8
2025.237500 -4.636634 2.973000 8
2025.240200 -4.201565 3.092000 8
2025.243000 -4.185768 3.131000 8
2025.245700 -13.651158 3.128000 8
2025.248500 -6.249023 3.080000 8
2025.251200 -4.744874 3.009000 8
2025.253900 -7.096403 3.091000 8
2025.256700 -9.301703 3.117000 8
2025.259400 -8.840678 3.042000 8
2025.262100 -7.622318 2.995000 8
2025.264900 -8.926014 3.015000 8
2025.267600 -6.490065 2.946000 8
2025.270400 -8.897353 2.937000 8
2025.273100 -7.967778 2.936000 8
2025.275800 -11.627824 3.014000 8
2025.278600 -8.481370 3.075000 8
2025.281300 -8.033720 3.059000 8
2025.284100 -7.348737 3.009000 8
2025.286800 -4.918331 2.905000 8
2025.289500 -9.183476 3.004000 8
2025.292300 -4.847524 3.129000 8
2025.295000 -10.416810 3.005000 8
2025.297700 -5.536590 2.938000 8
2025.300500 -8.994494 3.019000 8
2025.303200 -10.578292 2.961000 8
2025.306000 -2.157352 3.023000 8
2025.308700 -7.550075 3.030000 8
2025.311400 -2.331180 3.097000 8
2025.314200 -3.995740 3.079000 8
2025.316900 -5.296617 3.036000 8
2025.349800 -8.876900 3.052000 8
2025.352500 -6.621672 3.114000 8
2025.355200 -8.042320 3.034000 8
2025.358000 -5.995156 3.013000 8
2025.360700 -12.643510 3.019000 8
2025.363400 -7.739626 2.958000 8
2025.366200 -6.188010 2.984000 8
2025.368900 -7.938595 2.936000 8
2025.371700 -4.051493 2.907000 8
2025.374400 -8.803383 3.067000 8
2025.377100 -3.839835 2.878000 8
2025.379900 -3.893649 3.055000 8
2025.382600 -7.846155 2.998000 8
2025.385400 -6.730049 2.995000 8
2025.388100 -6.350437 3.155000 8
2025.390800 -4.774177 3.263000 8
2025.393600 -5.898327 3.036000 8
2025.396300 -5.566689 3.041000 8
2025.399000 -6.583274 2.981000 8
2025.401800 -4.301274 3.023000 8
2025.404500 -7.144216 3.156000 8
2025.407300 -4.808568 2.944000 8
2025.410000 -2.779689 3.057000 8
2025.412700 -8.704814 3.083000 8
2025.415500 -4.047328 3.055000 8
2025.418200 -6.144363 3.026000 8
2025.420900 -7.251271 3.155000 8
2025.423700 -6.237531 3.021000 8
2025.426400 -10.619080 3.040000 8
2025.429200 -4.541950 3.095000 8
2025.431900 -2.862961 3.128000 8
2025.434600 -2.914625 2.980000 8
2025.437400 -7.096548 2.943000 8
2025.440100 -3.178408 3.050000 8
2025.442800 -6.068789 3.032000 8
2025.445600 -4.167356 3.097000 8
2025.448300 -1.400669 3.158000 8
2025.451100 -3.028112 3.118000 8
2025.453800 -5.044181 3.288000 8
2025.456500 -6.407559 3.238000 8
2025.459300 -5.481972 3.250000 8
2025.462000 -5.584849 3.125000 8
2025.464800 -2.759693 3.135000 8
2025.467500 -4.485900 3.126000 8
2025.470200 -3.037209 3.194000 8
2025.473000 -7.136371 3.078000 8
2025.475700 -7.805762 3.064000 8
2025.478400 -7.648135 3.069000 8
2025.481200 -7.584238 3.184000 8
2025.483900 -3.760453 2.928000 8
2025.486700 -3.264310 2.900000 8
2025.489400 -3.273210 3.026000 8
2025.492100 -7.214899 3.041000 8
2025.494900 -4.210092 2.927000 8
2025.497600 -5.760239 3.018000 8
2025.500300 -9.540064 3.000000 8
2025.503100 -9.732248 3.076000 8
2025.505800 -2.887311 3.063000 8
2025.508600 -5.127631 3.020000 8
2025.511300 -4.112790 2.970000 8
2025.514000 -6.258456 2.959000 8
2025.516800 -8.656218 3.031000 8
2025.519500 -5.313776 3.101000 8
2025.522200 -7.118741 3.059000 8
2025.525000 -8.015638 3.120000 8
2025.527700 -10.132300 3.029000 8
2025.530500 -7.860781 2.998000 8
2025.533200 -12.056016 3.001000 8
2025.535900 -6.090505 3.044000 8
2025.538700 -4.882639 2.958000 8
2025.541400 -8.467522 2.923000 8
2025.544100 -7.365575 2.942000 8
2025.546900 -12.947093 3.093000 8
2025.549600 -3.651371 2.976000 8
2025.552400 -9.147992 3.104000 8
2025.555100 1.080613 3.110000 8
2025.557800 -7.962820 3.012000 8
2025.560600 -9.960411 2.978000 8
2025.563300 -7.959809 3.114000 8
2025.566100 -4.736239 3.008000 8
2025.568800 -8.829504 3.050000 8
2025.571500 -6.519689 3.023000 8
2025.574300 -12.471716 3.051000 8
2025.577000 -8.471632 3.150000 8
2025.579700 -11.205402 3.092000 8
2025.582500 -5.857821 3.089000 8
2025.585200 -8.031194 2.964000 8
2025.588000 -7.797085 3.003000 8
2025.590700 -8.210982 3.111000 8
2025.593400 -5.946634 2.983000 8
2025.596200 -5.023606 3.116000 8
2025.598900 -4.224667 3.084000 8
2025.601600 -5.079430 3.093000 8
2025.604400 -8.778314 3.115000 8
2025.607100 -7.718381 3.136000 8
2025.609900 -5.086434 3.084000 8
2025.612600 -6.877739 2.952000 8
2025.615300 -1.428665 3.051000 8
2025.618100 -1.597374 3.055000 8
2025.620800 -5.686444 3.084000 8
2025.623500 -1.647091 3.135000 8
2025.626300 -4.877319 3.032000 8
2025.629000 -3.118024 3.067000 8
2025.631800 -0.705173 3.112000 8
2025.634500 -7.321883 3.050000 8
2025.637200 -5.280104 3.159000 8
2025.640000 -3.251561 3.108000 8
2025.642700 -8.075710 3.062000 8
2025.645400 -1.477334 3.119000 8
2025.648200 -4.055987 3.107000 8
2025.650900 -6.850470 3.133000 8
2025.653700 -0.193842 3.164000 8
2025.656400 -9.850138 3.022000 8
2025.659100 -7.961854 3.084000 8
2025.661900 -7.688251 3.096000 8
2025.664600 -6.562719 3.069000 8
2025.667400 -6.504726 3.032000 8
2025.670100 -0.496907 3.120000 8
2025.672800 -3.969459 3.144000 8
2025.675600 -6.176340 3.181000 8
2025.678300 -6.096549 3.124000 8
2025.681000 -6.773105 3.146000 8
2025.683800 -3.123776 3.065000 8
2025.686500 -3.058937 3.110000 8
2025.689300 -12.712070 3.151000 8
2025.692000 -5.603803 3.107000 8
2025.694700 -7.342841 3.050000 8
2025.697500 -5.750639 2.964000 8
2025.700200 -6.731204 3.018000 8
2025.702900 -3.454052 2.957000 8
2025.705700 -5.403444 3.092000 8
2025.708400 -3.777774 3.046000 8
2025.711200 -11.380504 3.076000 8
2025.713900 -4.412289 2.985000 8
2025.716600 -2.512324 3.061000 8
2025.719400 -6.924542 2.890000 8
2025.722100 -9.568992 2.987000 8
2025.724800 -6.442674 3.094000 8
2025.727600 -8.520321 3.034000 8
2025.730300 -6.147381 3.056000 8
2025.733100 -7.129261 3.163000 8
2025.735800 -6.181678 3.096000 8
2025.738500 -1.812297 3.153000 8
2025.741300 -1.420517 3.084000 8
2025.744000 -6.672460 3.088000 8
2025.746700 -8.810590 3.084000 8
2025.749500 -7.751103 3.134000 8
2025.752200 -5.093527 3.195000 8
2025.755000 -4.769187 3.151000 8
2025.757700 -9.329887 2.920000 8
2025.760400 -9.834752 3.036000 8
2025.763200 -8.638633 3.173000 8
2025.765900 -9.137750 3.054000 8
2025.768700 -2.794735 3.031000 8
2025.771400 -4.797088 3.107000 8
2025.774100 -8.623587 3.081000 8
2025.776900 -8.931738 3.043000 8
2025.779600 -5.113455 2.936000 8
2025.782300 -5.573311 2.967000 8
2025.785100 -2.873600 2.935000 8
2025.787800 -3.434658 2.905000 8
2025.790600 -7.718005 2.962000 8
2025.793300 -5.781257 3.077000 8
2025.796000 -2.133639 2.969000 8
2025.798800 -9.032095 2.934000 8
2025.801500 -5.846663 3.022000 8
2025.804200 -5.523359 2.980000 8
2025.807000 -4.104917 2.950000 8
2025.809700 -6.709797 2.922000 8
2025.812500 -6.327398 2.976000 8
2025.815200 -5.298465 3.013000 8
2025.817900 -7.534660 3.016000 8
2025.820700 -4.628370 3.031000 8
2025.823400 -11.964760 2.974000 8
2025.826100 -8.157284 3.007000 8
2025.828900 -1.991119 3.038000 8
2025.831600 -5.481852 3.037000 8
2025.834400 -9.462762 3.076000 8
2025.837100 -4.575717 2.986000 8
2025.839800 -6.150823 2.987000 8
2025.842600 -9.803912 3.149000 8
2025.845300 -6.228268 2.994000 8
2025.848000 -9.963791 2.978000 8
2025.850800 -6.041107 2.931000 8
2025.853500 -9.747915 3.031000 8
2025.856300 -6.931394 3.030000 8
2025.859000 -7.045516 2.990000 8
2025.861700 -8.412841 2.932000 8
2025.864500 -5.960658 3.767000 8
2025.867200 -10.318349 3.333000 8
2025.870000 -7.449417 3.059000 8
2025.872700 -3.637513 2.976000 8
2025.875400 -4.404860 2.938000 8
2025.878200 -5.721423 2.917000 8
2025.880900 -2.232244 2.898000 8
2025.883600 -2.326352 2.955000 8
2025.886400 -4.299522 3.057000 8
2025.889100 -2.372185 2.979000 8
2025.891900 -8.181811 2.913000 8
2025.894600 -6.302086 2.986000 8
2025.897300 -6.899722 2.989000 8
2025.900100 -8.873186 2.970000 8
2025.902800 -6.822534 2.979000 8
2025.905500 -9.261294 2.926000 8
2025.908300 -11.606759 2.997000 8
2025.911000 -6.595343 3.103000 8
2025.913800 -8.815554 2.955000 8
2025.916500 -8.085043 2.981000 8
2025.919200 -2.047043 2.947000 8
2025.922000 -5.006569 3.047000 8
2025.924700 -8.588607 3.057000 8
2025.927400 -4.696224 3.059000 8
2025.930200 -3.264280 3.056000 8
2025.932900 -8.209080 2.964000 8
2025.935700 -5.412266 2.979000 8
2025.938400 -8.498353 3.040000 8
2025.941100 -4.521148 3.095000 8
2025.943900 -8.220266 3.135000 8
2025.946600 -9.163515 3.084000 8
2025.949300 -1.372556 3.114000 8
2025.952100 -1.971875 3.030000 8
2025.954800 -3.895550 3.226000 8
2025.957600 -1.676480 3.067000 8
2025.960300 -6.812917 3.107000 8
2025.963000 -3.511303 3.010000 8
2025.965800 -1.202925 3.149000 8
2025.968500 -2.083274 3.064000 8
2025.971300 -4.323856 3.154000 8
2025.974000 -9.839308 2.972000 8
2025.976700 -8.425884 2.893000 8
2025.979500 -8.673704 3.057000 8
2025.982200 -6.144605 3.132000 8
2025.984900 -2.814741 3.080000 8
2025.987700 -3.951151 3.028000 8
2025.990400 -8.985846 2.959000 8
2025.993200 -5.601844 2.948000 8
2025.995900 -10.291260 2.971000 8
2025.998600 -7.016108 3.046000 8
2026.001400 -5.423322 2.972000 8
2026.004100 -9.884143 2.992000 8
2026.006800 -7.309522 3.230000 8
2026.009600 -6.928346 3.016000 8
2026.012300 -6.410957 3.018000 8
2026.015100 -4.002078 2.994000 8
2026.017800 -5.726102 2.980000 8
2026.020500 -7.580904 3.078000 8
2026.023300 -7.681327 3.142000 8
2026.026000 -11.217815 3.041000 8
2026.028700 -11.441219 3.107000 8
2026.031500 -10.633375 3.040000 8
2026.034200 -9.758747 3.057000 8
2026.037000 -8.440969 3.047000 8
2026.039700 -7.716502 3.046000 8
2026.042400 -7.407185 2.985000 8
2026.045200 -10.296881 3.013000 8
2026.047900 -9.139016 3.012000 8
2026.050700 -11.526282 3.176000 8
2026.053400 -7.951067 3.607000 8
2026.056100 -8.542243 3.646000 8
2026.058900 -7.040742 3.038000 8
2026.061600 -5.753865 3.152000 8
2026.064300 -3.025525 3.012000 8
2026.067100 -5.460718 3.121000 8
2026.069800 -6.150624 3.019000 8
2026.072600 -7.162212 3.007000 8
2026.075300 -4.492563 3.214000 8
2026.078000 -7.274696 3.165000 8
2026.080800 -7.309750 3.115000 8
2026.083500 -6.928627 3.044000 8
2026.086200 -2.750433 3.075000 8
2026.089000 -7.643413 3.050000 8
2026.091700 -6.589259 2.993000 8
2026.094500 -4.434456 3.014000 8
2026.097200 -7.512538 3.315000 8
2026.099900 -7.675790 3.068000 8
2026.102700 -5.807669 2.995000 8
2026.105400 -5.312447 2.988000 8
2026.108100 0.070466 2.994000 8
2026.110900 -3.639539 3.029000 8
2026.113600 -7.874435 3.174000 8
2026.116400 -3.981449 2.962000 8
2026.119100 -5.573340 2.984000 8
2026.121800 2.824232 2.989000 8
2026.124600 0.804378 2.993000 8
2026.127300 0.866686 2.967000 8
2026.130000 5.332326 3.153000 8
2026.132800 1.001223 3.027000 8
2026.135500 0.038340 2.966000 8
2026.138300 -1.130506 2.974000 8
2026.141000 -2.657081 2.965000 8
2026.143700 -3.724527 2.993000 8
2026.146500 -3.703268 3.027000 8
2026.149200 -4.187646 3.023000 8
2026.152000 -4.696545 3.022000 8
2026.154700 -8.035008 3.058000 8
2026.157400 -7.010530 3.090000 8
2026.160200 -5.993914 3.111000 8
2026.162900 -10.014737 3.012000 8
2026.165600 -6.697722 3.012000 8
2026.168400 -5.499914 3.005000 8
2026.171100 -6.284401 2.964000 8
2026.173900 0.659674 3.017000 8
2026.176600 -1.111440 3.034000 8
2026.179300 3.252131 3.119000 8
2026.182100 -6.291085 3.111000 8
2026.184800 -3.636313 3.047000 8
2026.187500 -9.259936 2.949000 8
2026.190300 -7.812693 2.981000 8
2026.193000 -5.343269 2.862000 8
2026.195800 -5.064212 2.958000 8
2026.198500 -3.551833 2.956000 8
2026.201200 -9.745962 3.059000 8
2026.204000 -4.705802 3.021000 8
2026.206700 -6.498098 2.927000 8
2026.209400 -3.317956 3.087000 8
2026.212200 -7.224866 2.993000 8
2026.214900 -7.576991 2.959000 8
2026.217700 -1.709394 3.049000 8
2026.220400 -4.916843 2.993000 8
2026.223100 -3.045924 3.016000 8
2026.225900 -4.109612 2.939000 8
2026.228600 -5.754082 2.994000 8
2026.231300 -3.945210 3.080000 8
2026.234100 -9.380269 3.004000 8
2026.236800 -4.418832 2.930000 8
