2010.423000 10.042433 3.766000 0
2010.425700 -3.518373 3.716000 0
2010.428500 5.642314 3.714000 0
2010.431200 -5.497126 3.811000 0
2010.433900 -12.557387 4.092000 0
2010.436700 -8.122138 3.822000 0
2010.439400 -7.630039 3.857000 0
2010.442200 -1.413421 3.718000 0
2010.444900 -2.244971 3.841000 0
2010.447600 -10.279353 3.738000 0
2010.450400 -1.638204 3.958000 0
2010.453100 0.174747 3.867000 0
2010.455900 -0.232768 3.940000 0
2010.458600 -1.967501 3.932000 0
2010.461300 1.094914 4.118000 0
2010.464100 -2.837135 3.723000 0
2010.466800 -3.663434 3.768000 0
2010.469500 4.049397 3.872000 0
2010.472300 16.712762 3.980000 0
2010.475000 -0.463159 3.700000 0
2010.477800 -0.764552 3.922000 0
2010.480500 2.199747 4.004000 0
2010.483200 16.657142 3.846000 0
2010.486000 5.420053 3.658000 0
2010.488700 4.137620 3.898000 0
2010.491400 -0.660742 3.903000 0
2010.494200 2.321394 3.852000 0
2010.496900 -2.780849 4.003000 0
2010.499700 -3.965609 4.035000 0
2010.502400 -7.605771 4.080000 0
2010.505100 2.081092 3.868000 0
2010.507900 -0.104590 3.721000 0
2010.510600 1.541293 4.028000 0
2010.513300 3.180171 3.923000 0
2010.516100 -5.853528 4.078000 0
2010.518800 -14.954694 3.949000 0
2010.521600 -8.162462 3.552000 0
2010.524300 -6.991716 3.678000 0
2010.527000 6.774971 3.639000 0
2010.529800 1.793015 3.697000 0
2010.532500 -6.153455 3.837000 0
2010.535200 -3.595018 3.912000 0
2010.538000 8.365731 3.625000 0
2010.540700 4.303942 3.786000 0
2010.543500 9.808433 4.089000 0
2010.546200 7.834372 3.820000 0
2010.548900 -4.752840 4.023000 0
2010.551700 -8.267824 3.941000 0
2010.554400 5.497622 4.236000 0
2010.557200 4.888259 3.901000 0
2010.559900 -0.420683 3.841000 0
2010.562600 -7.568833 3.948000 0
2010.565400 8.175151 3.931000 0
2010.568100 -9.009455 3.804000 0
2010.570800 11.878698 3.890000 0
2010.573600 6.621926 3.860000 0
2010.576300 -1.712441 4.064000 0
2010.579100 -2.399776 3.644000 0
2010.581800 6.764293 3.792000 0
2010.584500 4.582071 4.008000 0
2010.587300 5.353819 3.903000 0
2010.590000 5.403973 3.781000 0
2010.592700 -0.745191 3.644000 0
2010.595500 5.915550 3.708000 0
2010.598200 1.738708 3.791000 0
2010.601000 7.186729 3.730000 0
2010.603700 14.059175 3.798000 0
2010.606400 4.420260 3.807000 0
2010.609200 2.111145 3.721000 0
2010.611900 -0.287527 3.621000 0
2010.614600 14.405419 3.896000 0
2010.617400 9.128102 3.935000 0
2010.620100 1.567253 3.765000 0
2010.622900 -3.437902 3.689000 0
2010.625600 6.742430 3.840000 0
2010.628300 2.336353 3.844000 0
2010.631100 8.300911 3.723000 0
2010.633800 12.505989 3.622000 0
2010.636600 -4.812338 3.630000 0
2010.639300 0.034881 3.750000 0
2010.642000 6.052674 3.691000 0
2010.644800 1.989007 3.940000 0
2010.647500 6.860927 3.637000 0
2010.650200 2.288417 3.680000 0
2010.653000 2.947396 3.783000 0
2010.655700 1.800008 3.579000 0
2010.658500 0.708076 3.592000 0
2010.661200 -1.797188 3.983000 0
2010.663900 1.072119 3.757000 0
2010.666700 5.960839 3.733000 0
2010.669400 -0.851721 3.554000 0
2010.672100 -5.042703 3.669000 0
2010.674900 3.183689 3.740000 0
2010.677600 3.904859 3.609000 0
2010.680400 2.930380 3.652000 0
2010.683100 2.100719 3.936000 0
2010.685800 -10.439342 3.659000 0
2010.688600 -7.377081 3.655000 0
2010.691300 5.066060 3.636000 0
2010.694000 -0.418181 3.643000 0
2010.696800 0.604878 3.573000 0
2010.699500 -0.047118 3.587000 0
2010.702300 -5.222827 3.773000 0
2010.705000 -0.747545 3.738000 0
2010.707700 -2.344605 3.493000 0
2010.710500 3.531611 3.606000 0
2010.713200 -1.955115 3.501000 0
2010.715900 -11.022153 3.748000 0
2010.718700 -5.402919 3.572000 0
2010.721400 -12.339560 3.889000 0
2010.724200 3.131073 3.653000 0
2010.726900 4.027877 3.826000 0
2010.729600 2.929426 3.827000 0
2010.732400 -7.338742 3.764000 0
2010.735100 -0.804673 3.962000 0
2010.737900 -0.437310 3.510000 0
2010.740600 7.675334 3.507000 0
2010.743300 0.114790 3.440000 0
2010.746100 3.562561 3.549000 0
2010.748800 -0.721322 3.579000 0
2010.751500 -1.376349 3.411000 0
2010.754300 -2.554033 3.504000 0
2010.757000 0.196692 3.434000 0
2010.759800 -2.086215 3.486000 0
2010.762500 -1.361675 3.462000 0
2010.765200 -2.140200 3.479000 0
2010.768000 0.329683 3.476000 0
2010.770700 -3.116929 3.411000 0
2010.773400 8.025442 3.539000 0
2010.776200 4.694270 3.534000 0
2010.778900 5.771656 3.674000 0
2010.781700 0.506536 3.501000 0
2010.784400 -6.688994 3.520000 0
2010.787100 -2.168457 3.502000 0
2010.789900 2.728633 3.488000 0
2010.792600 5.766358 3.487000 0
2010.795300 -5.832799 3.521000 0
2010.798100 -7.351338 3.407000 0
2010.800800 4.028797 3.591000 0
2010.803600 1.102598 3.580000 0
2010.806300 -2.459905 3.528000 0
2010.809000 6.627796 3.620000 0
2010.811800 10.759237 3.672000 0
2010.814500 14.581403 3.521000 0
2010.817200 14.449822 3.590000 0
2010.820000 7.476060 3.400000 0
2010.822700 -0.538955 3.583000 0
2010.825500 -3.295095 3.670000 0
2010.828200 2.413522 3.378000 0
2010.830900 -2.162527 3.455000 0
2010.833700 9.464385 3.715000 0
2010.836400 -4.498937 3.691000 0
2010.839200 -0.013239 3.542000 0
2010.841900 3.086228 3.493000 0
2010.844600 1.663104 3.350000 0
2010.847400 -0.497911 3.369000 0
2010.850100 -1.238160 3.501000 0
2010.852800 3.597042 3.419000 0
2010.855600 4.306445 3.314000 0
2010.858300 -0.572396 3.474000 0
2010.861100 5.222025 3.441000 0
2010.863800 2.958191 3.695000 0
2010.866500 4.730870 3.494000 0
2010.869300 5.301904 3.377000 0
2010.872000 9.473659 3.467000 0
2010.874700 8.950959 3.498000 0
2010.877500 5.287706 3.397000 0
2010.880200 1.692144 3.410000 0
2010.883000 1.150092 3.667000 0
2010.885700 6.771705 3.477000 0
2010.888400 3.557906 3.640000 0
2010.891200 -1.286292 3.745000 0
2010.893900 4.189132 3.518000 0
2010.896600 3.385165 3.382000 0
2010.899400 10.057887 3.613000 0
2010.902100 1.842180 3.605000 0
2010.904900 -2.952781 3.400000 0
2010.907600 7.228792 3.407000 0
2010.910300 7.992998 3.376000 0
2010.913100 9.425034 3.468000 0
2010.915800 -2.133458 3.307000 0
2010.918500 -1.208308 3.360000 0
2010.921300 -2.169251 3.357000 0
2010.924000 3.627211 3.343000 0
2010.926800 6.953632 3.400000 0
2010.929500 0.397408 3.218000 0
2010.932200 2.821829 3.218000 0
2010.935000 -4.187721 3.319000 0
2010.937700 -3.459991 3.400000 0
2010.940500 -0.434188 3.469000 0
2010.943200 8.071841 3.410000 0
2010.945900 4.526504 3.465000 0
2010.948700 4.520300 3.541000 0
2010.951400 -0.325761 3.492000 0
2010.954100 13.901798 3.534000 0
2010.956900 8.089545 3.550000 0
2010.959600 6.535349 3.570000 0
2010.962400 6.716374 3.493000 0
2010.965100 5.340395 3.387000 0
2010.967800 6.135004 3.621000 0
2010.970600 7.527876 3.602000 0
2010.973300 1.165654 3.521000 0
2010.976000 2.142994 3.543000 0
2010.978800 -0.022368 3.441000 0
2010.981500 3.808085 3.347000 0
2010.984300 4.592856 3.377000 0
2010.987000 3.972380 3.384000 0
2010.989700 7.103412 3.531000 0
2010.992500 7.577786 3.799000 0
2010.995200 12.365820 3.676000 0
2010.997900 7.231326 3.452000 0
2011.000700 10.659188 3.542000 0
2011.003400 0.679617 3.326000 0
2011.006200 -2.407591 3.567000 0
2011.008900 5.027707 3.601000 0
2011.011600 -0.447591 3.471000 0
2011.014400 10.593476 3.470000 0
2011.017100 13.963960 3.513000 0
2011.019800 14.529804 3.327000 0
2011.022600 8.556007 3.444000 0
2011.025300 1.563539 3.316000 0
2011.030800 -7.228422 3.498000 0
2011.033500 -2.075984 3.490000 0
2011.036300 1.789787 3.600000 0
2011.039000 -0.848250 3.445000 0
2011.041800 0.729030 3.640000 0
2011.044500 8.864449 3.387000 0
2011.047200 9.285067 3.652000 0
2011.050000 1.497974 3.454000 0
2011.052700 8.591946 3.380000 0
2011.055400 5.454066 3.209000 0
2011.058200 6.766440 3.427000 0
2011.060900 7.611810 3.391000 0
2011.063700 -2.217594 3.286000 0
2011.066400 7.632956 3.423000 0
2011.069100 2.642569 3.572000 0
2011.071900 -1.243636 3.419000 0
2011.074600 0.059053 3.368000 0
2011.077300 2.411755 3.423000 0
2011.080100 -0.389411 3.632000 0
2011.082800 7.792265 3.365000 0
2011.085600 6.287038 3.567000 0
2011.088300 -0.368379 3.336000 0
2011.091000 -9.812865 3.427000 0
2011.093800 -15.021311 3.659000 0
2011.096500 -2.487987 3.549000 0
2011.099200 8.856220 3.562000 0
2011.102000 2.906407 3.614000 0
2011.104700 0.653331 3.408000 0
2011.107500 -0.351808 3.539000 0
2011.110200 0.978772 3.461000 0
2011.112900 -1.295838 3.558000 0
2011.115700 -3.705574 3.344000 0
2011.118400 -1.776613 3.554000 0
2011.121100 -2.739882 3.466000 0
2011.123900 -3.610344 3.645000 0
2011.126600 1.079879 3.678000 0
2011.129400 8.144864 3.541000 0
2011.132100 9.869529 3.600000 0
2011.134800 2.544904 3.525000 0
2011.137600 2.170974 3.572000 0
2011.140300 1.731723 3.741000 0
2011.143100 0.363123 3.733000 0
2011.145800 2.371205 3.664000 0
2011.148500 7.807947 3.415000 0
2011.151300 0.384273 3.413000 0
2011.154000 -1.407707 3.554000 0
2011.156700 6.979947 3.497000 0
2011.159500 3.520120 3.873000 0
2011.162200 0.509006 3.363000 0
2011.165000 -2.003632 3.485000 0
2011.167700 -4.775540 3.522000 0
2011.170400 -3.189846 3.435000 0
2011.173200 -4.098738 3.420000 0
2011.175900 -0.681871 3.341000 0
2011.178600 -1.144417 3.521000 0
2011.181400 1.217394 3.471000 0
2011.184100 -1.748001 3.375000 0
2011.186900 -3.319078 3.412000 0
2011.189600 -3.554333 3.447000 0
2011.192300 1.238987 3.438000 0
2011.195100 -4.568428 3.354000 0
2011.197800 -0.163977 3.529000 0
2011.200500 -5.031953 3.474000 0
2011.203300 -2.659712 3.446000 0
2011.206000 1.250443 3.419000 0
2011.208800 -1.292214 3.452000 0
2011.211500 -4.288922 3.495000 0
2011.214200 -0.768050 3.563000 0
2011.217000 -2.587032 3.637000 0
2011.219700 4.480991 3.553000 0
2011.222500 11.958136 3.596000 0
2011.225200 -1.011675 3.562000 0
2011.227900 10.936111 3.531000 0
2011.230700 1.508987 3.560000 0
2011.233400 6.886967 3.543000 0
2011.236100 1.817559 3.461000 0
2011.238900 1.735214 3.476000 0
2011.241600 1.496035 3.639000 0
2011.244400 0.633905 3.540000 0
2011.247100 1.920983 3.545000 0
2011.249800 -3.043294 3.574000 0
2011.252600 4.042461 3.623000 0
2011.255300 10.098487 3.605000 0
2011.258000 8.014184 3.611000 0
2011.260800 -0.945100 3.531000 0
2011.263500 3.759950 3.400000 0
2011.266300 9.826016 3.633000 0
2011.269000 8.268459 3.576000 0
2011.271700 3.569618 3.675000 0
2011.274500 8.153790 3.963000 0
2011.277200 1.123401 3.582000 0
2011.279900 -3.208242 3.640000 0
2011.282700 9.945131 3.500000 0
2011.285400 12.808003 3.667000 0
2011.288200 5.499896 3.361000 0
2011.290900 2.924328 3.374000 0
2011.293600 8.003560 3.985000 0
2011.296400 1.697824 3.462000 0
2011.299100 12.131683 3.542000 0
2011.301800 6.001377 3.730000 0
2011.304600 4.825117 3.616000 0
2011.307300 6.362507 3.684000 0
2011.310100 9.074956 3.651000 0
2011.312800 5.434089 3.584000 0
2011.315500 8.551112 3.477000 0
2011.318300 18.264218 3.926000 0
2011.321000 6.601053 3.542000 0
2011.323800 -2.778012 3.649000 0
2011.326500 4.268682 3.518000 0
2011.329200 10.091323 3.573000 0
2011.332000 6.998092 3.477000 0
2011.334700 3.403659 3.588000 0
2011.337400 -4.804795 3.686000 0
2011.340200 -1.752090 3.800000 0
2011.342900 7.934448 3.610000 0
2011.345700 12.575165 3.774000 0
2011.348400 9.248735 3.637000 0
2011.351100 11.297337 3.598000 0
2011.353900 6.840152 3.505000 0
2011.356600 3.169845 3.857000 0
2011.359300 2.832598 3.867000 0
2011.362100 6.549599 3.661000 0
2011.364800 6.236500 3.460000 0
2011.367600 5.785671 3.582000 0
2011.370300 3.036753 3.492000 0
2011.373000 2.311936 3.601000 0
2011.375800 10.697426 3.655000 0
2011.378500 4.233837 3.603000 0
2011.381200 7.783370 3.701000 0
2011.384000 6.485244 3.610000 0
2011.386700 9.060045 3.600000 0
2011.389500 -0.134790 3.673000 0
2011.392200 -2.295696 3.812000 0
2011.394900 4.330548 3.561000 0
2011.397700 5.796188 3.706000 0
2011.400400 0.369754 3.588000 0
2011.403100 2.901483 3.554000 0
2011.405900 5.620638 3.561000 0
2011.408600 3.133711 3.603000 0
2011.411400 3.954228 3.549000 0
2011.414100 3.207654 3.750000 0
2011.416800 2.680258 3.665000 0
2011.419600 3.736331 3.620000 0
2011.422300 -7.600701 3.759000 0
2011.425100 -7.208249 3.861000 0
2011.427800 11.934085 3.854000 0
2011.430500 3.040599 3.908000 0
2011.433300 6.942616 3.722000 0
2011.436000 -1.340507 3.501000 0
2011.438700 1.197546 3.449000 0
2011.441500 -1.018882 3.673000 0
2011.444200 4.597524 3.660000 0
2011.447000 0.270456 3.683000 0
2011.449700 -0.401797 3.610000 0
2011.452400 4.673112 3.420000 0
2011.455200 8.920556 3.611000 0
2011.457900 2.482784 3.526000 0
2011.460600 -2.315839 3.680000 0
2011.463400 0.023074 3.617000 0
2011.466100 7.132739 3.754000 0
2011.468900 7.409940 3.686000 0
2011.471600 9.516869 3.971000 0
2011.474300 3.525919 3.541000 0
2011.477100 6.388497 3.563000 0
2011.479800 7.739769 3.554000 0
2011.482500 7.954140 3.644000 0
2011.485300 5.752028 3.675000 0
2011.488000 4.758574 3.717000 0
2011.490800 1.676627 3.708000 0
2011.493500 -2.384685 3.615000 0
2011.496200 2.963059 3.777000 0
2011.499000 4.437288 3.835000 0
2011.501700 -1.259882 3.646000 0
2011.504400 5.163975 3.770000 0
2011.507200 3.472290 3.852000 0
2011.509900 -5.625827 4.157000 0
2011.512700 0.925493 4.043000 0
2011.515400 -0.453640 3.771000 0
2011.518100 2.615202 3.638000 0
2011.520900 2.578446 3.938000 0
2011.523600 12.191205 3.763000 0
2011.526400 1.490340 3.791000 0
2011.529100 0.954972 3.640000 0
2011.531800 -1.479475 3.739000 0
2011.534600 2.269410 3.826000 0
2011.537300 4.794766 4.012000 0
2011.540000 7.087008 3.741000 0
2011.542800 13.255535 3.966000 0
2011.545500 12.590511 3.750000 0
2011.548300 5.298737 3.869000 0
2011.551000 3.890400 3.531000 0
2011.553700 -2.089108 3.820000 0
2011.556500 8.067580 3.712000 0
2011.559200 4.838689 3.655000 0
2011.561900 -2.042406 3.738000 0
2011.564700 -1.573362 3.716000 0
2011.567400 7.473093 3.655000 0
2011.570200 17.303646 3.673000 0
2011.572900 9.308606 3.616000 0
2011.575600 2.917307 3.816000 0
2011.578400 -7.643953 3.476000 0
2011.581100 3.054190 3.787000 0
2011.583800 6.578044 3.583000 0
2011.586600 5.784873 3.682000 0
2011.589300 4.040110 3.655000 0
2011.592100 10.604279 3.618000 0
2011.594800 1.982859 3.634000 0
2011.597500 -3.357895 3.833000 0
2011.600300 4.834220 3.636000 0
2011.603000 2.779758 3.610000 0
2011.605700 3.483938 3.783000 0
2011.608500 0.488922 3.857000 0
2011.611200 1.326348 3.694000 0
2011.614000 2.040537 3.971000 0
2011.616700 5.149182 3.980000 0
2011.619400 12.589435 3.803000 0
2011.622200 1.819388 3.712000 0
2011.624900 6.216825 3.836000 0
2011.627700 1.558922 3.501000 0
2011.630400 -1.005476 3.603000 0
2011.633100 14.528710 3.743000 0
2011.635900 6.077497 3.649000 0
2011.638600 4.916826 3.595000 0
2011.641300 13.516729 3.911000 0
2011.644100 4.330178 3.727000 0
2011.646800 8.052209 3.752000 0
2011.649600 10.287751 3.884000 0
2011.652300 12.310906 3.661000 0
2011.655000 7.197629 3.523000 0
2011.657800 6.672814 3.534000 0
2011.660500 4.960660 3.783000 0
2011.663200 6.532078 3.665000 0
2011.666000 10.843912 3.851000 0
2011.668700 7.972462 3.623000 0
2011.671500 6.351401 3.485000 0
2011.674200 13.743094 3.577000 0
2011.676900 8.659371 3.472000 0
2011.679700 6.954002 3.433000 0
2011.682400 3.803446 3.898000 0
2011.685100 -0.125512 3.566000 0
2011.687900 -3.769146 3.722000 0
2011.690600 1.082095 3.758000 0
2011.693400 4.581644 3.558000 0
2011.696100 3.525111 3.606000 0
2011.698800 5.502210 3.535000 0
2011.701600 1.572597 3.511000 0
2011.704300 1.044969 3.551000 0
2011.707000 1.245996 3.777000 0
2011.709800 8.505301 3.844000 0
2011.712500 14.698657 3.845000 0
2011.715300 2.233287 3.725000 0
2011.718000 -1.625987 3.629000 0
2011.720700 -1.910554 3.440000 0
2011.723500 -4.684847 3.556000 0
2011.726200 7.586025 3.499000 0
2011.729000 11.228175 3.483000 0
2011.731700 4.094534 3.630000 0
2011.734400 10.440662 3.799000 0
2011.737200 11.372081 3.722000 0
2011.739900 11.576776 3.748000 0
2011.742600 7.040279 3.890000 0
2011.745400 6.619096 3.922000 0
2011.748100 1.561253 3.537000 0
2011.750900 1.626740 3.661000 0
2011.753600 4.177611 3.586000 0
2011.756300 -0.289636 3.583000 0
2011.759100 3.316481 3.572000 0
2011.761800 -1.051958 3.641000 0
2011.764500 0.211532 3.680000 0
2011.767300 5.382427 3.796000 0
2011.770000 10.300823 3.903000 0
2011.772800 -7.535345 3.572000 0
2011.775500 -1.392977 3.654000 0
2011.778200 5.093404 3.516000 0
2011.781000 1.527273 3.719000 0
2011.783700 8.905728 3.584000 0
2011.786400 3.670246 3.642000 0
2011.789200 -1.084688 3.683000 0
2011.791900 -0.623991 3.664000 0
2011.794700 6.578296 3.745000 0
2011.797400 6.599243 3.578000 0
2011.800100 5.122337 3.435000 0
2011.802900 1.508090 3.619000 0
2011.805600 5.135538 3.489000 0
2011.808400 6.193694 3.447000 0
2011.811100 7.684564 3.500000 0
2011.813800 11.222667 3.774000 0
2011.816600 10.000556 3.459000 0
2011.819300 7.355183 3.578000 0
2011.822000 7.325093 3.636000 0
2011.824800 4.050869 3.418000 0
2011.827500 7.171403 3.559000 0
2011.830300 2.813860 3.390000 0
2011.833000 6.443082 3.581000 0
2011.835700 3.486664 3.750000 0
2011.838500 7.149258 3.631000 0
2011.841200 1.721621 3.517000 0
2011.843900 7.484390 3.604000 0
2011.846700 7.934260 3.648000 0
2011.849400 11.471897 3.716000 0
2011.852200 16.862697 3.815000 0
2011.854900 1.643258 3.578000 0
2011.857600 -0.040708 3.896000 0
2011.860400 1.786581 3.402000 0
2011.863100 5.122616 3.611000 0
2011.865800 10.352161 3.551000 0
2011.868600 15.603053 3.690000 0
2011.871300 5.653668 3.534000 0
2011.874100 9.611694 3.581000 0
2011.876800 7.792424 3.642000 0
2011.879500 10.149715 3.520000 0
2011.882300 9.479508 3.554000 0
2011.885000 12.743969 3.577000 0
2011.887700 5.535017 3.711000 0
2011.890500 10.135658 3.680000 0
2011.893200 2.494925 3.666000 0
2011.896000 3.817843 3.635000 0
2011.898700 -0.163645 3.520000 0
2011.901400 9.547487 3.876000 0
2011.904200 0.048357 3.790000 0
2011.906900 3.501766 3.947000 0
2011.909700 4.849970 3.885000 0
2011.912400 5.587672 3.642000 0
2011.915100 0.085013 3.638000 0
2011.917900 -0.755770 3.680000 0
2011.920600 6.631881 3.554000 0
2011.923300 13.403176 3.702000 0
2011.926100 -3.483578 3.894000 0
2011.928800 -2.865968 3.581000 0
2011.931600 -1.983359 3.470000 0
2011.934300 1.658563 3.560000 0
2011.937000 -0.317873 3.561000 0
2011.939800 0.551758 3.700000 0
2011.942500 0.745622 3.718000 0
2011.945200 0.850121 3.400000 0
2011.948000 0.317748 3.662000 0
2011.950700 0.121526 3.465000 0
2011.953500 17.572470 6.068000 0
2011.956200 4.516508 3.681000 0
2011.958900 2.468155 3.541000 0
2011.961700 6.674018 3.435000 0
2011.964400 12.577886 3.642000 0
2011.967100 4.263344 3.740000 0
2011.969900 7.958061 3.423000 0
2011.972600 0.637692 3.823000 0
2011.975400 -0.095391 3.329000 0
2011.978100 -0.759622 3.649000 0
2011.980800 -4.845308 3.598000 0
2011.983600 4.060321 3.451000 0
2011.986300 4.392711 3.256000 0
2011.989000 9.836613 3.590000 0
2011.991800 6.055854 3.368000 0
2011.994500 7.266763 3.512000 0
2011.997300 -0.341977 3.428000 0
2012.000000 10.463888 3.838000 0
2012.002700 3.014203 3.623000 0
2012.005500 2.129879 3.571000 0
2012.008200 1.575069 3.606000 0
2012.011000 3.921624 3.369000 0
2012.013700 8.093632 3.766000 0
2012.016400 0.443019 3.469000 0
2012.019200 16.553769 3.423000 0
2012.021900 8.035883 3.681000 0
2012.024600 7.572331 3.440000 0
2012.027400 8.624132 3.491000 0
2012.030100 14.368211 3.515000 0
2012.032900 1.137633 3.562000 0
2012.035600 6.538279 3.301000 0
2012.038300 -1.919821 3.510000 0
2012.041100 1.284398 3.494000 0
2012.043800 5.602763 3.707000 0
2012.046500 8.492331 3.618000 0
2012.049300 11.731191 3.471000 0
2012.052000 11.477121 3.702000 0
2012.054800 7.354321 3.486000 0
2012.057500 8.848545 3.785000 0
2012.060200 9.501887 3.683000 0
2012.063000 10.824459 3.749000 0
2012.065700 13.524990 3.979000 0
2012.068400 8.275588 3.599000 0
2012.071200 7.689372 3.384000 0
2012.073900 2.977056 3.443000 0
2012.076700 5.609893 3.524000 0
2012.079400 4.044593 3.421000 0
2012.082100 5.432276 3.815000 0
2012.084900 3.653060 3.537000 0
2012.087600 0.995659 3.568000 0
2012.090300 2.882192 3.719000 0
2012.093100 2.892771 3.673000 0
2012.095800 -3.835878 3.661000 0
2012.098600 2.140479 3.551000 0
2012.101300 0.598585 3.579000 0
2012.104000 -1.663452 3.573000 0
2012.106800 2.421455 3.504000 0
2012.109500 -6.115918 3.851000 0
2012.112300 2.058609 3.484000 0
2012.115000 -5.105158 3.628000 0
2012.117700 0.131861 3.693000 0
2012.120500 0.418714 3.698000 0
2012.123200 1.903257 3.679000 0
2012.125900 -1.410452 3.751000 0
2012.128700 5.243606 3.455000 0
2012.131400 -5.817655 3.900000 0
2012.134200 1.506807 3.523000 0
2012.136900 1.096948 3.688000 0
2012.139600 -0.265221 3.747000 0
2012.142400 -2.576733 3.933000 0
2012.145100 10.884436 3.671000 0
2012.147800 -1.598733 3.628000 0
2012.150600 -1.211312 3.591000 0
2012.153300 -2.537198 3.386000 0
2012.156100 -3.770539 3.631000 0
2012.158800 -3.364174 3.637000 0
2012.161500 3.091811 3.799000 0
2012.164300 3.882278 3.664000 0
2012.167000 7.584472 3.725000 0
2012.169700 1.020270 3.652000 0
2012.172500 -9.861514 3.611000 0
2012.175200 0.349460 3.694000 0
2012.178000 0.130812 3.438000 0
2012.180700 7.199944 3.772000 0
2012.183400 0.979658 3.762000 0
2012.186200 -3.457305 3.926000 0
2012.188900 -1.192450 3.949000 0
2012.191600 -5.646020 3.854000 0
2012.194400 -6.395321 3.571000 0
2012.197100 -5.109759 3.508000 0
2012.199900 -1.297961 3.637000 0
2012.202600 -6.294269 3.778000 0
2012.205300 -0.441003 3.511000 0
2012.208100 5.699454 3.737000 0
2012.210800 6.139856 3.759000 0
2012.213600 3.351420 3.691000 0
2012.216300 -0.319034 3.883000 0
2012.219000 0.804097 3.729000 0
2012.221800 -1.691648 3.647000 0
2012.224500 1.493647 3.520000 0
2012.227200 -0.744463 3.523000 0
2012.230000 -5.236481 3.536000 0
2012.232700 3.873600 3.398000 0
2012.235500 2.263755 3.459000 0
2012.238200 -1.363951 3.706000 0
2012.240900 1.176967 3.730000 0
2012.243700 2.231935 3.623000 0
2012.246400 1.705106 3.346000 0
2012.249100 2.037921 3.563000 0
2012.251900 5.891768 3.617000 0
2012.254600 4.356881 3.574000 0
2012.257400 3.505018 3.810000 0
2012.260100 10.780463 3.490000 0
2012.262800 5.585594 3.414000 0
2012.265600 -7.747259 3.616000 0
2012.268300 -1.967741 3.580000 0
2012.271000 -1.095510 3.638000 0
2012.273800 0.650735 3.439000 0
2012.276500 0.875413 3.498000 0
2012.279300 2.844105 3.467000 0
2012.282000 3.512272 3.487000 0
2012.284700 6.470204 3.457000 0
2012.287500 7.224155 3.420000 0
2012.290200 -1.834359 4.042000 0
2012.293000 -1.869847 3.560000 0
2012.295700 -0.005763 3.402000 0
2012.298400 -0.966859 3.378000 0
2012.301200 -3.199914 3.597000 0
2012.303900 5.596658 3.362000 0
2012.306600 4.439083 3.488000 0
2012.309400 6.126567 3.591000 0
2012.312100 0.860730 3.687000 0
2012.314900 4.867965 3.546000 0
2012.317600 10.290911 3.333000 0
2012.320300 8.433768 3.455000 0
2012.323100 11.956722 3.500000 0
2012.325800 13.740432 3.530000 0
2012.328500 4.268085 3.866000 0
2012.331300 5.281864 3.712000 0
2012.334000 16.359438 3.593000 0
2012.336800 4.104157 3.787000 0
2012.339500 5.100695 3.667000 0
2012.342200 -2.359769 3.590000 0
2012.345000 8.524945 3.657000 0
2012.347700 7.203509 3.832000 0
2012.350400 1.981101 3.685000 0
2012.353200 1.785904 3.604000 0
2012.355900 2.167584 3.743000 0
2012.358700 1.398497 3.698000 0
2012.361400 -0.864698 3.560000 0
2012.364100 -0.490818 3.398000 0
2012.366900 -0.931670 3.537000 0
2012.369600 -1.736613 3.492000 0
2012.372300 1.110543 3.416000 0
2012.375100 -0.769997 3.475000 0
2012.377800 5.929383 3.689000 0
2012.380600 0.323090 3.593000 0
2012.383300 4.012723 3.614000 0
2012.386000 0.045489 3.600000 0
2012.388800 -1.230384 3.946000 0
2012.391500 17.830671 3.738000 0
2012.394300 12.351108 3.593000 0
2012.397000 5.205473 3.858000 0
2012.399700 5.175997 3.711000 0
2012.402500 1.348934 3.780000 0
2012.405200 0.564793 3.638000 0
2012.407900 9.939821 3.676000 0
2012.410700 9.901292 3.825000 0
2012.413400 4.572673 3.862000 0
2012.416200 1.383514 3.752000 0
2012.418900 -3.816744 3.878000 0
2012.421600 4.270177 3.681000 0
2012.424400 5.045581 3.726000 0
2012.427100 5.024868 3.557000 0
2012.429800 2.867335 4.025000 0
2012.432600 8.764305 3.659000 0
2012.435300 -6.238865 4.046000 0
2012.438100 6.806480 3.685000 0
2012.440800 2.701668 3.485000 0
2012.443500 4.509030 3.555000 0
2012.446300 -0.296083 3.574000 0
2012.449000 3.923621 3.664000 0
2012.451700 6.605489 3.795000 0
2012.454500 2.393890 3.756000 0
2012.457200 -0.038922 3.631000 0
2012.460000 -6.804197 3.840000 0
2012.462700 -5.560708 3.730000 0
2012.465400 7.935922 3.897000 0
2012.468200 11.349088 3.768000 0
2012.470900 3.868985 3.821000 0
2012.473600 6.143004 3.735000 0
2012.476400 -0.793448 3.653000 0
2012.479100 -2.721202 3.603000 0
2012.481900 2.250566 3.629000 0
2012.484600 8.981008 3.648000 0
2012.487300 3.882534 3.663000 0
2012.490100 5.482568 3.773000 0
2012.492800 15.058240 3.716000 0
2012.495600 6.000406 3.785000 0
2012.498300 1.477187 3.975000 0
2012.501000 -0.242992 3.778000 0
2012.503800 -0.777701 3.609000 0
2012.506500 3.353171 3.823000 0
2012.509200 10.767053 3.696000 0
2012.512000 2.926375 3.943000 0
2012.514700 3.973246 3.653000 0
2012.517500 12.355534 3.807000 0
2012.520200 10.425350 3.725000 0
2012.522900 3.956122 3.644000 0
2012.525700 0.580274 3.803000 0
2012.528400 4.170925 3.840000 0
2012.531100 -5.788501 3.822000 0
2012.533900 -6.143591 3.807000 0
2012.536600 8.423793 3.622000 0
2012.539400 6.117481 3.603000 0
2012.542100 -1.049373 3.656000 0
2012.544800 -2.845360 3.785000 0
2012.547600 -4.023093 3.931000 0
2012.550300 0.004612 3.736000 0
2012.553000 3.882150 3.819000 0
2012.555800 0.172888 3.654000 0
2012.558500 0.823049 4.054000 0
2012.561300 -3.428628 3.705000 0
2012.564000 4.844110 3.836000 0
2012.566700 3.607625 3.611000 0
2012.569500 6.017243 3.548000 0
2012.572200 3.314269 3.523000 0
2012.574900 0.512038 3.810000 0
2012.577700 -3.304150 3.589000 0
2012.580400 0.474067 3.560000 0
2012.583200 8.547285 3.499000 0
2012.585900 6.668908 3.567000 0
2012.588600 6.268224 3.563000 0
2012.591400 -1.238520 3.604000 0
2012.594100 5.485146 3.680000 0
2012.596900 1.802707 3.539000 0
2012.599600 2.234687 3.408000 0
2012.602300 6.262317 3.685000 0
2012.605100 3.051779 3.771000 0
2012.607800 8.327674 3.360000 0
2012.610500 9.200198 3.531000 0
2012.613300 9.947489 3.750000 0
2012.616000 8.213235 3.596000 0
2012.618800 5.695707 3.479000 0
2012.621500 13.218651 3.549000 0
2012.624200 8.374193 3.554000 0
2012.627000 5.767400 3.539000 0
2012.629700 -0.820890 3.529000 0
2012.632400 11.106404 3.885000 0
2012.635200 5.560304 3.603000 0
2012.637900 0.874742 3.466000 0
2012.640700 -3.549252 3.571000 0
2012.643400 -6.985680 3.449000 0
2012.646100 4.555463 3.676000 0
2012.648900 8.982120 3.710000 0
2012.651600 14.305386 3.508000 0
2012.654300 8.984222 3.435000 0
2012.657100 10.868522 3.497000 0
2012.659800 11.432480 3.599000 0
2012.662600 3.755872 3.642000 0
2012.665300 2.791958 3.504000 0
2012.668000 1.751618 3.768000 0
2012.670800 8.131670 3.522000 0
2012.673500 -0.044529 3.310000 0
2012.676200 2.279856 3.499000 0
2012.679000 6.334596 3.447000 0
2012.681700 11.289145 3.389000 0
2012.684500 4.243029 3.510000 0
2012.687200 3.874763 3.209000 0
2012.689900 2.114105 3.393000 0
2012.692700 8.837756 3.445000 0
2012.695400 -3.834680 3.476000 0
2012.698200 4.699180 3.652000 0
2012.700900 5.713997 3.783000 0
2012.703600 -6.005541 3.601000 0
2012.706400 -2.730798 3.468000 0
2012.709100 -17.339031 3.515000 0
2012.711800 -11.013592 3.543000 0
2012.714600 -7.739879 3.447000 0
2012.717300 -6.238075 3.458000 0
2012.720100 -10.599998 3.530000 0
2012.722800 -6.271785 3.495000 0
2012.725500 -18.569845 3.532000 0
2012.728300 -11.408627 3.518000 0
2012.731000 -2.631205 3.624000 0
2012.733700 -0.863019 3.590000 0
2012.736500 -7.521542 3.657000 0
2012.739200 -8.049795 3.924000 0
2012.742000 1.967255 3.675000 0
2012.744700 -11.154381 3.758000 0
2012.747400 -2.665183 3.482000 0
2012.750200 -9.076657 3.869000 0
2012.752900 -2.918753 3.353000 0
2012.755600 -4.148971 3.345000 0
2012.758400 -5.733828 3.558000 0
2012.761100 -9.291246 3.952000 0
2012.763900 -2.294277 3.315000 0
2012.766600 -0.596831 3.533000 0
2012.769300 -5.790427 3.743000 0
2012.772100 -4.405591 3.850000 0
2012.774800 -3.893223 3.542000 0
2012.777500 -5.847847 3.554000 0
2012.780300 -11.616988 3.530000 0
2012.783000 -10.188546 3.650000 0
2012.785800 -0.726581 3.902000 0
2012.788500 -2.116003 3.832000 0
2012.791200 3.153668 3.726000 0
2012.794000 4.682923 3.618000 0
2012.796700 -7.704166 3.560000 0
2012.799500 1.706374 3.585000 0
2012.802200 2.079595 3.671000 0
2012.804900 -3.497006 3.614000 0
2012.807700 -5.066905 3.547000 0
2012.810400 -3.886093 3.530000 0
2012.813100 -6.105052 3.810000 0
2012.815900 -3.041232 3.792000 0
2012.818600 -3.259675 3.595000 0
2012.821400 -4.634285 3.482000 0
2012.824100 -6.713145 3.357000 0
2012.826800 -3.012695 3.523000 0
2012.829600 -5.845328 3.444000 0
2012.832300 -2.630197 3.518000 0
2012.835000 -12.057710 3.546000 0
2012.837800 -8.669219 3.766000 0
2012.840500 -4.952958 3.619000 0
2012.843300 -4.983634 3.686000 0
2012.846000 -0.316540 3.582000 0
2012.848700 -11.186016 3.609000 0
2012.851500 -5.098338 3.478000 0
2012.854200 -7.495898 3.540000 0
2012.856900 -4.997988 3.594000 0
2012.859700 -4.098830 3.507000 0
2012.862400 -1.515925 3.600000 0
2012.865200 -5.151711 3.619000 0
2012.867900 -8.682763 3.590000 0
2012.870600 -9.188286 3.671000 0
2012.873400 -8.107407 3.554000 0
2012.876100 -4.746821 3.554000 0
2012.878900 -8.095771 3.448000 0
2012.881600 -7.783038 3.618000 0
2012.884300 -5.620727 3.573000 0
2012.887100 -0.005862 3.532000 0
2012.889800 -5.575352 3.605000 0
2012.892500 -2.804242 3.483000 0
2012.895300 -10.953487 3.370000 0
2012.898000 -10.072135 3.414000 0
2012.900800 1.171920 3.476000 0
2012.903500 -3.669463 3.521000 0
2012.906200 -6.288218 3.411000 0
2012.909000 -17.299185 3.453000 0
2012.911700 -14.929648 3.466000 0
2012.914400 -6.724472 3.394000 0
2012.917200 -6.277428 3.583000 0
2012.919900 -5.052945 3.527000 0
2012.922700 -11.358540 3.549000 0
2012.925400 -13.414744 3.637000 0
2012.928100 -5.817302 3.605000 0
2012.930900 -2.007865 3.614000 0
2012.933600 -2.017110 3.670000 0
2012.936300 -2.425713 3.261000 0
2012.939100 -11.541254 3.442000 0
2012.941800 -3.077554 3.674000 0
2012.944600 -3.275750 3.455000 0
2012.947300 -0.785761 3.403000 0
2012.950000 -4.608145 3.316000 0
2012.952800 -2.176367 3.947000 0
2012.955500 -10.516489 3.555000 0
2012.958200 1.803001 3.524000 0
2012.961000 2.504703 3.731000 0
2012.963700 2.433417 3.612000 0
2012.966500 -1.339625 3.523000 0
2012.969200 1.664284 3.580000 0
2012.971900 -4.460232 3.596000 0
2012.974700 -7.616466 3.381000 0
2012.977400 -0.219839 3.314000 0
2012.980200 1.580092 3.497000 0
2012.982900 -4.067178 3.669000 0
2012.985600 -5.535923 3.313000 0
2012.988400 -0.769337 3.335000 0
2012.991100 -1.976045 3.644000 0
2012.993800 2.053738 3.429000 0
2012.996600 -7.980129 3.531000 0
2012.999300 -7.990383 3.633000 0
2013.002100 -7.650278 3.725000 0
2013.004800 -4.812622 3.569000 0
2013.007500 -0.945540 3.394000 0
2013.010300 -8.366094 3.528000 0
2013.013000 -17.369187 3.634000 0
2013.015700 -12.196897 3.465000 0
2013.018500 -4.626244 3.357000 0
2013.021200 1.223781 3.684000 0
2013.024000 -9.878836 4.076000 0
2013.026700 1.486861 3.906000 0
2013.029400 -6.886136 3.507000 0
2013.032200 5.489211 3.563000 0
2013.034900 -3.171212 3.687000 0
2013.037600 -3.222376 3.575000 0
2013.040400 -10.478219 3.699000 0
2013.043100 -4.580910 3.580000 0
2013.045900 -8.980296 3.470000 0
2013.048600 -6.830581 3.690000 0
2013.051300 -8.119693 3.521000 0
2013.054100 -5.025532 3.363000 0
2013.056800 -8.297342 3.454000 0
2013.059500 -5.397029 3.489000 0
2013.062300 -13.435482 3.639000 0
2013.065000 -6.243972 3.483000 0
2013.067800 -6.030256 3.353000 0
2013.070500 -11.878617 3.481000 0
2013.073200 -10.467941 3.641000 0
2013.076000 -8.223106 3.503000 0
2013.078700 -2.429405 3.490000 0
2013.081500 0.573420 3.726000 0
2013.084200 -4.275921 3.410000 0
2013.086900 -8.374308 3.457000 0
2013.089700 -10.985625 3.457000 0
2013.092400 -8.369154 3.534000 0
2013.095100 -3.049776 3.504000 0
2013.097900 -8.832387 4.638000 0
2013.111600 2.242958 4.959000 0
2013.114300 -8.977756 3.557000 0
2013.117000 -2.845681 3.767000 0
2013.119800 -3.549764 3.628000 0
2013.122500 -9.086158 3.405000 0
2013.125300 -6.613756 3.438000 0
2013.128000 -5.004670 3.347000 0
2013.130700 -7.886859 3.487000 0
2013.133500 -3.726318 3.659000 0
2013.136200 -7.235098 3.614000 0
2013.138900 -4.289186 3.505000 0
2013.141700 -6.879612 4.002000 0
2013.144400 3.912645 3.622000 0
2013.147200 -3.480482 3.526000 0
2013.149900 -0.830921 3.520000 0
2013.152600 -1.845714 3.979000 0
2013.155400 -0.355956 4.603000 0
2013.158100 -3.564494 4.190000 0
2013.160800 -8.087410 3.466000 0
2013.163600 -9.558839 4.605000 0
2013.166300 -4.612542 5.547000 0
2013.169100 -3.517801 3.513000 0
2013.171800 -4.862316 3.555000 0
2013.174500 -13.388237 3.632000 0
2013.177300 -13.033773 3.673000 0
2013.180000 -9.947534 3.724000 0
2013.182800 -1.938948 3.568000 0
2013.185500 -3.764561 3.591000 0
2013.188200 -4.424596 3.656000 0
2013.191000 -2.357341 3.648000 0
2013.193700 -5.794242 3.715000 0
2013.196400 -8.023569 3.491000 0
2013.199200 -10.735657 3.434000 0
2013.201900 -8.225854 3.717000 0
2013.204700 -4.728842 3.354000 0
2013.207400 4.506093 3.822000 0
2013.210100 -8.288395 3.796000 0
2013.212900 -4.134718 3.745000 0
2013.215600 -13.207063 3.563000 0
2013.218300 -3.336825 3.537000 0
2013.221100 1.266541 3.495000 0
2013.223800 0.204940 3.425000 0
2013.226600 1.884445 3.297000 0
2013.229300 -3.879976 3.279000 0
2013.232000 -5.582793 3.474000 0
2013.234800 -3.882534 3.774000 0
2013.237500 -9.771141 3.494000 0
2013.240200 -9.212126 3.479000 0
2013.243000 -12.400059 3.405000 0
2013.245700 -5.922795 3.619000 0
2013.248500 -5.524492 3.695000 0
2013.251200 -3.966949 3.652000 0
2013.253900 -7.410748 3.946000 0
2013.256700 -8.792523 3.686000 0
2013.259400 -8.710994 3.474000 0
2013.262100 -9.669783 3.537000 0
2013.264900 -6.044555 3.821000 0
2013.267600 0.043039 3.921000 0
2013.270400 -12.852354 4.397000 0
2013.273100 -11.601338 4.279000 0
2013.275800 -0.709592 4.129000 0
2013.278600 2.852168 3.777000 0
2013.281300 -2.501602 3.720000 0
2013.284100 -5.591356 3.544000 0
2013.286800 -4.055600 3.540000 0
2013.289500 2.836940 3.458000 0
2013.292300 -1.216495 3.644000 0
2013.295000 -3.866362 3.606000 0
2013.297700 2.068588 3.621000 0
2013.300500 -6.111423 3.518000 0
2013.303200 -6.056811 3.474000 0
2013.306000 -7.160150 3.556000 0
2013.308700 -5.867830 3.738000 0
2013.311400 -1.536637 3.715000 0
2013.314200 -7.114372 3.506000 0
2013.316900 -18.116401 3.735000 0
2013.319600 -6.274522 3.598000 0
2013.322400 -7.872548 3.606000 0
2013.325100 -4.397823 4.084000 0
2013.327900 -12.047984 3.859000 0
2013.330600 -4.356366 3.733000 0
2013.333300 -15.323784 3.579000 0
2013.336100 -7.291060 3.501000 0
2013.338800 -5.227520 3.420000 0
2013.341500 -7.424984 3.533000 0
2013.344300 -10.113274 3.631000 0
2013.347000 -12.324716 3.653000 0
2013.349800 -12.102961 3.693000 0
2013.352500 -10.048340 3.790000 0
2013.355200 -14.312674 4.197000 0
2013.358000 -4.599776 4.010000 0
2013.360700 -10.219989 3.682000 0
2013.363400 -13.390130 3.787000 0
2013.366200 -8.247005 3.867000 0
2013.368900 0.228028 3.785000 0
2013.371700 1.473349 3.811000 0
2013.374400 -5.431412 3.646000 0
2013.377100 -8.540062 3.921000 0
2013.379900 -8.022388 3.725000 0
2013.382600 -1.212789 3.734000 0
2013.385400 0.916157 3.764000 0
2013.388100 -8.739970 3.877000 0
2013.390800 -3.385953 6.097000 0
2013.393600 -7.091556 3.658000 0
2013.396300 -4.504231 3.668000 0
2013.399000 -6.872749 3.716000 0
2013.401800 -5.300856 3.691000 0
2013.404500 -5.515040 3.775000 0
2013.407300 -9.019794 3.746000 0
2013.410000 0.306367 3.743000 0
2013.412700 -0.612297 3.630000 0
2013.415500 -3.515503 4.448000 0
2013.418200 -5.531808 3.901000 0
2013.420900 -5.718933 3.817000 0
2013.423700 -4.363577 3.574000 0
2013.426400 -1.781337 3.694000 0
2013.429200 -1.321601 4.127000 0
2013.431900 -2.747995 3.929000 0
2013.434600 -7.490210 4.134000 0
2013.437400 -8.834913 4.177000 0
2013.440100 1.584230 3.831000 0
2013.442800 -5.261453 3.847000 0
2013.445600 1.114389 4.011000 0
2013.448300 -4.863950 3.697000 0
2013.451100 -4.674757 4.059000 0
2013.453800 -7.828765 4.243000 0
2013.456500 -6.486617 4.011000 0
2013.459300 -5.686932 4.155000 0
2013.462000 -11.376480 3.760000 0
2013.464800 -8.090491 3.959000 0
2013.467500 -0.507756 3.879000 0
2013.470200 -3.558892 3.667000 0
2013.473000 -0.017494 3.865000 0
2013.475700 0.792615 4.299000 0
2013.478400 -5.122167 4.153000 0
2013.481200 -3.415425 3.832000 0
2013.483900 -2.524006 3.861000 0
2013.486700 -5.170073 3.663000 0
2013.489400 -7.864487 3.678000 0
2013.492100 -2.781831 4.010000 0
2013.494900 -6.000680 3.647000 0
2013.497600 -5.530911 3.795000 0
2013.500300 -11.462099 3.675000 0
2013.503100 -18.343815 3.709000 0
2013.505800 -8.683947 3.868000 0
2013.508600 -7.058627 4.075000 0
2013.511300 -8.438744 3.902000 0
2013.514000 -17.565869 4.035000 0
2013.516800 -7.924575 3.889000 0
2013.519500 -8.634749 3.896000 0
2013.522200 -6.529964 3.879000 0
2013.525000 -11.157797 3.956000 0
2013.527700 -20.258128 3.788000 0
2013.530500 -11.630105 4.132000 0
2013.533200 1.143402 3.962000 0
2013.535900 -4.362187 3.890000 0
2013.538700 -8.289468 3.739000 0
2013.541400 -16.101289 3.652000 0
2013.544100 -9.646241 3.846000 0
2013.546900 -13.822934 3.877000 0
2013.549600 -7.781187 3.753000 0
2013.552400 -10.644216 3.840000 0
2013.555100 -10.920817 3.675000 0
2013.557800 -9.513606 3.757000 0
2013.560600 -3.402227 3.735000 0
2013.563300 -8.564432 3.677000 0
2013.566100 -9.122509 3.819000 0
2013.568800 -20.950176 3.717000 0
2013.571500 -3.916086 3.816000 0
2013.574300 -11.057927 3.780000 0
2013.577000 -6.769364 3.760000 0
2013.579700 -10.648075 3.777000 0
2013.582500 -6.927779 3.721000 0
2013.585200 -10.628079 3.785000 0
2013.588000 -2.350414 3.475000 0
2013.590700 0.482659 3.837000 0
2013.593400 -4.480590 3.712000 0
2013.596200 -10.870938 3.515000 0
2013.598900 -10.297869 3.588000 0
2013.601600 -12.821148 3.579000 0
2013.604400 -4.484589 3.722000 0
2013.607100 -11.773599 3.666000 0
2013.609900 -4.337814 3.901000 0
2013.612600 -7.916584 3.630000 0
2013.615300 -8.871738 3.693000 0
2013.618100 -10.598160 3.588000 0
2013.620800 -11.567113 3.640000 0
2013.623500 -4.461466 3.743000 0
2013.626300 -12.973149 3.815000 0
2013.629000 -8.124333 3.624000 0
2013.631800 -16.385887 3.650000 0
2013.634500 -4.160918 3.642000 0
2013.637200 -3.671370 3.677000 0
2013.640000 -7.252249 3.838000 0
2013.642700 -15.046567 3.917000 0
2013.645400 -13.274313 3.519000 0
2013.648200 -9.102540 3.827000 0
2013.650900 -14.009162 3.860000 0
2013.653700 -11.374299 3.729000 0
2013.656400 -11.007799 3.693000 0
2013.659100 -15.538729 3.732000 0
2013.661900 -6.621222 3.468000 0
2013.664600 -8.416026 3.726000 0
2013.667400 -6.016420 3.895000 0
2013.670100 -6.500090 3.794000 0
2013.672800 -8.947180 3.662000 0
2013.675600 -0.286900 3.728000 0
2013.678300 -6.383837 3.670000 0
2013.681000 -3.768183 3.482000 0
2013.683800 -14.832191 3.891000 0
2013.686500 -7.895355 3.814000 0
2013.689300 -9.812199 3.619000 0
2013.692000 -6.017158 3.649000 0
2013.694700 -9.675496 3.743000 0
2013.697500 -11.482537 3.787000 0
2013.700200 -3.779627 3.572000 0
2013.702900 -10.487074 3.853000 0
2013.705700 -6.768238 3.671000 0
2013.708400 -17.818385 3.603000 0
2013.711200 -3.580256 3.891000 0
2013.713900 -8.720065 3.622000 0
2013.716600 -9.282182 3.562000 0
2013.719400 -3.377027 3.689000 0
2013.722100 -7.636742 4.073000 0
2013.724800 -1.238732 3.379000 0
2013.727600 -4.962445 3.459000 0
2013.730300 -6.423960 3.542000 0
2013.733100 -8.651191 3.553000 0
2013.735800 -4.239179 3.527000 0
2013.738500 -7.868379 3.542000 0
2013.741300 -6.335278 3.714000 0
2013.744000 -12.843868 3.904000 0
2013.746700 -7.687628 3.614000 0
2013.749500 -14.288063 3.602000 0
2013.752200 -3.234125 3.775000 0
2013.755000 -3.529841 3.774000 0
2013.757700 -5.793143 3.675000 0
2013.760400 -8.302540 3.558000 0
2013.763200 -6.294552 3.735000 0
2013.765900 -3.420093 3.496000 0
2013.768700 -9.055220 3.431000 0
2013.771400 -7.391838 3.577000 0
2013.774100 -6.884469 3.405000 0
2013.776900 -3.235638 3.609000 0
2013.779600 -8.860245 3.818000 0
2013.782300 -9.850815 3.783000 0
2013.785100 -16.902868 5.070000 0
2013.787800 -14.874311 3.698000 0
2013.790600 -3.812196 3.376000 0
2013.793300 -6.649442 3.629000 0
2013.796000 0.436434 3.576000 0
2013.798800 -16.842066 3.594000 0
2013.801500 -5.834888 3.462000 0
2013.804200 0.944463 3.637000 0
2013.807000 -7.545490 3.454000 0
2013.809700 -10.668734 3.572000 0
2013.812500 -12.663232 3.489000 0
2013.815200 -13.747002 3.604000 0
2013.817900 -14.409514 3.663000 0
2013.820700 -10.656201 3.669000 0
2013.823400 -14.999138 3.820000 0
2013.826100 -13.668770 3.658000 0
2013.828900 -12.607492 3.788000 0
2013.831600 -18.455452 4.179000 0
2013.834400 -8.849444 3.694000 0
2013.837100 -16.039669 3.852000 0
2013.839800 -19.030510 3.545000 0
2013.842600 -15.592295 3.814000 0
2013.845300 -18.274311 3.806000 0
2013.848000 -11.860900 3.906000 0
2013.850800 -17.972343 3.849000 0
2013.853500 -17.046022 3.631000 0
2013.856300 -11.794492 3.834000 0
2013.859000 -10.814208 3.676000 0
2013.861700 -8.880432 3.761000 0
2013.864500 -3.977355 3.835000 0
2013.867200 21.398458 3.390000 0
2013.870000 29.172634 3.494000 0
2013.872700 31.809529 3.351000 0
2013.875400 37.467972 3.423000 0
2013.878200 31.388870 3.434000 0
2013.880900 26.513456 3.629000 0
2013.883600 21.693616 3.546000 0
2013.886400 0.086323 3.279000 0
2013.889100 -0.581321 3.387000 0
2013.891900 -5.245358 3.472000 0
2013.894600 1.290224 3.589000 0
2013.897300 -2.072584 3.398000 0
2013.900100 4.852304 3.568000 0
2013.902800 -4.406241 3.501000 0
2013.905500 2.014841 3.478000 0
2013.908300 3.231704 3.358000 0
2013.911000 0.922075 3.244000 0
2013.913800 -6.304717 3.362000 0
2013.916500 -0.824043 3.453000 0
2013.919200 6.993273 3.582000 0
2013.922000 3.853504 3.325000 0
2013.924700 8.290134 3.329000 0
2013.927400 8.723409 3.462000 0
2013.930200 4.584671 3.421000 0
2013.932900 2.415260 3.411000 0
2013.935700 -3.126118 3.494000 0
2013.938400 4.575778 3.701000 0
2013.941100 7.202313 3.369000 0
2013.943900 2.283946 3.297000 0
2013.946600 2.885772 3.431000 0
2013.949300 6.968226 3.435000 0
2013.952100 4.924837 3.364000 0
2013.954800 5.592556 3.379000 0
2013.957600 4.325467 4.306000 0
2013.960300 5.506427 3.322000 0
2013.963000 2.665988 3.281000 0
2013.965800 8.648787 3.384000 0
2013.968500 12.748546 3.332000 0
2013.971300 9.038572 3.691000 0
2013.974000 13.859497 3.563000 0
2013.976700 0.536981 3.339000 0
2013.979500 2.860766 3.280000 0
2013.982200 8.744357 3.315000 0
2013.984900 7.867477 3.251000 0
2013.987700 4.048926 3.530000 0
2013.990400 2.330089 3.329000 0
2013.993200 7.029594 3.292000 0
2013.995900 11.646751 3.362000 0
2013.998600 8.500378 3.409000 0
2014.001400 4.520362 3.486000 0
2014.004100 12.168905 3.528000 0
2014.006800 8.080878 3.364000 0
2014.009600 5.266215 3.491000 0
2014.012300 7.222020 6.372000 0
2014.015100 5.406189 3.398000 0
2014.017800 -0.676232 3.365000 0
2014.020500 -6.122297 3.395000 0
2014.023300 -1.858004 3.762000 0
2014.026000 7.770611 3.521000 0
2014.028700 10.428536 3.432000 0
2014.031500 4.942807 3.534000 0
2014.034200 11.375315 3.435000 0
2014.037000 4.412155 3.271000 0
2014.039700 3.587179 3.299000 0
2014.042400 0.864432 3.289000 0
2014.045200 9.124992 3.374000 0
2014.047900 5.209659 3.364000 0
2014.050700 6.942612 5.520000 0
2014.053400 5.746624 3.732000 0
2014.056100 0.279779 3.239000 0
2014.058900 6.050186 3.461000 0
2014.061600 -2.670418 3.604000 0
2014.064300 -1.589929 3.281000 0
2014.067100 3.427770 3.437000 0
2014.069800 6.796396 3.492000 0
2014.072600 5.055201 3.322000 0
2014.075300 3.809895 3.456000 0
2014.078000 -1.152403 3.470000 0
2014.080800 5.812427 3.430000 0
2014.083500 7.266095 3.521000 0
2014.086200 7.337722 3.593000 0
2014.089000 13.113422 3.812000 0
2014.091700 12.089915 3.553000 0
2014.094500 11.253443 3.436000 0
2014.097200 1.345738 3.454000 0
2014.099900 -0.461087 3.426000 0
2014.102700 4.246062 3.523000 0
2014.105400 0.078945 3.373000 0
2014.108100 4.451664 3.478000 0
2014.110900 11.059293 3.799000 0
2014.113600 -0.044368 3.470000 0
2014.116400 7.138838 3.559000 0
2014.119100 11.250741 3.363000 0
2014.121800 16.872410 3.360000 0
2014.124600 7.444880 3.305000 0
2014.127300 8.839035 3.240000 0
2014.130000 8.356919 3.546000 0
2014.132800 9.690537 3.503000 0
2014.135500 8.975835 3.549000 0
2014.138300 10.397822 3.605000 0
2014.141000 9.546488 3.423000 0
2014.143700 4.103830 3.645000 0
2014.146500 5.968795 3.684000 0
2014.149200 5.612447 3.402000 0
2014.152000 10.854676 3.414000 0
2014.154700 13.155603 4.736000 0
2014.157400 5.373161 3.498000 0
2014.160200 10.698232 3.706000 0
2014.162900 9.528019 3.419000 0
2014.165600 9.110417 3.431000 0
2014.168400 7.735265 3.591000 0
2014.171100 7.221854 3.704000 0
2014.173900 3.676853 3.707000 0
2014.176600 4.443613 3.631000 0
2014.179300 8.470961 3.470000 0
2014.182100 10.690659 3.450000 0
2014.184800 2.484155 3.414000 0
2014.187500 12.997229 3.468000 0
2014.190300 8.122599 3.392000 0
2014.193000 7.619808 3.317000 0
2014.195800 2.839279 3.405000 0
2014.198500 5.871619 3.353000 0
2014.201200 7.709532 3.452000 0
2014.204000 10.035659 3.701000 0
2014.206700 15.814704 3.442000 0
2014.209400 13.929325 3.263000 0
2014.212200 7.320116 3.406000 0
2014.214900 6.965879 3.453000 0
2014.217700 6.682785 3.242000 0
2014.220400 11.998701 3.374000 0
2014.223100 12.292207 3.521000 0
2014.225900 9.491821 3.467000 0
2014.228600 2.506503 3.414000 0
2014.231300 6.229788 3.569000 0
2014.234100 12.091151 3.469000 0
2014.236800 5.651644 3.475000 0
2014.239600 9.620197 3.663000 0
2014.242300 1.274922 3.419000 0
2014.245000 8.223280 3.478000 0
2014.247800 15.783679 3.488000 0
2014.250500 14.804312 3.456000 0
2014.253300 7.988975 3.404000 0
2014.256000 8.195915 3.578000 0
2014.258700 10.280527 3.351000 0
2014.261500 18.075158 3.789000 0
2014.264200 10.861129 3.454000 0
2014.266900 14.768800 3.417000 0
2014.269700 6.924484 3.320000 0
2014.272400 4.008571 3.376000 0
2014.275200 8.370670 3.460000 0
2014.277900 4.869214 3.502000 0
2014.280600 11.525508 3.412000 0
2014.283400 3.472817 3.773000 0
2014.286100 9.872631 3.696000 0
2014.288800 8.535226 4.469000 0
2014.291600 1.437845 3.474000 0
2014.294300 7.033027 3.531000 0
2014.297100 5.713242 3.467000 0
2014.299800 4.374057 3.301000 0
2014.302500 6.502709 3.336000 0
2014.305300 4.346410 3.390000 0
2014.308000 8.101764 3.444000 0
2014.310700 6.478989 3.592000 0
2014.313500 4.634283 3.313000 0
2014.316200 13.403280 3.382000 0
2014.319000 17.027362 3.478000 0
2014.321700 13.922176 3.588000 0
2014.324400 10.481919 3.753000 0
2014.327200 3.259772 3.621000 0
2014.329900 8.529402 3.229000 0
2014.332600 6.676992 3.307000 0
2014.335400 7.248721 3.393000 0
2014.338100 7.083265 3.385000 0
2014.340900 8.171969 3.296000 0
2014.343600 11.674508 3.390000 0
2014.346300 4.497061 3.500000 0
2014.349100 0.528808 3.558000 0
2014.351800 1.227419 3.634000 0
2014.354600 9.074246 3.446000 0
2014.357300 14.725954 3.206000 0
2014.360000 5.497724 3.363000 0
2014.362800 3.535744 3.822000 0
2014.365500 8.337666 3.477000 0
2014.368200 3.328675 3.377000 0
2014.371000 7.106970 3.438000 0
2014.373700 8.595180 3.517000 0
2014.376500 2.597700 3.567000 0
2014.379200 5.410142 3.850000 0
2014.381900 10.810708 3.400000 0
2014.384700 6.674617 3.503000 0
2014.387400 3.106455 3.810000 0
2014.390100 7.106434 3.549000 0
2014.392900 15.744791 3.417000 0
2014.395600 15.705075 3.507000 0
2014.398400 21.702757 3.908000 0
2014.401100 3.663365 3.920000 0
2014.403800 15.592137 3.925000 0
2014.406600 11.848338 3.528000 0
2014.409300 9.486455 3.734000 0
2014.412000 7.663745 3.765000 0
2014.414800 10.978491 3.630000 0
2014.417500 7.442141 3.762000 0
2014.420300 6.616262 3.611000 0
2014.423000 6.014276 3.618000 0
2014.425700 12.671470 3.523000 0
2014.428500 8.811158 3.471000 0
2014.431200 8.948718 3.370000 0
2014.433900 3.851456 3.545000 0
2014.436700 18.346706 3.609000 0
2014.439400 16.025804 3.614000 0
2014.442200 12.521423 3.698000 0
2014.444900 5.843872 3.774000 0
2014.447600 11.828491 3.939000 0
2014.450400 11.566639 3.745000 0
2014.453100 11.453590 3.764000 0
2014.455900 2.891076 3.646000 0
2014.458600 10.709342 3.800000 0
2014.461300 8.230757 3.600000 0
2014.464100 -0.216291 3.731000 0
2014.466800 8.726409 3.756000 0
2014.469500 5.894240 3.667000 0
2014.472300 14.325605 3.621000 0
2014.475000 21.829685 3.822000 0
2014.477800 10.055292 3.736000 0
2014.480500 9.307591 3.585000 0
2014.483200 6.530986 3.730000 0
2014.486000 13.660896 3.583000 0
2014.488700 5.582463 3.601000 0
2014.491400 8.439101 3.345000 0
2014.494200 10.893237 3.512000 0
2014.496900 5.187995 3.555000 0
2014.499700 8.320234 3.543000 0
2014.502400 7.963072 3.662000 0
2014.505100 3.866935 3.543000 0
2014.507900 6.748253 3.521000 0
2014.510600 7.707137 3.577000 0
2014.513300 10.184014 3.356000 0
2014.516100 5.686315 3.688000 0
2014.518800 8.120149 3.427000 0
2014.521600 6.763382 3.519000 0
2014.524300 7.440128 3.599000 0
2014.527000 5.199814 3.492000 0
2014.529800 9.204858 3.415000 0
2014.532500 3.565388 3.647000 0
2014.535200 11.169825 3.391000 0
2014.538000 11.761574 3.599000 0
2014.540700 11.613785 3.385000 0
2014.543500 13.199277 3.312000 0
2014.546200 15.095215 3.381000 0
2014.548900 10.054003 3.443000 0
2014.551700 2.863019 3.352000 0
2014.554400 -1.179535 3.310000 0
2014.557200 8.886103 3.725000 0
2014.559900 -2.868840 3.537000 0
2014.562600 7.693010 3.391000 0
2014.565400 10.549994 3.473000 0
2014.568100 7.446388 3.300000 0
2014.570800 3.232542 3.420000 0
2014.573600 3.025770 3.455000 0
2014.576300 4.734402 3.213000 0
2014.579100 10.254068 3.372000 0
2014.581800 11.166137 3.713000 0
2014.584500 2.669914 3.216000 0
2014.587300 12.326662 3.459000 0
2014.590000 7.834817 3.482000 0
2014.592700 6.349652 3.382000 0
2014.595500 9.156394 3.307000 0
2014.598200 8.741551 3.632000 0
2014.601000 8.643572 3.528000 0
2014.603700 6.025018 3.542000 0
2014.606400 3.238103 3.620000 0
2014.609200 0.962988 3.425000 0
2014.611900 5.938316 3.394000 0
2014.614600 4.739263 3.408000 0
2014.617400 3.835946 3.457000 0
2014.620100 2.405096 3.343000 0
2014.622900 0.137942 3.335000 0
2014.625600 2.784273 3.422000 0
2014.628300 2.625197 3.400000 0
2014.631100 7.779754 3.330000 0
2014.633800 1.586832 3.577000 0
2014.636600 7.969506 3.692000 0
2014.639300 5.731724 3.372000 0
2014.642000 10.392517 3.328000 0
2014.644800 1.703851 3.361000 0
2014.647500 1.535771 3.418000 0
2014.650200 2.662261 3.559000 0
2014.653000 0.713239 3.667000 0
2014.655700 12.257851 3.388000 0
2014.658500 10.759920 3.563000 0
2014.661200 8.234655 3.269000 0
2014.663900 19.578962 3.384000 0
2014.666700 7.403682 3.619000 0
2014.669400 1.910122 3.395000 0
2014.672100 7.109141 3.400000 0
2014.674900 3.496533 3.582000 0
2014.677600 5.946703 3.476000 0
2014.680400 -1.275776 3.422000 0
2014.683100 8.449563 3.473000 0
2014.685800 10.735502 3.295000 0
2014.688600 12.369762 3.467000 0
2014.691300 5.455903 3.328000 0
2014.694000 9.565663 3.648000 0
2014.696800 6.056721 3.541000 0
2014.699500 -0.093275 3.578000 0
2014.702300 8.407017 3.399000 0
2014.705000 1.372298 3.420000 0
2014.707700 -3.752762 3.459000 0
2014.710500 0.945455 3.674000 0
2014.713200 8.775728 3.429000 0
2014.715900 10.873690 3.414000 0
2014.718700 7.669924 3.460000 0
2014.721400 6.839283 3.409000 0
2014.724200 6.191917 3.321000 0
2014.726900 4.242720 3.423000 0
2014.729600 4.486269 3.315000 0
2014.732400 5.822101 3.439000 0
2014.735100 4.289170 3.191000 0
2014.737900 7.501533 3.492000 0
2014.740600 6.039177 3.537000 0
2014.743300 5.992633 3.389000 0
2014.746100 6.802404 3.499000 0
2014.748800 5.274521 3.269000 0
2014.751500 4.399494 3.762000 0
2014.754300 6.321811 3.456000 0
2014.757000 2.678535 3.457000 0
2014.759800 16.348628 3.282000 0
2014.762500 6.945169 3.445000 0
2014.765200 5.765643 3.268000 0
2014.768000 12.866526 3.340000 0
2014.770700 5.086915 3.531000 0
2014.773400 18.886286 3.576000 0
2014.776200 3.760114 3.472000 0
2014.778900 2.067500 3.341000 0
2014.781700 0.963379 3.620000 0
2014.784400 7.835849 3.375000 0
2014.787100 8.056386 3.253000 0
2014.789900 12.168476 3.222000 0
2014.792600 8.397201 3.253000 0
2014.795300 9.589044 3.273000 0
2014.798100 3.953505 3.384000 0
2014.800800 2.779640 3.491000 0
2014.803600 8.816441 3.556000 0
2014.806300 6.265939 3.650000 0
2014.809000 4.431639 3.435000 0
2014.811800 1.251080 3.307000 0
2014.814500 11.521246 3.238000 0
2014.817200 6.960665 3.172000 0
2014.820000 8.761903 3.297000 0
2014.822700 7.906889 3.322000 0
2014.825500 6.001748 3.269000 0
2014.828200 5.181366 3.224000 0
2014.830900 5.442317 3.242000 0
2014.833700 4.028228 3.325000 0
2014.836400 0.089906 3.260000 0
2014.839200 1.529604 3.462000 0
2014.841900 10.870071 3.472000 0
2014.844600 4.448947 4.705000 0
2014.847400 0.872932 3.709000 0
2014.850100 4.105684 3.431000 0
2014.852800 2.586886 3.514000 0
2014.855600 8.205288 4.090000 0
2014.858300 17.433447 4.167000 0
2014.861100 16.272869 4.468000 0
2014.863800 -0.143965 3.449000 0
2014.866500 9.530713 3.331000 0
2014.869300 2.057747 3.312000 0
2014.872000 5.868502 3.393000 0
2014.874700 12.481802 3.519000 0
2014.877500 8.995550 3.579000 0
2014.880200 2.430987 3.435000 0
2014.883000 5.833935 3.439000 0
2014.885700 9.067548 3.498000 0
2014.888400 8.420750 3.953000 0
2014.891200 12.529552 4.020000 0
2014.893900 13.936975 3.650000 0
2014.896600 9.731009 3.396000 0
2014.899400 -0.506269 3.569000 0
2014.902100 0.479024 3.579000 0
2014.904900 5.486063 3.273000 0
2014.907600 2.958635 3.359000 0
2014.910300 2.507842 3.446000 0
2014.913100 4.295877 3.337000 0
2014.915800 0.244385 3.487000 0
2014.918500 3.840535 3.593000 0
2014.921300 13.711592 3.438000 0
2014.924000 4.599055 3.305000 0
2014.926800 2.647475 3.399000 0
2014.929500 2.580252 3.330000 0
2014.932200 5.364673 3.393000 0
2014.935000 6.761122 3.439000 0
2014.937700 4.445852 3.298000 0
2014.940500 4.855655 3.319000 0
2014.943200 7.622685 3.377000 0
2014.945900 4.755347 3.273000 0
2014.948700 7.568143 3.280000 0
2014.951400 11.377082 3.315000 0
2014.954100 12.540642 3.384000 0
2014.956900 3.845389 3.367000 0
2014.959600 4.657192 3.216000 0
2014.962400 6.061217 3.413000 0
2014.965100 3.751239 3.587000 0
2014.967800 4.613847 3.304000 0
2014.970600 5.805719 3.207000 0
2014.973300 12.604497 3.473000 0
2014.976000 11.977837 3.287000 0
2014.978800 9.125475 3.204000 0
2014.981500 7.920928 3.217000 0
2014.984300 6.045700 3.286000 0
2014.987000 2.948223 3.385000 0
2014.989700 2.756256 3.247000 0
2014.992500 3.688630 3.176000 0
2014.995200 7.716663 3.224000 0
2014.997900 4.697169 6.733000 0
2015.000700 5.434031 3.225000 0
2015.003400 2.041461 3.313000 0
2015.006200 4.303252 3.208000 0
2015.008900 7.030550 3.334000 0
2015.011600 1.678253 3.243000 0
2015.014400 0.278320 3.241000 0
2015.017100 7.561803 3.453000 0
2015.019800 -3.214353 3.366000 0
2015.022600 0.709850 3.320000 0
2015.025300 -0.101618 3.405000 0
2015.028100 -5.570734 3.405000 0
2015.030800 -1.978579 3.380000 0
2015.033500 0.486859 3.175000 0
2015.036300 4.875631 3.163000 0
2015.039000 1.274593 3.200000 0
2015.041800 -4.163127 3.191000 0
2015.044500 8.673292 3.194000 0
2015.047200 1.876910 3.259000 0
2015.050000 5.622818 3.367000 0
2015.052700 8.887789 3.197000 0
2015.055400 1.859909 3.305000 0
2015.058200 -0.530717 3.311000 0
2015.060900 1.693653 3.619000 0
2015.063700 -0.906750 3.511000 0
2015.066400 2.111800 3.409000 0
2015.069100 7.047412 3.325000 0
2015.071900 1.846207 3.229000 0
2015.074600 11.011896 3.382000 0
2015.077300 3.188598 3.200000 0
2015.080100 -3.837568 3.243000 0
2015.082800 4.522108 3.294000 0
2015.085600 2.169881 3.276000 0
2015.088300 5.472464 3.269000 0
2015.091000 -3.305022 3.448000 0
2015.093800 0.475532 3.228000 0
2015.096500 -0.851144 3.322000 0
2015.099200 0.516063 3.395000 0
2015.102000 -1.322750 4.264000 0
2015.104700 2.985174 3.343000 0
2015.107500 2.580035 3.293000 0
2015.110200 9.057615 3.408000 0
2015.112900 -1.178994 3.524000 0
2015.115700 -4.285731 3.283000 0
2015.118400 4.154230 3.496000 0
2015.121100 4.291961 3.382000 0
2015.123900 3.560499 3.502000 0
2015.126600 4.092722 3.322000 0
2015.129400 4.087707 3.446000 0
2015.132100 0.117373 3.563000 0
2015.134800 5.905747 3.401000 0
2015.137600 4.236817 3.512000 0
2015.140300 7.114566 3.439000 0
2015.143100 11.412966 3.481000 0
2015.145800 1.405049 3.634000 0
2015.148500 2.831790 3.462000 0
2015.151300 10.223116 3.454000 0
2015.154000 7.868136 3.382000 0
2015.156700 1.812790 3.408000 0
2015.159500 3.603963 3.288000 0
2015.162200 4.588850 3.472000 0
2015.165000 2.675212 3.226000 0
2015.167700 6.211304 3.556000 0
2015.170400 13.090997 3.526000 0
2015.173200 5.859105 3.449000 0
2015.175900 -2.225028 3.376000 0
2015.178600 3.282427 3.390000 0
2015.181400 1.634237 3.388000 0
2015.184100 -0.667158 3.564000 0
2015.186900 13.617766 3.345000 0
2015.189600 -1.318490 3.389000 0
2015.192300 -0.002170 3.740000 0
2015.195100 2.211415 3.497000 0
2015.197800 3.187866 3.491000 0
2015.200500 6.345890 3.561000 0
2015.203300 3.605131 3.427000 0
2015.206000 7.331287 3.532000 0
2015.208800 1.487629 3.484000 0
2015.211500 3.572922 3.312000 0
2015.214200 -0.159207 3.404000 0
2015.217000 4.140811 3.409000 0
2015.219700 0.770835 3.323000 0
2015.222500 8.508980 3.323000 0
2015.225200 7.963169 3.187000 0
2015.227900 5.377955 3.415000 0
2015.230700 8.409831 3.752000 0
2015.233400 3.586810 3.384000 0
2015.236100 4.575402 3.359000 0
2015.238900 7.671058 3.585000 0
2015.241600 -1.700121 3.442000 0
2015.244400 5.208748 3.455000 0
2015.247100 5.318826 3.630000 0
2015.249800 6.866550 3.446000 0
2015.252600 4.502304 3.280000 0
2015.255300 -0.516669 3.312000 0
2015.258000 1.481027 3.164000 0
2015.260800 3.316743 3.370000 0
2015.263500 5.011794 3.406000 0
2015.266300 10.383859 3.581000 0
2015.269000 5.983302 3.430000 0
2015.271700 1.406461 3.903000 0
2015.274500 6.900633 3.679000 0
2015.277200 8.721244 3.533000 0
2015.279900 6.162601 3.479000 0
2015.282700 -3.742026 3.563000 0
2015.285400 7.819846 3.528000 0
2015.288200 0.839739 3.631000 0
2015.290900 -6.512829 3.854000 0
2015.307300 7.357350 3.329000 0
2015.310100 0.802800 3.263000 0
2015.312800 17.041932 3.900000 0
2015.315500 10.121955 3.719000 0
2015.340200 -12.990247 9.665000 0
2015.342900 8.381291 3.327000 0
2015.345700 7.680008 3.610000 0
2015.348400 15.230579 3.476000 0
2015.351100 4.794180 3.539000 0
2015.353900 11.677995 3.473000 0
2015.356600 4.951689 3.522000 0
2015.359300 3.419442 3.688000 0
2015.362100 10.810443 3.852000 0
2015.364800 3.738343 3.636000 0
2015.367600 10.369515 3.520000 0
2015.370300 2.992597 3.420000 0
2015.373000 6.116780 3.556000 0
2015.375800 2.831269 3.620000 0
2015.378500 4.488680 3.627000 0
2015.381200 8.150213 3.567000 0
2015.384000 0.583087 3.525000 0
2015.386700 3.017889 3.513000 0
2015.389500 -3.759946 3.604000 0
2015.392200 4.374147 3.537000 0
2015.394900 2.401392 3.551000 0
2015.397700 -1.572968 3.655000 0
2015.400400 2.221597 3.660000 0
2015.403100 -9.923674 3.657000 0
2015.405900 -0.165519 3.600000 0
2015.408600 -4.680446 3.498000 0
2015.411400 0.005071 3.522000 0
2015.414100 4.249498 3.376000 0
2015.416800 -5.295899 3.459000 0
2015.419600 -3.831825 3.313000 0
2015.422300 5.275142 3.484000 0
2015.425100 7.193595 3.678000 0
2015.427800 8.998929 3.532000 0
2015.430500 3.781442 3.531000 0
2015.433300 7.021460 3.524000 0
2015.436000 26.636336 16.576000 0
2015.438700 5.335389 3.919000 0
2015.441500 8.134961 3.920000 0
2015.444200 3.566367 3.627000 0
2015.447000 -4.292700 3.920000 0
2015.449700 0.828046 3.860000 0
2015.452400 -3.746044 3.591000 0
2015.455200 4.375399 3.748000 0
2015.457900 -1.484373 4.412000 0
2015.460600 8.026004 3.869000 0
2015.463400 -6.105082 3.911000 0
2015.466100 2.548583 3.547000 0
2015.468900 2.865783 3.532000 0
2015.471600 6.578713 3.635000 0
2015.474300 -1.388238 3.621000 0
2015.477100 -11.168660 3.805000 0
2015.479800 -1.237387 3.471000 0
2015.482500 7.422983 3.389000 0
2015.485300 11.784871 3.360000 0
2015.488000 8.082418 3.464000 0
2015.490800 6.430470 3.629000 0
2015.493500 8.651158 3.752000 0
2015.496200 1.296903 3.677000 0
2015.499000 3.534131 3.689000 0
2015.501700 -0.281039 3.770000 0
2015.504400 4.007818 3.542000 0
2015.507200 2.594134 3.554000 0
2015.509900 -4.037983 3.391000 0
2015.512700 -1.881663 3.552000 0
2015.515400 0.365203 3.482000 0
2015.518100 0.744045 3.404000 0
2015.520900 4.881289 3.445000 0
2015.523600 5.486049 3.262000 0
2015.526400 4.126184 4.097000 0
2015.529100 4.552816 3.509000 0
2015.531800 3.563368 3.329000 0
2015.534600 5.532253 3.603000 0
2015.537300 4.147609 3.737000 0
2015.540000 31.487851 6.866000 0
2015.542800 7.314378 3.560000 0
2015.545500 9.246354 3.407000 0
2015.548300 5.195580 3.558000 0
2015.551000 12.513243 3.546000 0
2015.553700 12.047735 3.420000 0
2015.556500 9.919423 3.457000 0
2015.559200 1.600533 3.278000 0
2015.561900 2.283438 3.378000 0
2015.564700 6.319482 3.390000 0
2015.567400 5.732936 3.618000 0
2015.570200 3.842490 3.581000 0
2015.572900 3.914450 3.461000 0
2015.575600 1.177151 3.628000 0
2015.578400 0.623890 3.595000 0
2015.581100 11.331033 3.383000 0
2015.583800 0.119887 3.501000 0
2015.586600 7.264717 3.289000 0
2015.589300 17.802953 3.408000 0
2015.592100 8.493122 3.455000 0
2015.594800 -2.025297 3.556000 0
2015.597500 6.153948 3.332000 0
2015.600300 9.119063 3.555000 0
2015.603000 8.273601 3.818000 0
2015.605700 4.007781 3.454000 0
2015.608500 6.520765 3.416000 0
2015.611200 7.490191 3.615000 0
2015.614000 -2.868620 3.922000 0
2015.616700 14.820025 3.562000 0
2015.619400 2.643278 3.630000 0
2015.622200 10.070232 3.523000 0
2015.624900 8.686669 3.410000 0
2015.627700 -0.550234 3.405000 0
2015.630400 -0.822632 3.582000 0
2015.633100 17.782554 3.601000 0
2015.635900 16.002341 3.639000 0
2015.638600 9.504669 3.563000 0
2015.641300 4.999573 3.704000 0
2015.644100 -0.036979 3.621000 0
2015.646800 4.885053 3.674000 0
2015.649600 1.337594 3.409000 0
2015.652300 6.747749 3.323000 0
2015.655000 4.068473 3.363000 0
2015.657800 7.303657 3.274000 0
2015.660500 7.363504 3.626000 0
2015.663200 8.938922 3.478000 0
2015.666000 14.776756 3.592000 0
2015.668700 12.533306 3.613000 0
2015.671500 9.390245 3.439000 0
2015.674200 9.077937 3.556000 0
2015.676900 3.114215 3.502000 0
2015.679700 8.696845 3.430000 0
2015.682400 5.492289 3.416000 0
2015.685100 2.414331 3.434000 0
2015.687900 1.621697 3.480000 0
2015.690600 5.104939 3.551000 0
2015.693400 2.735487 3.886000 0
2015.696100 6.043955 3.494000 0
2015.698800 3.448053 3.337000 0
2015.701600 4.245440 3.402000 0
2015.704300 6.911812 3.531000 0
2015.707000 8.654839 3.331000 0
2015.709800 6.520144 3.317000 0
2015.712500 9.447501 3.286000 0
2015.715300 1.113130 3.294000 0
2015.718000 4.737856 3.545000 0
2015.720700 4.840289 3.449000 0
2015.723500 7.179997 3.551000 0
2015.726200 9.177868 3.367000 0
2015.729000 7.085018 3.345000 0
2015.731700 1.881378 3.359000 0
2015.734400 -0.018495 3.512000 0
2015.737200 12.766924 3.178000 0
2015.739900 14.924619 3.447000 0
2015.742600 9.156123 3.483000 0
2015.745400 9.504939 3.543000 0
2015.748100 8.573096 3.512000 0
2015.750900 14.880584 3.337000 0
2015.753600 15.815454 3.310000 0
2015.756300 16.976207 3.239000 0
2015.759100 9.489325 3.371000 0
2015.761800 8.656885 3.208000 0
2015.764500 7.963375 3.338000 0
2015.767300 10.265270 3.359000 0
2015.770000 7.611666 3.288000 0
2015.772800 6.995498 3.278000 0
2015.775500 7.955867 3.219000 0
2015.778200 15.953247 3.279000 0
2015.781000 13.646116 3.416000 0
2015.783700 11.159572 3.291000 0
2015.786400 8.503090 3.456000 0
2015.789200 9.952155 3.376000 0
2015.791900 4.021852 3.277000 0
2015.794700 3.405140 3.381000 0
2015.797400 6.229086 3.445000 0
2015.800100 8.250180 3.684000 0
2015.802900 3.844934 3.404000 0
2015.805600 3.687381 3.592000 0
2015.808400 5.447537 3.588000 0
2015.811100 7.976408 3.453000 0
2015.813800 0.711510 3.423000 0
2015.816600 6.497399 3.476000 0
2015.819300 7.860026 3.289000 0
2015.822000 2.238936 3.515000 0
2015.824800 14.519713 3.232000 0
2015.827500 11.306246 3.475000 0
2015.830300 15.888703 3.921000 0
2015.833000 7.706925 3.435000 0
2015.835700 2.751507 3.365000 0
2015.838500 3.626101 3.688000 0
2015.841200 4.221465 3.464000 0
2015.843900 -0.091767 3.371000 0
2015.846700 7.754103 3.596000 0
2015.849400 5.167740 3.672000 0
2015.852200 -0.028460 3.471000 0
2015.854900 5.685101 3.524000 0
2015.857600 9.438135 3.579000 0
2015.860400 5.158424 3.615000 0
2015.863100 8.630459 3.685000 0
2015.865800 9.014004 3.340000 0
2015.868600 8.438896 3.683000 0
2015.871300 4.086512 3.551000 0
2015.874100 6.431537 3.508000 0
2015.876800 7.066267 3.910000 0
2015.879500 7.128558 3.607000 0
2015.882300 1.932351 3.383000 0
2015.885000 1.875812 3.428000 0
2015.887700 4.181861 3.549000 0
2015.890500 -0.903499 3.609000 0
2015.893200 -2.233232 3.398000 0
2015.896000 -0.865313 3.511000 0
2015.898700 1.736198 3.415000 0
2015.901400 5.262330 3.533000 0
2015.904200 -1.795800 3.691000 0
2015.906900 -7.191391 3.682000 0
2015.909700 0.898813 3.478000 0
2015.912400 -0.847485 3.656000 0
2015.915100 2.924856 3.730000 0
2015.917900 4.925074 3.391000 0
2015.920600 0.953724 3.504000 0
2015.923300 -3.537981 3.398000 0
2015.926100 -5.239734 3.618000 0
2015.928800 -9.173125 3.513000 0
2015.931600 0.201484 3.534000 0
2015.934300 -2.821594 3.674000 0
2015.937000 -0.786030 3.550000 0
2015.939800 3.776601 3.521000 0
2015.942500 4.557466 3.491000 0
2015.945200 12.074964 3.708000 0
2015.948000 2.983592 3.802000 0
2015.950700 5.075370 3.375000 0
2015.953500 3.933314 3.595000 0
2015.956200 0.332351 3.655000 0
2015.958900 9.838998 3.364000 0
2015.961700 -1.388139 3.325000 0
2015.964400 -4.122270 3.290000 0
2015.967100 -7.670813 3.474000 0
2015.969900 -0.043096 3.726000 0
2015.972600 2.051536 3.404000 0
2015.975400 7.164452 3.415000 0
2015.978100 3.943222 3.322000 0
2015.980800 0.997535 3.416000 0
2015.983600 4.592165 3.376000 0
2015.986300 6.641555 3.597000 0
2015.989000 2.383456 3.507000 0
2015.991800 0.544698 3.262000 0
2015.994500 -2.674394 3.430000 0
2015.997300 -2.450134 3.223000 0
2016.000000 -0.393269 3.537000 0
2016.002700 -3.134954 3.549000 0
2016.005500 -5.140277 3.396000 0
2016.008200 -3.197087 3.172000 0
2016.011000 -4.364532 3.288000 0
2016.013700 1.646475 3.348000 0
2016.016400 4.495862 3.561000 0
2016.019200 -0.685388 3.473000 0
2016.021900 1.977726 3.529000 0
2016.024600 -4.907826 3.263000 0
2016.027400 -5.024025 3.416000 0
2016.030100 -5.275945 3.400000 0
2016.032900 -2.867523 3.196000 0
2016.035600 -0.454877 3.379000 0
2016.038300 5.674022 3.324000 0
2016.041100 10.487242 3.293000 0
2016.043800 0.238606 3.426000 0
2016.046500 -0.698826 3.209000 0
2016.049300 -0.713966 3.299000 0
2016.052000 0.264965 3.588000 0
2016.054800 1.343165 3.723000 0
2016.057500 -1.319612 3.154000 0
2016.060200 1.465730 3.154000 0
2016.063000 1.662303 3.182000 0
2016.065700 4.045833 3.467000 0
2016.068400 12.635431 4.570000 0
2016.071200 2.490216 3.306000 0
2016.073900 -0.393101 3.146000 0
2016.076700 0.197736 3.347000 0
2016.079400 1.682436 3.616000 0
2016.082100 9.283119 4.643000 0
2016.104000 5.606392 6.820000 0
2016.106800 -2.034702 3.303000 0
2016.109500 -5.564075 3.394000 0
2016.112300 -1.023548 3.315000 0
2016.115000 -3.292315 3.202000 0
2016.117700 -2.173296 3.349000 0
2016.120500 -4.431442 3.178000 0
2016.123200 -0.777899 3.558000 0
2016.125900 0.128391 3.401000 0
2016.128700 2.023449 3.391000 0
2016.131400 1.558188 3.298000 0
2016.134200 7.645650 3.514000 0
2016.136900 3.465791 3.384000 0
2016.139600 4.300623 3.355000 0
2016.142400 4.833110 3.432000 0
2016.145100 3.604280 4.014000 0
2016.147800 -0.778889 3.372000 0
2016.150600 0.573531 3.248000 0
2016.153300 -3.606355 3.412000 0
2016.156100 -1.022695 3.287000 0
2016.158800 -4.903331 3.388000 0
2016.161500 0.481655 3.382000 0
2016.164300 5.730121 3.360000 0
2016.167000 -3.478684 3.322000 0
2016.169700 -3.946887 3.434000 0
2016.172500 -4.400670 3.468000 0
2016.175200 -3.641697 3.456000 0
2016.178000 3.726656 3.397000 0
2016.180700 5.464788 3.497000 0
2016.183400 6.726502 3.551000 0
2016.186200 -0.243462 3.749000 0
2016.188900 5.563393 3.468000 0
2016.191600 3.834823 3.456000 0
2016.194400 -7.924477 3.427000 0
2016.197100 0.743084 3.255000 0
2016.199900 -3.877118 3.321000 0
2016.202600 2.446575 3.270000 0
2016.205300 5.382841 3.411000 0
2016.208100 0.904297 3.687000 0
2016.210800 9.281699 3.538000 0
2016.213600 -5.767737 3.642000 0
2016.216300 -6.985190 3.212000 0
2016.219000 -6.632060 3.305000 0
2016.221800 1.047196 3.176000 0
2016.224500 3.918490 3.291000 0
2016.227200 12.838380 3.547000 0
2016.230000 2.537362 3.241000 0
2016.232700 -1.753557 3.399000 0
2016.235500 2.495598 3.486000 0
2016.238200 1.702893 3.332000 0
2016.240900 5.032811 3.349000 0
2016.243700 5.803779 3.344000 0
2016.246400 10.470949 3.500000 0
2016.249100 7.461764 3.461000 0
2016.251900 1.051611 3.194000 0
2016.254600 -0.293276 3.256000 0
2016.257400 -1.037139 3.241000 0
2016.260100 2.214307 3.138000 0
2016.262800 4.030437 3.430000 0
2016.265600 0.789584 3.206000 0
2016.268300 -2.944898 3.324000 0
2016.271000 5.545334 3.241000 0
2016.273800 3.024578 3.192000 0
2016.276500 -0.031744 3.334000 0
2016.279300 6.677948 3.417000 0
2016.282000 -2.813885 3.500000 0
2016.284700 0.475047 3.180000 0
2016.287500 1.348999 3.142000 0
2016.290200 3.815484 3.337000 0
2016.293000 1.872996 3.281000 0
2016.295700 -11.752919 3.798000 0
2016.298400 -7.810015 3.644000 0
2016.301200 -2.772071 3.364000 0
2016.303900 0.698501 3.491000 0
2016.306600 -3.780073 3.359000 0
2016.309400 -7.116589 3.144000 0
2016.312100 7.095573 3.256000 0
2016.314900 3.037808 3.445000 0
2016.317600 6.216754 3.393000 0
2016.320300 -1.352389 3.728000 0
2016.323100 0.059566 3.440000 0
2016.325800 2.252275 3.662000 0
2016.328500 5.298929 3.360000 0
2016.331300 2.902707 3.587000 0
2016.334000 -0.843719 3.460000 0
2016.336800 4.339000 3.259000 0
2016.339500 4.542538 3.519000 0
2016.342200 0.118075 3.397000 0
2016.345000 6.337788 3.271000 0
2016.347700 3.729352 3.331000 0
2016.350400 9.459945 3.740000 0
2016.353200 -1.514253 3.574000 0
2016.355900 7.971427 3.393000 0
2016.358700 5.359341 3.481000 0
2016.361400 -3.017854 3.467000 0
2016.364100 -4.876975 3.613000 0
2016.366900 -0.375826 3.478000 0
2016.369600 -5.875769 3.552000 0
2016.372300 -2.697613 3.498000 0
2016.375100 -3.292154 3.464000 0
2016.377800 6.179226 3.439000 0
2016.380600 -5.952067 3.708000 0
2016.383300 0.196566 3.429000 0
2016.386000 5.580332 3.647000 0
2016.388800 9.551459 3.655000 0
2016.391500 -1.401486 3.606000 0
2016.394300 -1.454048 3.465000 0
2016.397000 -3.280683 3.556000 0
2016.399700 -3.017160 3.676000 0
2016.402500 -7.765222 3.718000 0
2016.405200 -8.915364 3.529000 0
2016.407900 -11.301335 3.506000 0
2016.410700 -14.737865 3.475000 0
2016.413400 -6.127484 3.453000 0
2016.416200 -3.018643 3.708000 0
2016.418900 0.039099 3.599000 0
2016.421600 0.399020 3.634000 0
2016.424400 -4.534576 3.647000 0
2016.427100 0.917712 3.524000 0
2016.429800 0.593178 3.549000 0
2016.432600 -11.662852 3.350000 0
2016.435300 -0.312021 3.358000 0
2016.438100 -4.546677 3.364000 0
2016.440800 -8.232488 3.273000 0
2016.443500 -6.608127 3.575000 0
2016.446300 -5.838240 3.638000 0
2016.449000 -4.943535 3.632000 0
2016.451700 -0.627668 3.720000 0
2016.454500 -9.379266 3.530000 0
2016.457200 0.632922 3.410000 0
2016.460000 4.374646 3.289000 0
2016.462700 2.171136 3.385000 0
2016.465400 -4.039234 3.441000 0
2016.468200 4.969931 3.514000 0
2016.470900 -4.797172 3.471000 0
2016.473600 -3.021153 3.550000 0
2016.476400 2.852395 3.466000 0
2016.479100 -11.175359 3.524000 0
2016.481900 -7.954591 3.387000 0
2016.484600 -2.761149 3.760000 0
2016.487300 2.879377 3.487000 0
2016.490100 -0.163589 3.436000 0
2016.492800 9.070083 3.624000 0
2016.495600 -2.103751 3.734000 0
2016.498300 -3.982969 3.399000 0
2016.501000 1.983852 3.497000 0
2016.503800 -5.455858 3.620000 0
2016.506500 -0.454986 3.588000 0
2016.509200 3.009897 3.559000 0
2016.512000 -3.940782 3.458000 0
2016.514700 -2.196911 3.355000 0
2016.517500 -0.557623 3.521000 0
2016.520200 7.250193 3.323000 0
2016.522900 -4.316034 3.452000 0
2016.525700 -4.255883 3.594000 0
2016.528400 -9.261232 3.678000 0
2016.531100 -6.319658 3.387000 0
2016.533900 -0.208747 3.349000 0
2016.536600 6.449636 3.614000 0
2016.539400 2.495324 3.471000 0
2016.542100 -8.948529 3.382000 0
2016.544800 0.614483 3.586000 0
2016.547600 -9.005250 3.844000 0
2016.550300 5.986456 3.654000 0
2016.553000 -3.334007 3.756000 0
2016.555800 -4.146269 3.715000 0
2016.558500 -1.022108 3.452000 0
2016.561300 1.469216 3.365000 0
2016.564000 -13.398046 3.555000 0
2016.566700 -2.197532 3.705000 0
2016.569500 5.779087 4.013000 0
2016.572200 -0.616888 3.384000 0
2016.574900 -4.086119 3.499000 0
2016.577700 -4.232306 3.486000 0
2016.580400 -0.669090 3.617000 0
2016.583200 3.947128 3.465000 0
2016.585900 -2.735249 3.359000 0
2016.588600 2.701068 3.335000 0
2016.591400 -2.525677 3.374000 0
2016.594100 -3.736011 3.538000 0
2016.596900 -4.254449 3.666000 0
2016.599600 -4.019470 3.529000 0
2016.602300 -2.257840 3.614000 0
2016.605100 -5.067378 3.385000 0
2016.607800 -5.461483 3.459000 0
2016.610500 -3.442959 3.538000 0
2016.613300 12.308332 3.402000 0
2016.616000 1.557078 3.721000 0
2016.618800 -3.478450 3.455000 0
2016.621500 -0.355505 3.790000 0
2016.624200 -16.017963 3.750000 0
2016.627000 -6.420756 3.562000 0
2016.629700 -0.799047 3.509000 0
2016.632400 -1.100753 4.043000 0
2016.635200 2.484147 3.324000 0
2016.637900 -0.852414 3.606000 0
2016.640700 4.706592 3.608000 0
2016.643400 1.415163 3.371000 0
2016.646100 -0.515694 3.419000 0
2016.648900 8.574963 3.523000 0
2016.651600 -1.962770 3.662000 0
2016.654300 -6.521935 3.367000 0
2016.657100 -5.660635 3.590000 0
2016.659800 -13.817677 3.580000 0
2016.662600 -0.539284 3.343000 0
2016.665300 -12.257199 3.431000 0
2016.668000 -12.949539 3.228000 0
2016.670800 -3.491487 3.467000 0
2016.673500 -7.132686 3.499000 0
2016.676200 -8.486301 3.425000 0
2016.679000 -0.080560 3.343000 0
2016.681700 -6.113011 3.377000 0
2016.684500 -5.248127 3.562000 0
2016.687200 -5.006394 3.803000 0
2016.689900 4.721948 3.689000 0
2016.692700 -1.854401 3.750000 0
2016.695400 -4.691836 3.247000 0
2016.698200 -5.391976 3.470000 0
2016.700900 -9.428160 3.541000 0
2016.703600 -1.691698 3.706000 0
2016.706400 -0.555954 3.627000 0
2016.709100 -2.343188 3.603000 0
2016.711800 -7.417749 3.338000 0
2016.714600 2.882965 3.312000 0
2016.717300 -3.905231 3.283000 0
2016.720100 13.037845 3.451000 0
2016.722800 -1.558942 3.580000 0
2016.725500 -14.899001 3.775000 0
2016.728300 2.439217 3.661000 0
2016.731000 -2.236361 3.391000 0
2016.733700 -7.034175 3.547000 0
2016.736500 1.591302 3.440000 0
2016.739200 -2.624951 3.330000 0
2016.742000 2.176099 3.356000 0
2016.744700 -6.897537 3.371000 0
2016.747400 -3.111340 3.370000 0
2016.750200 -1.051813 3.473000 0
2016.752900 -2.863910 3.382000 0
2016.755600 7.908872 3.343000 0
2016.758400 3.618015 3.410000 0
2016.761100 -1.378403 3.520000 0
2016.763900 0.326566 3.622000 0
2016.766600 2.393012 3.426000 0
2016.769300 -1.453584 3.339000 0
2016.772100 0.638252 3.464000 0
2016.774800 -1.054380 3.447000 0
2016.777500 -5.409004 3.497000 0
2016.780300 0.993856 3.281000 0
2016.783000 0.296298 3.624000 0
2016.785800 -8.069738 3.466000 0
2016.788500 1.295840 3.421000 0
2016.791200 1.947511 3.479000 0
2016.794000 5.153766 3.403000 0
2016.796700 -0.852323 3.457000 0
2016.799500 -3.214782 3.352000 0
2016.802200 -0.160561 3.518000 0
2016.804900 0.556837 3.375000 0
2016.807700 4.796938 3.315000 0
2016.810400 1.428751 3.337000 0
2016.813100 -4.091208 3.494000 0
2016.815900 -1.786388 3.611000 0
2016.818600 3.850169 3.483000 0
2016.821400 -2.996442 3.472000 0
2016.824100 0.226698 3.340000 0
2016.826800 2.419149 3.364000 0
2016.829600 -2.572484 3.365000 0
2016.832300 2.517646 3.275000 0
2016.835000 -1.388866 3.609000 0
2016.837800 5.001625 3.559000 0
2016.840500 -0.962115 3.559000 0
2016.843300 -7.159790 3.469000 0
2016.846000 3.946303 3.371000 0
2016.848700 4.472827 3.365000 0
2016.851500 -2.721495 3.398000 0
2016.854200 1.575946 3.369000 0
2016.856900 -2.919144 3.435000 0
2016.859700 1.611013 3.448000 0
2016.862400 0.601918 3.460000 0
2016.865200 -5.095868 3.262000 0
2016.867900 -1.846919 3.334000 0
2016.870600 -0.983442 3.318000 0
2016.873400 0.157437 3.303000 0
2016.876100 6.997022 3.355000 0
2016.878900 3.708072 4.765000 0
2016.881600 -0.105195 3.497000 0
2016.884300 -5.234884 3.318000 0
2016.887100 -6.554018 3.271000 0
2016.889800 0.788492 3.405000 0
2016.892500 4.283602 3.593000 0
2016.895300 -3.225644 3.626000 0
2016.898000 -2.674292 3.470000 0
2016.900800 -3.305237 3.499000 0
2016.903500 -9.766620 3.400000 0
2016.906200 7.884625 3.451000 0
2016.909000 13.191659 3.672000 0
2016.911700 4.274195 3.488000 0
2016.914400 3.777371 3.280000 0
2016.917200 -0.568585 3.385000 0
2016.919900 5.355899 3.680000 0
2016.922700 2.011303 3.843000 0
2016.925400 1.304100 3.634000 0
2016.928100 -1.937458 4.327000 0
2016.930900 0.029978 3.658000 0
2016.933600 -2.672267 3.683000 0
2016.936300 -2.908870 3.374000 0
2016.939100 -8.486410 3.470000 0
2016.941800 -7.109711 3.407000 0
2016.944600 -5.133907 3.267000 0
2016.947300 -5.523918 3.389000 0
2016.950000 0.503699 3.328000 0
2016.952800 1.856476 3.340000 0
2016.955500 -0.066645 3.299000 0
2016.958200 0.262844 3.257000 0
2016.961000 -2.071454 3.366000 0
2016.963700 -4.393739 3.545000 0
2016.966500 -8.942782 3.388000 0
2016.969200 -7.845872 3.344000 0
2016.971900 3.375612 3.322000 0
2016.974700 -7.707622 3.379000 0
2016.980200 -2.166065 3.731000 0
2016.982900 -0.472335 3.364000 0
2016.985600 2.604920 3.431000 0
2016.988400 -0.573494 3.510000 0
2016.991100 -3.032202 3.454000 0
2016.993800 -6.338418 3.422000 0
2016.996600 -5.417285 3.322000 0
2016.999300 3.199461 3.361000 0
2017.002100 -0.948435 3.526000 0
2017.004800 5.901221 3.554000 0
2017.007500 -5.363697 3.388000 0
2017.010300 1.902749 3.603000 0
2017.013000 3.193656 3.527000 0
2017.015700 0.448947 3.455000 0
2017.018500 -9.074400 3.300000 0
2017.021200 -11.491375 3.309000 0
2017.024000 -9.048993 3.671000 0
2017.026700 1.437704 3.533000 0
2017.029400 -0.905292 3.411000 0
2017.032200 -0.027946 3.286000 0
2017.034900 -6.202368 3.458000 0
2017.037600 -0.911533 3.581000 0
2017.040400 -0.151375 3.555000 0
2017.043100 2.134934 3.667000 0
2017.045900 -6.273452 3.658000 0
2017.048600 4.710262 3.906000 0
2017.051300 -3.465850 3.932000 0
2017.054100 4.144311 3.593000 0
2017.056800 4.998501 3.844000 0
2017.059500 7.588814 3.582000 0
2017.062300 3.843361 3.560000 0
2017.065000 2.552872 3.485000 0
2017.067800 1.253588 3.303000 0
2017.070500 -1.177774 3.299000 0
2017.073200 -2.810097 3.426000 0
2017.076000 -5.032263 3.689000 0
2017.078700 -6.243562 3.488000 0
2017.081500 -8.278736 3.381000 0
2017.084200 -5.531078 3.268000 0
2017.086900 -6.614464 3.655000 0
2017.089700 -6.283782 3.578000 0
2017.092400 -2.848311 3.520000 0
2017.095100 -9.966932 3.483000 0
2017.097900 -1.544544 3.481000 0
2017.100600 -2.836403 3.502000 0
2017.103400 9.719707 3.613000 0
2017.106100 2.179549 3.718000 0
2017.108800 -1.933778 3.217000 0
2017.111600 -2.682199 3.465000 0
2017.114300 -4.269913 3.264000 0
2017.117000 -3.539837 3.454000 0
2017.119800 1.809079 3.507000 0
2017.122500 12.284685 3.425000 0
2017.125300 9.066088 3.314000 0
2017.128000 -2.959827 3.312000 0
2017.130700 4.025985 3.777000 0
2017.133500 4.658525 3.341000 0
2017.136200 1.132745 3.402000 0
2017.138900 -12.708342 3.638000 0
2017.141700 -6.034768 3.448000 0
2017.144400 -4.509512 3.393000 0
2017.147200 -0.631639 3.386000 0
2017.149900 6.948922 3.551000 0
2017.152600 -5.324870 3.660000 0
2017.155400 -1.365112 3.640000 0
2017.158100 0.682349 3.372000 0
2017.160800 -2.122566 3.433000 0
2017.163600 -5.869995 3.530000 0
2017.166300 -8.727699 3.394000 0
2017.169100 -15.722958 3.428000 0
2017.171800 -12.752473 3.437000 0
2017.174500 -10.328394 3.832000 0
2017.177300 -7.105930 3.518000 0
2017.180000 -8.782690 3.595000 0
2017.182800 -8.573104 3.507000 0
2017.185500 -10.207718 3.637000 0
2017.188200 -7.173753 3.299000 0
2017.191000 -12.906497 3.518000 0
2017.193700 -0.127398 3.475000 0
2017.196400 -9.804726 3.306000 0
2017.199200 -8.226813 3.486000 0
2017.201900 -10.046010 3.305000 0
2017.204700 -5.784999 3.355000 0
2017.207400 -6.067063 3.307000 0
2017.210100 -13.673552 3.402000 0
2017.212900 -6.491874 3.512000 0
2017.215600 -1.893220 3.261000 0
2017.218300 -9.250982 3.301000 0
2017.221100 -4.735616 3.436000 0
2017.223800 -7.356216 3.526000 0
2017.226600 4.613289 3.619000 0
2017.229300 0.816868 3.401000 0
2017.232000 -0.846950 3.437000 0
2017.234800 0.533309 3.409000 0
2017.237500 -1.131297 3.207000 0
2017.240200 -0.267283 3.587000 0
2017.243000 5.329784 3.424000 0
2017.245700 3.129048 3.255000 0
2017.248500 1.263352 3.313000 0
2017.251200 4.179895 3.583000 0
2017.253900 -1.969905 3.896000 0
2017.256700 -4.824679 3.528000 0
2017.259400 4.558849 3.578000 0
2017.262100 -5.412939 3.456000 0
2017.264900 -5.172712 3.318000 0
2017.267600 -0.493118 3.475000 0
2017.270400 -0.206510 3.304000 0
2017.273100 3.355505 3.381000 0
2017.275800 -2.314748 3.380000 0
2017.278600 -1.652989 3.371000 0
2017.281300 -12.108759 3.401000 0
2017.284100 -6.238513 3.354000 0
2017.286800 -7.555756 3.412000 0
2017.289500 1.758783 3.300000 0
2017.292300 -4.852651 3.576000 0
2017.295000 1.186482 3.474000 0
2017.297700 -6.840568 3.443000 0
2017.300500 -7.800580 3.364000 0
2017.303200 -6.176968 3.514000 0
2017.306000 -3.963306 3.426000 0
2017.308700 1.939013 3.273000 0
2017.311400 2.683207 3.294000 0
2017.314200 3.262471 3.491000 0
2017.316900 10.290442 3.450000 0
2017.319600 -4.155679 3.483000 0
2017.322400 0.486295 3.340000 0
2017.325100 -0.548979 3.552000 0
2017.327900 0.954859 3.720000 0
2017.330600 -1.491523 3.529000 0
2017.333300 -3.318941 3.480000 0
2017.336100 -0.666217 3.452000 0
2017.338800 -3.498677 3.532000 0
2017.341500 -0.637141 3.496000 0
2017.344300 -9.317431 3.295000 0
2017.347000 -4.216873 3.289000 0
2017.349800 -2.742118 3.483000 0
2017.352500 2.397503 3.330000 0
2017.355200 1.197170 3.460000 0
2017.358000 -2.722933 3.498000 0
2017.360700 0.320854 3.493000 0
2017.363400 2.545714 3.352000 0
2017.366200 -2.537162 3.522000 0
2017.368900 -0.492129 3.272000 0
2017.371700 0.571193 3.510000 0
2017.374400 -3.297569 3.461000 0
2017.377100 -4.035219 3.529000 0
2017.379900 -1.052545 3.640000 0
2017.382600 0.751054 3.607000 0
2017.385400 -18.642000 3.583000 0
2017.388100 0.445874 3.531000 0
2017.390800 -3.565109 3.353000 0
2017.393600 6.420288 3.482000 0
2017.396300 0.432612 3.624000 0
2017.399000 -2.450906 3.736000 0
2017.401800 -3.080013 3.413000 0
2017.404500 1.846803 4.025000 0
2017.407300 2.599049 3.636000 0
2017.410000 -4.174789 3.445000 0
2017.412700 -4.899453 3.592000 0
2017.415500 1.901340 3.725000 0
2017.418200 -2.374964 3.504000 0
2017.420900 -5.274090 3.473000 0
2017.423700 3.463266 3.580000 0
2017.426400 -2.022493 3.601000 0
2017.429200 -8.146758 3.517000 0
2017.431900 -8.992151 3.688000 0
2017.434600 -2.787367 3.423000 0
2017.437400 -7.974070 3.434000 0
2017.440100 4.142074 3.375000 0
2017.442800 -9.790610 3.601000 0
2017.445600 -6.919768 3.576000 0
2017.448300 0.674894 3.469000 0
2017.451100 5.117086 3.538000 0
2017.453800 -5.635922 3.474000 0
2017.456500 -4.276773 3.542000 0
2017.459300 -7.763089 3.506000 0
2017.462000 -0.656637 3.618000 0
2017.464800 3.537352 3.557000 0
2017.467500 -3.593913 3.564000 0
2017.470200 2.122952 3.455000 0
2017.473000 -4.434651 3.586000 0
2017.475700 -2.318542 3.522000 0
2017.478400 -10.622324 3.720000 0
2017.481200 -7.839582 3.776000 0
2017.483900 4.403837 3.669000 0
2017.486700 -6.049230 3.569000 0
2017.489400 -8.407644 3.539000 0
2017.492100 -5.507988 3.516000 0
2017.494900 -4.638837 3.429000 0
2017.497600 -4.096067 3.486000 0
2017.500300 -1.562255 3.431000 0
2017.503100 -11.083972 3.510000 0
2017.505800 3.673896 3.598000 0
2017.508600 -3.623783 3.621000 0
2017.511300 -4.728901 3.734000 0
2017.514000 -0.996026 3.772000 0
2017.516800 -9.704731 3.462000 0
2017.519500 -13.197906 3.425000 0
2017.522200 -8.503121 3.690000 0
2017.525000 -9.553954 3.541000 0
2017.527700 -4.918285 3.861000 0
2017.530500 -0.958262 3.487000 0
2017.533200 -8.823755 3.567000 0
2017.535900 -5.500344 3.698000 0
2017.538700 4.004375 3.691000 0
2017.541400 6.745554 3.692000 0
2017.544100 7.081602 3.777000 0
2017.546900 4.932910 3.597000 0
2017.549600 10.555657 3.627000 0
2017.552400 -1.630373 3.659000 0
2017.555100 10.973026 3.638000 0
2017.557800 -4.810763 3.516000 0
2017.560600 -0.593383 3.784000 0
2017.563300 -5.330589 3.516000 0
2017.566100 1.010334 3.558000 0
2017.568800 -3.660333 3.525000 0
2017.571500 -4.082243 3.516000 0
2017.574300 7.404916 3.538000 0
2017.577000 -0.441521 3.568000 0
2017.579700 -10.502232 3.610000 0
2017.582500 -9.776936 3.469000 0
2017.585200 -5.842236 3.526000 0
2017.607100 -27.052756 6.253000 0
2017.609900 -9.734971 3.734000 0
2017.612600 -12.918741 3.545000 0
2017.615300 -9.391895 3.730000 0
2017.618100 -10.111317 3.582000 0
2017.620800 6.526730 3.507000 0
2017.623500 -2.923623 3.499000 0
2017.626300 -6.750306 3.683000 0
2017.629000 -10.409490 3.643000 0
2017.631800 -6.598043 3.643000 0
2017.634500 1.503926 3.755000 0
2017.637200 -2.033527 3.572000 0
2017.640000 3.012594 3.677000 0
2017.642700 -8.672724 3.483000 0
2017.645400 -0.025470 3.546000 0
2017.648200 1.933303 3.622000 0
2017.650900 -13.538319 3.767000 0
2017.653700 -14.978456 3.692000 0
2017.656400 -14.676956 3.776000 0
2017.659100 -8.935886 3.481000 0
2017.661900 -19.502379 3.341000 0
2017.664600 -27.371182 3.603000 0
2017.667400 -13.952577 3.884000 0
2017.670100 -17.737247 3.499000 0
2017.672800 -12.722337 3.578000 0
2017.675600 -15.036057 3.584000 0
2017.678300 -15.471993 3.546000 0
2017.681000 -3.590339 3.519000 0
2017.683800 -13.746347 3.449000 0
2017.686500 -9.344511 3.938000 0
2017.689300 -8.663356 3.356000 0
2017.692000 -6.655314 3.582000 0
2017.694700 -7.953653 3.455000 0
2017.697500 -6.811694 3.315000 0
2017.700200 1.765216 3.487000 0
2017.702900 -2.933230 3.687000 0
2017.705700 -5.891395 3.654000 0
2017.708400 -2.991542 3.381000 0
2017.711200 -7.743413 3.421000 0
2017.713900 -19.242221 3.595000 0
2017.716600 1.653661 3.594000 0
2017.719400 -5.484184 3.308000 0
2017.722100 -2.935898 3.579000 0
2017.724800 -6.171888 3.445000 0
2017.727600 -6.857601 3.345000 0
2017.730300 -12.507117 3.372000 0
2017.733100 -7.342347 3.642000 0
2017.735800 -0.801335 3.491000 0
2017.738500 -4.152535 3.486000 0
2017.741300 -1.868434 3.519000 0
2017.744000 0.637975 3.583000 0
2017.746700 -9.687785 3.404000 0
2017.749500 -3.948220 3.429000 0
2017.752200 -3.181282 3.495000 0
2017.755000 -7.827998 3.487000 0
2017.757700 -17.726300 3.450000 0
2017.760400 -16.219696 3.511000 0
2017.763200 -6.935709 3.357000 0
2017.765900 -15.066249 3.677000 0
2017.768700 2.759623 3.546000 0
2017.771400 0.079006 3.388000 0
2017.774100 1.394375 3.476000 0
2017.776900 -9.526795 3.429000 0
2017.779600 -2.480402 3.469000 0
2017.782300 -4.126972 3.237000 0
2017.785100 -3.404025 3.474000 0
2017.787800 -12.677468 3.365000 0
2017.790600 -15.462353 3.368000 0
2017.793300 -15.116599 3.328000 0
2017.796000 -4.688723 3.322000 0
2017.798800 5.273778 3.587000 0
2017.801500 12.031955 3.815000 0
2017.804200 -9.530694 3.441000 0
2017.807000 -12.098647 3.598000 0
2017.809700 -8.557891 3.434000 0
2017.812500 -3.487388 3.384000 0
2017.815200 1.097842 3.406000 0
2017.817900 -2.750671 3.482000 0
2017.820700 0.839643 3.553000 0
2017.823400 -6.258295 3.399000 0
2017.826100 0.963073 3.327000 0
2017.828900 2.533351 3.322000 0
2017.831600 -6.242609 3.616000 0
2017.834400 -0.656601 3.543000 0
2017.837100 -3.056826 3.465000 0
2017.839800 -9.960667 3.525000 0
2017.842600 1.394548 3.478000 0
2017.845300 0.475533 3.351000 0
2017.848000 -1.716057 3.407000 0
2017.850800 -7.937499 3.406000 0
2017.853500 -10.214178 3.694000 0
2017.856300 -7.852649 3.593000 0
2017.859000 -6.845365 3.678000 0
2017.861700 -4.227589 3.622000 0
2017.864500 -5.103512 3.453000 0
2017.867200 -10.019699 3.351000 0
2017.870000 -3.213523 3.359000 0
2017.872700 -2.443627 3.445000 0
2017.875400 -6.229185 3.618000 0
2017.878200 -1.319287 3.253000 0
2017.880900 -2.802701 3.526000 0
2017.883600 -4.438541 3.390000 0
2017.886400 -2.682833 3.396000 0
2017.889100 -2.168478 3.479000 0
2017.891900 -9.541514 3.540000 0
2017.894600 -6.453933 3.470000 0
2017.897300 0.355259 3.463000 0
2017.900100 -7.482852 3.391000 0
2017.902800 -6.410397 3.421000 0
2017.905500 -4.262316 3.504000 0
2017.908300 -7.037453 3.387000 0
2017.911000 -9.022081 3.246000 0
2017.913800 -5.889874 3.539000 0
2017.916500 -4.133200 3.317000 0
2017.919200 -7.500883 3.330000 0
2017.922000 1.215348 3.451000 0
2017.924700 -4.365023 3.495000 0
2017.927400 -3.755748 3.361000 0
2017.930200 -7.753485 3.570000 0
2017.932900 -6.639897 3.380000 0
2017.935700 -7.968275 3.526000 0
2017.938400 -5.720379 7.154000 0
2017.941100 -9.398844 3.387000 0
2017.943900 -11.082211 3.352000 0
2017.946600 -5.311385 3.395000 0
2017.949300 -3.225931 3.373000 0
2017.952100 -8.978320 3.597000 0
2017.954800 1.114399 3.456000 0
2017.957600 -2.721690 3.343000 0
2017.960300 -8.402729 3.397000 0
2017.963000 -8.318169 3.630000 0
2017.965800 -4.711370 3.676000 0
2017.968500 -0.834610 3.557000 0
2017.971300 1.389416 3.464000 0
2017.974000 -4.282660 3.379000 0
2017.976700 -8.739176 3.644000 0
2017.979500 -7.592391 3.596000 0
2017.982200 -8.938799 3.441000 0
2017.984900 -10.173679 3.591000 0
2017.987700 -14.042231 3.485000 0
2017.990400 -17.613068 3.467000 0
2017.993200 -16.330562 3.517000 0
2017.995900 -6.158405 3.335000 0
2017.998600 -9.320779 3.306000 0
2018.001400 -4.941795 3.373000 0
2018.004100 -10.537252 3.425000 0
2018.006800 -8.310279 3.343000 0
2018.009600 -8.188942 3.426000 0
2018.012300 -5.794137 3.492000 0
2018.015100 -4.748967 3.281000 0
2018.017800 -1.349389 3.598000 0
2018.020500 -10.672454 3.700000 0
2018.023300 -3.436161 3.428000 0
2018.026000 -1.289546 3.562000 0
2018.028700 -1.113620 3.537000 0
2018.031500 3.947650 3.461000 0
2018.034200 -5.832842 3.468000 0
2018.037000 -12.683001 3.524000 0
2018.039700 -12.519977 3.385000 0
2018.042400 -15.719725 3.460000 0
2018.045200 -11.956165 3.441000 0
2018.047900 -7.418498 3.489000 0
2018.050700 -4.945545 3.555000 0
2018.053400 -4.141533 3.586000 0
2018.056100 -0.668377 3.481000 0
2018.058900 -3.964971 3.439000 0
2018.061600 -4.826574 3.394000 0
2018.064300 -10.360085 3.349000 0
2018.067100 -14.871387 3.389000 0
2018.069800 -9.555760 3.397000 0
2018.072600 -14.029956 3.654000 0
2018.075300 -14.406262 3.470000 0
2018.078000 -14.699560 3.351000 0
2018.080800 -15.386730 3.476000 0
2018.083500 -10.517062 3.447000 0
2018.086200 -8.103435 3.478000 0
2018.089000 -12.231735 3.472000 0
2018.091700 -9.571241 3.364000 0
2018.094500 -8.923713 3.323000 0
2018.097200 -8.364418 3.421000 0
2018.099900 -9.640244 3.667000 0
2018.102700 -14.491095 3.545000 0
2018.105400 -3.597211 3.608000 0
2018.108100 -2.598493 3.522000 0
2018.110900 -9.945864 3.636000 0
2018.113600 -10.981525 3.622000 0
2018.116400 -17.770319 3.525000 0
2018.119100 -11.038416 3.605000 0
2018.121800 -16.411747 3.646000 0
2018.124600 -6.425276 3.527000 0
2018.127300 -3.781122 3.430000 0
2018.130000 -8.861238 3.585000 0
2018.132800 -11.369619 3.542000 0
2018.135500 -1.529322 3.561000 0
2018.138300 -6.407335 3.626000 0
2018.141000 -9.971668 3.632000 0
2018.143700 -14.048326 3.533000 0
2018.146500 -19.777362 3.745000 0
2018.149200 -8.007710 4.423000 0
2018.152000 -10.332480 3.698000 0
2018.154700 -2.186554 3.666000 0
2018.157400 0.730004 3.639000 0
2018.160200 -2.136925 3.710000 0
2018.162900 -7.833138 3.430000 0
2018.165600 -13.657740 3.479000 0
2018.168400 -11.000892 3.466000 0
2018.171100 -8.371303 3.662000 0
2018.173900 -5.489304 3.561000 0
2018.176600 -14.613543 3.545000 0
2018.179300 -11.387196 3.436000 0
2018.182100 -10.070498 3.340000 0
2018.184800 -2.530002 3.451000 0
2018.187500 -2.916927 3.580000 0
2018.190300 -13.556557 3.635000 0
2018.193000 -6.814348 3.456000 0
2018.195800 -8.772878 3.429000 0
2018.198500 -9.142538 3.389000 0
2018.201200 -5.750624 3.553000 0
2018.204000 -3.534498 3.432000 0
2018.206700 -4.108452 3.503000 0
2018.209400 0.522169 3.410000 0
2018.212200 -5.401041 3.620000 0
2018.214900 -4.358278 3.475000 0
2018.217700 -5.733371 3.357000 0
2018.220400 -9.349455 3.371000 0
2018.223100 -9.116950 3.324000 0
2018.225900 -6.505336 3.396000 0
2018.228600 -3.150654 3.445000 0
2018.231300 -5.544369 3.372000 0
2018.234100 -10.380006 3.349000 0
2018.236800 -5.109513 3.487000 0
2018.239600 -2.832959 3.439000 0
2018.242300 -7.369234 3.346000 0
2018.245000 -7.891876 3.372000 0
2018.247800 -13.170478 3.319000 0
2018.250500 -6.845845 3.480000 0
2018.253300 0.555819 3.323000 0
2018.256000 -9.863242 3.357000 0
2018.258700 -0.339630 3.434000 0
2018.261500 -5.782999 3.625000 0
2018.264200 -7.544027 3.487000 0
2018.266900 -7.164357 3.440000 0
2018.269700 -1.305673 3.385000 0
2018.272400 -8.406586 3.506000 0
2018.275200 -8.174486 3.291000 0
2018.277900 -8.366942 3.320000 0
2018.280600 -5.241649 3.386000 0
2018.283400 1.425660 3.529000 0
2018.286100 0.155474 3.404000 0
2018.288800 -3.289931 3.159000 0
2018.291600 -7.249312 3.348000 0
2018.294300 -8.932130 3.270000 0
2018.297100 -9.821915 3.388000 0
2018.299800 -9.858099 3.443000 0
2018.302500 -11.930447 3.425000 0
2018.305300 -2.250746 3.630000 0
2018.308000 -8.543392 3.317000 0
2018.310700 -9.959167 3.402000 0
2018.313500 -13.776873 3.358000 0
2018.316200 -3.713877 3.426000 0
2018.319000 -2.250795 3.577000 0
2018.321700 -4.286980 3.355000 0
2018.324400 -6.122238 3.348000 0
2018.327200 -10.492384 3.421000 0
2018.329900 -6.522755 3.569000 0
2018.332600 -1.639165 3.409000 0
2018.335400 -4.088435 3.506000 0
2018.338100 -9.564892 3.619000 0
2018.340900 -3.659188 3.380000 0
2018.343600 -15.083649 3.269000 0
2018.346300 -6.575096 3.526000 0
2018.349100 -6.907349 3.310000 0
2018.351800 -8.421738 3.318000 0
2018.354600 -6.363911 3.379000 0
2018.357300 -1.290203 3.333000 0
2018.360000 -11.262433 3.439000 0
2018.362800 -3.968412 3.634000 0
2018.365500 -6.058491 3.438000 0
2018.368200 -11.797482 3.494000 0
2018.371000 4.657813 3.532000 0
2018.373700 -4.248977 3.527000 0
2018.376500 -10.623457 3.547000 0
2018.379200 1.932985 3.377000 0
2018.381900 -11.147449 3.722000 0
2018.384700 -6.134539 3.551000 0
2018.387400 -9.632702 3.742000 0
2018.390100 -7.781722 3.708000 0
2018.392900 -11.245366 3.844000 0
2018.447600 3.016334 6.002000 0
2018.450400 -10.059517 3.622000 0
2018.453100 -7.321567 3.607000 0
2018.455900 -7.958081 3.566000 0
2018.458600 -2.074814 3.667000 0
2018.461300 -11.673399 3.669000 0
2018.464100 -1.338448 3.798000 0
2018.466800 -6.919748 3.623000 0
2018.469500 -6.129916 3.544000 0
2018.472300 -10.736552 3.613000 0
2018.475000 -4.113472 3.593000 0
2018.477800 -8.722865 3.670000 0
2018.480500 -8.393566 3.501000 0
2018.483200 -11.835171 3.538000 0
2018.486000 -14.585261 3.449000 0
2018.488700 -12.798694 3.545000 0
2018.491400 -14.452055 3.418000 0
2018.494200 -9.323919 3.754000 0
2018.496900 -7.701162 3.593000 0
2018.499700 -6.972923 3.672000 0
2018.502400 -12.137085 3.631000 0
2018.505100 -5.404222 3.929000 0
2018.507900 -15.412903 3.643000 0
2018.510600 -15.116020 3.448000 0
2018.513300 -20.468142 3.697000 0
2018.516100 -12.744842 3.599000 0
2018.518800 -11.223008 3.560000 0
2018.521600 -15.950775 3.991000 0
2018.524300 -13.603029 3.540000 0
2018.527000 -8.379343 3.606000 0
2018.529800 -1.995298 3.453000 0
2018.532500 -7.528768 3.596000 0
2018.535200 -9.455332 3.599000 0
2018.538000 -10.951582 3.572000 0
2018.540700 -7.802371 3.352000 0
2018.543500 6.391120 3.494000 0
2018.546200 -8.210941 3.541000 0
2018.548900 -0.002153 3.532000 0
2018.551700 -6.886137 3.308000 0
2018.554400 -1.302691 3.402000 0
2018.557200 -4.077054 3.655000 0
2018.559900 -2.656997 3.997000 0
2018.562600 4.453853 3.596000 0
2018.565400 -2.888163 3.394000 0
2018.568100 -0.291769 3.520000 0
2018.570800 -10.905615 3.458000 0
2018.573600 -0.112387 3.757000 0
2018.576300 4.343246 3.767000 0
2018.579100 3.149911 3.837000 0
2018.581800 -5.073020 3.528000 0
2018.584500 -4.383242 3.594000 0
2018.587300 -1.477495 3.523000 0
2018.590000 1.257660 3.719000 0
2018.592700 -6.959505 3.687000 0
2018.595500 -8.984763 3.639000 0
2018.598200 -3.285606 3.453000 0
2018.601000 -0.055585 3.492000 0
2018.603700 1.675861 3.673000 0
2018.606400 5.820947 3.653000 0
2018.609200 -0.728169 3.568000 0
2018.611900 -10.630840 3.746000 0
2018.614600 -11.736894 3.588000 0
2018.617400 -6.140211 3.391000 0
2018.620100 -5.814061 3.605000 0
2018.622900 -4.402215 3.609000 0
2018.625600 -6.862883 3.486000 0
2018.628300 -7.737960 3.354000 0
2018.631100 -2.461402 3.503000 0
2018.633800 -10.108325 3.606000 0
2018.636600 -4.925651 3.612000 0
2018.639300 -5.415432 3.659000 0
2018.642000 -5.002640 3.606000 0
2018.644800 -0.999306 3.264000 0
2018.647500 -3.217386 3.684000 0
2018.650200 -4.803896 3.980000 0
2018.653000 1.997083 3.548000 0
2018.655700 3.685695 3.488000 0
2018.658500 -6.431237 3.463000 0
2018.661200 2.999499 3.413000 0
2018.663900 2.770806 3.564000 0
2018.666700 2.723525 3.493000 0
2018.669400 -3.360035 3.597000 0
2018.672100 -13.629016 3.572000 0
2018.674900 -1.495624 3.590000 0
2018.677600 -1.010454 3.650000 0
2018.680400 -0.454933 3.324000 0
2018.683100 -8.877594 3.586000 0
2018.685800 -12.075655 3.577000 0
2018.688600 -11.584395 3.364000 0
2018.691300 -6.192253 3.380000 0
2018.694000 1.120506 3.440000 0
2018.696800 -3.105435 3.383000 0
2018.699500 -2.320431 3.519000 0
2018.702300 -4.540140 3.698000 0
2018.705000 4.102142 3.724000 0
2018.707700 -1.214918 3.452000 0
2018.710500 -0.740702 3.363000 0
2018.713200 -1.669428 3.388000 0
2018.715900 -0.610467 3.450000 0
2018.718700 -4.650232 3.366000 0
2018.721400 2.856127 3.368000 0
2018.724200 -13.149240 3.444000 0
2018.726900 -2.411436 3.303000 0
2018.729600 -4.385888 3.493000 0
2018.732400 -5.145055 3.443000 0
2018.735100 -5.562986 3.539000 0
2018.737900 -0.853624 3.389000 0
2018.740600 -1.911979 3.386000 0
2018.743300 -2.857523 3.408000 0
2018.746100 -7.973752 3.667000 0
2018.748800 -7.669635 3.393000 0
2018.751500 -12.979663 3.680000 0
2018.754300 -4.691346 3.469000 0
2018.757000 -1.121621 3.441000 0
2018.759800 -8.735529 3.536000 0
2018.762500 -10.229988 3.505000 0
2018.765200 -5.606514 3.817000 0
2018.768000 -8.762630 3.913000 0
2018.770700 -1.366242 3.588000 0
2018.773400 -1.332871 3.798000 0
2018.776200 -3.876043 3.466000 0
2018.778900 -4.336657 3.497000 0
2018.781700 -8.236777 3.614000 0
2018.784400 -8.512307 3.690000 0
2018.787100 -7.553770 3.677000 0
2018.789900 -14.435681 3.765000 0
2018.792600 -12.866956 3.779000 0
2018.795300 -13.447113 3.374000 0
2018.798100 -16.461652 3.408000 0
2018.800800 -16.864516 3.336000 0
2018.803600 -15.440716 3.526000 0
2018.806300 -11.271218 3.416000 0
2018.809000 -14.193517 3.519000 0
2018.811800 -13.816077 3.674000 0
2018.814500 -11.486911 3.492000 0
2018.817200 -10.707492 3.279000 0
2018.820000 -10.523253 3.293000 0
2018.822700 -14.997268 3.350000 0
2018.825500 -19.432408 3.429000 0
2018.828200 -3.002791 3.305000 0
2018.830900 -0.989840 3.678000 0
2018.833700 -11.726929 3.531000 0
2018.836400 -12.172250 3.556000 0
2018.839200 -15.556553 3.443000 0
2018.841900 -18.896086 3.568000 0
2018.844600 -11.776210 3.346000 0
2018.847400 -6.632225 3.383000 0
2018.850100 -5.440473 3.441000 0
2018.852800 -17.731271 3.528000 0
2018.855600 -18.069868 3.819000 0
2018.858300 -18.343710 3.366000 0
2018.861100 -14.839288 3.219000 0
2018.863800 -16.949122 3.485000 0
2018.866500 -16.531444 3.213000 0
2018.869300 -18.658410 3.230000 0
2018.872000 -15.226654 3.301000 0
2018.874700 -9.374355 3.371000 0
2018.877500 -11.161607 3.438000 0
2018.880200 -10.244169 3.366000 0
2018.883000 -11.975221 3.573000 0
2018.885700 -15.918609 3.431000 0
2018.888400 -17.638407 3.440000 0
2018.891200 -19.271605 3.643000 0
2018.893900 -6.980181 3.522000 0
2018.896600 0.520852 3.523000 0
2018.899400 -1.005426 3.566000 0
2018.902100 -9.448133 3.569000 0
2018.904900 -10.691094 3.434000 0
2018.907600 -9.519521 3.442000 0
2018.910300 -8.883315 3.399000 0
2018.915800 -2.131772 3.578000 0
2018.918500 -1.201622 3.565000 0
2018.921300 -9.350564 3.393000 0
2018.924000 -7.342102 3.373000 0
2018.926800 -8.753682 3.333000 0
2018.929500 -5.875905 3.459000 0
2018.932200 -5.112484 3.641000 0
2018.935000 -11.322034 3.770000 0
2018.937700 -14.660304 3.484000 0
2018.940500 -15.068502 3.537000 0
2018.943200 -16.065472 3.413000 0
2018.945900 -6.397810 3.419000 0
2018.948700 -7.761014 3.650000 0
2018.951400 -12.066074 3.481000 0
2018.954100 -12.515515 3.254000 0
2018.956900 -11.917768 3.577000 0
2018.959600 -17.285964 4.112000 0
2018.962400 -5.947940 3.343000 0
2018.965100 -4.390918 3.374000 0
2018.967800 -9.179309 3.584000 0
2018.970600 -1.096438 3.358000 0
2018.973300 -4.739659 3.293000 0
2018.976000 -11.290320 3.415000 0
2018.978800 -10.299681 3.187000 0
2018.981500 -14.773228 3.399000 0
2018.984300 -8.983457 3.826000 0
2018.987000 -1.988933 3.612000 0
2018.989700 -11.343901 3.529000 0
2018.992500 -12.795527 3.663000 0
2018.995200 -8.887494 3.570000 0
2018.997900 -9.280988 3.587000 0
2019.000700 -16.030125 3.596000 0
2019.003400 -13.435696 3.652000 0
2019.006200 -11.473904 3.571000 0
2019.008900 -11.596607 3.212000 0
2019.011600 -9.822904 3.310000 0
2019.014400 -11.496837 3.309000 0
2019.017100 -13.102354 3.388000 0
2019.019800 -13.752510 3.300000 0
2019.022600 -14.464307 3.506000 0
2019.025300 -14.960775 3.557000 0
2019.028100 -14.946891 3.516000 0
2019.030800 -11.297735 3.602000 0
2019.033500 -10.380298 3.256000 0
2019.036300 -19.076526 3.257000 0
2019.039000 -17.383564 3.302000 0
2019.041800 -12.518283 3.437000 0
2019.044500 -13.584864 3.305000 0
2019.047200 -8.158246 3.369000 0
2019.050000 -6.089339 3.571000 0
2019.052700 -14.601367 3.560000 0
2019.055400 -14.176247 3.745000 0
2019.058200 -13.235873 3.637000 0
2019.060900 -8.079504 3.663000 0
2019.063700 -7.739907 3.578000 0
2019.066400 -17.193357 3.640000 0
2019.069100 -20.869744 3.488000 0
2019.071900 -12.987949 3.535000 0
2019.074600 -3.854260 3.461000 0
2019.077300 -12.978559 3.295000 0
2019.080100 -12.316724 3.335000 0
2019.082800 -13.594048 3.710000 0
2019.085600 -11.692276 3.413000 0
2019.088300 -10.068692 3.531000 0
2019.091000 -7.204178 3.522000 0
2019.093800 -3.472625 3.418000 0
2019.096500 -1.752301 3.453000 0
2019.099200 -5.857093 3.413000 0
2019.102000 -7.331907 3.438000 0
2019.104700 -18.424983 3.527000 0
2019.107500 -19.017121 3.505000 0
2019.110200 -16.522541 3.529000 0
2019.112900 -8.603151 3.765000 0
2019.115700 -14.981888 3.639000 0
2019.118400 -11.404927 3.357000 0
2019.121100 -2.982196 3.446000 0
2019.123900 -6.077658 3.592000 0
2019.126600 -6.238435 3.379000 0
2019.129400 0.850551 3.505000 0
2019.132100 -5.307784 3.513000 0
2019.134800 -11.290410 3.589000 0
2019.137600 -11.954340 3.419000 0
2019.140300 -2.620590 3.504000 0
2019.143100 -7.100191 3.505000 0
2019.145800 -7.087108 3.594000 0
2019.148500 -7.606366 3.208000 0
2019.151300 -8.309041 3.296000 0
2019.154000 -11.959020 3.551000 0
2019.156700 -11.189366 3.368000 0
2019.159500 -16.999193 3.599000 0
2019.162200 -7.472307 3.496000 0
2019.165000 -10.685945 3.342000 0
2019.167700 -11.507853 3.404000 0
2019.170400 -14.315159 3.261000 0
2019.173200 -19.731052 3.386000 0
2019.175900 -17.499185 3.540000 0
2019.178600 -6.269730 3.443000 0
2019.181400 -10.756919 3.393000 0
2019.184100 -1.579314 3.237000 0
2019.186900 -11.225391 3.411000 0
2019.189600 -9.168646 3.352000 0
2019.192300 -5.472327 3.560000 0
2019.195100 -4.415741 3.524000 0
2019.197800 -6.047291 3.354000 0
2019.200500 -10.663267 3.546000 0
2019.203300 -13.870026 3.492000 0
2019.206000 -13.422870 3.372000 0
2019.208800 -11.424527 3.488000 0
2019.211500 -9.648235 3.367000 0
2019.214200 -13.949363 3.397000 0
2019.217000 -10.081345 3.283000 0
2019.219700 -9.188322 3.353000 0
2019.222500 -17.877177 3.247000 0
2019.225200 -11.478988 3.480000 0
2019.227900 -8.134202 3.367000 0
2019.230700 -8.388326 3.315000 0
2019.233400 -10.761346 3.443000 0
2019.236100 -7.803754 3.378000 0
2019.238900 -9.043099 3.450000 0
2019.241600 -4.936278 3.547000 0
2019.244400 -15.735408 3.500000 0
2019.247100 -11.156331 3.426000 0
2019.249800 -6.799607 3.273000 0
2019.252600 -11.205852 3.352000 0
2019.255300 -7.922826 3.523000 0
2019.258000 -8.438130 3.406000 0
2019.260800 -6.237414 3.601000 0
2019.263500 -5.877363 4.003000 0
2019.266300 -2.003297 3.534000 0
2019.269000 -3.520854 3.515000 0
2019.271700 4.647305 3.422000 0
2019.274500 1.705476 3.406000 0
2019.277200 0.208087 3.691000 0
2019.279900 0.004444 3.525000 0
2019.282700 2.896817 3.595000 0
2019.285400 -2.503310 3.448000 0
2019.288200 -7.712417 3.410000 0
2019.290900 -4.034985 3.562000 0
2019.293600 -6.238753 3.538000 0
2019.296400 -8.260489 3.493000 0
2019.299100 -2.210630 3.416000 0
2019.301800 -6.976937 3.445000 0
2019.304600 -8.186196 3.375000 0
2019.307300 -10.681807 3.623000 0
2019.310100 -7.373357 3.649000 0
2019.312800 -4.237225 3.644000 0
2019.315500 -9.841202 3.420000 0
2019.318300 -10.438096 3.357000 0
2019.321000 -10.341260 3.425000 0
2019.323800 -12.705325 3.444000 0
2019.326500 -9.046631 3.460000 0
2019.329200 -7.728990 3.656000 0
2019.332000 -16.307221 3.709000 0
2019.334700 -10.393655 3.493000 0
2019.337400 -11.356108 3.560000 0
2019.340200 -8.052403 3.502000 0
2019.342900 -12.120866 3.547000 0
2019.345700 -14.754148 3.718000 0
2019.348400 -1.629578 3.784000 0
2019.351100 -10.234976 3.572000 0
2019.353900 -3.180162 4.107000 0
2019.356600 -2.206468 3.582000 0
2019.359300 -13.249715 3.324000 0
2019.362100 -11.699714 3.413000 0
2019.364800 -16.301814 3.536000 0
2019.367600 -16.482642 3.478000 0
2019.370300 -8.685560 3.443000 0
2019.373000 -6.278377 3.373000 0
2019.375800 -9.680888 3.655000 0
2019.378500 -11.997477 3.518000 0
2019.381200 -5.146943 3.653000 0
2019.384000 -0.758069 3.475000 0
2019.386700 -6.259268 3.376000 0
2019.389500 -4.617103 3.611000 0
2019.392200 -11.925009 3.705000 0
2019.394900 -8.357765 3.446000 0
2019.397700 -8.214125 3.648000 0
2019.400400 -5.273559 3.624000 0
2019.403100 2.735170 3.460000 0
2019.405900 -0.813675 3.489000 0
2019.408600 -5.556603 3.573000 0
2019.411400 -11.723086 3.688000 0
2019.414100 -11.581659 3.620000 0
2019.416800 -3.912055 3.607000 0
2019.419600 -0.779982 3.548000 0
2019.422300 -13.692014 3.624000 0
2019.425100 -7.212562 3.886000 0
2019.427800 -6.302228 3.769000 0
2019.430500 -12.116715 3.496000 0
2019.433300 -9.867697 3.556000 0
2019.436000 -9.241820 3.640000 0
2019.438700 -2.312767 3.703000 0
2019.441500 -16.993195 3.579000 0
2019.444200 -10.072790 3.680000 0
2019.447000 -10.556857 3.557000 0
2019.449700 -9.619110 3.586000 0
2019.452400 0.750799 3.632000 0
2019.455200 -17.522757 3.841000 0
2019.457900 -17.622530 3.851000 0
2019.460600 -18.599153 3.652000 0
2019.463400 -11.747239 4.118000 0
2019.466100 -2.190574 4.011000 0
2019.468900 -14.042373 3.645000 0
2019.471600 -7.568444 3.600000 0
2019.474300 -13.856395 3.862000 0
2019.477100 -4.597817 3.865000 0
2019.479800 -12.411544 3.938000 0
2019.482500 -3.790173 3.817000 0
2019.485300 -17.003286 3.799000 0
2019.488000 -7.094739 3.747000 0
2019.490800 -20.192687 3.690000 0
2019.493500 -10.193998 3.697000 0
2019.496200 -11.673254 3.537000 0
2019.499000 -13.344026 3.756000 0
2019.501700 -4.369196 3.818000 0
2019.504400 -9.422338 3.681000 0
2019.507200 -6.966023 3.617000 0
2019.509900 -2.445140 3.526000 0
2019.512700 -5.754820 3.516000 0
2019.515400 -11.114954 3.669000 0
2019.518100 -3.057112 3.533000 0
2019.520900 -6.201868 3.522000 0
2019.523600 0.136892 3.747000 0
2019.526400 6.701027 3.662000 0
2019.529100 -7.197341 3.854000 0
2019.531800 -8.547788 3.500000 0
2019.534600 -5.169904 3.683000 0
2019.537300 -5.516548 3.599000 0
2019.540000 -7.262305 3.569000 0
2019.542800 -15.461778 3.670000 0
2019.545500 -8.029802 3.883000 0
2019.548300 -0.133576 3.570000 0
2019.551000 -13.501913 3.645000 0
2019.553700 -10.705421 3.532000 0
2019.556500 -1.603733 3.765000 0
2019.559200 -9.367624 3.530000 0
2019.561900 -11.871719 3.389000 0
2019.564700 -4.152675 3.546000 0
2019.567400 -9.954221 3.590000 0
2019.570200 -0.629667 3.541000 0
2019.572900 -8.519707 3.638000 0
2019.575600 -7.359006 3.624000 0
2019.578400 -6.650267 3.693000 0
2019.581100 -6.521124 3.490000 0
2019.583800 -9.008269 3.655000 0
2019.586600 -5.120440 3.391000 0
2019.589300 -16.001204 3.583000 0
2019.592100 -5.734035 3.862000 0
2019.594800 -11.598454 3.353000 0
2019.597500 -2.647208 3.743000 0
2019.600300 -4.165094 3.705000 0
2019.603000 -4.367555 3.438000 0
2019.605700 -3.356376 3.734000 0
2019.608500 2.241609 3.742000 0
2019.611200 -2.392965 3.402000 0
2019.614000 -3.564777 3.678000 0
2019.616700 -12.799131 3.524000 0
2019.619400 2.524122 3.675000 0
2019.622200 4.334075 3.542000 0
2019.624900 4.150512 3.460000 0
2019.627700 -5.541391 3.595000 0
2019.630400 -9.929789 3.493000 0
2019.633100 4.687397 3.618000 0
2019.635900 -8.964816 3.563000 0
2019.638600 -14.063487 3.617000 0
2019.641300 -5.469584 3.557000 0
2019.644100 -6.818135 3.464000 0
2019.646800 -0.384104 3.508000 0
2019.649600 3.330438 3.472000 0
2019.652300 6.531592 3.544000 0
2019.655000 -13.383684 3.939000 0
2019.657800 -6.448500 3.583000 0
2019.660500 -5.357653 3.498000 0
2019.663200 -1.064235 3.631000 0
2019.666000 2.874599 3.486000 0
2019.668700 -7.355851 3.591000 0
2019.671500 -1.442912 3.549000 0
2019.674200 -8.254219 3.589000 0
2019.676900 -10.092942 3.373000 0
2019.679700 -7.565311 3.504000 0
2019.682400 -5.453867 3.511000 0
2019.685100 3.750175 3.441000 0
2019.687900 -1.230459 3.927000 0
2019.690600 -9.933218 3.733000 0
2019.693400 1.371331 3.841000 0
2019.696100 2.946798 3.726000 0
2019.698800 -5.060104 3.607000 0
2019.701600 -15.242716 3.516000 0
2019.704300 -6.318345 3.572000 0
2019.707000 -3.774317 3.805000 0
2019.709800 1.943988 3.651000 0
2019.712500 0.221344 3.831000 0
2019.715300 -28.742027 3.629000 0
2019.718000 -3.231300 4.041000 0
2019.720700 -6.802867 3.748000 0
2019.723500 -7.553160 3.367000 0
2019.726200 -2.623289 3.451000 0
2019.729000 -9.029138 3.408000 0
2019.731700 -1.677779 3.353000 0
2019.734400 1.010348 3.583000 0
2019.737200 4.146768 3.555000 0
2019.739900 -4.984537 3.731000 0
2019.742600 5.995966 3.976000 0
2019.745400 -5.396218 3.451000 0
2019.748100 11.666939 3.641000 0
2019.750900 -1.952573 3.437000 0
2019.753600 -8.776702 3.885000 0
2019.756300 -5.851949 3.571000 0
2019.759100 -0.170832 3.408000 0
2019.761800 -1.257271 3.403000 0
2019.764500 -9.573781 3.419000 0
2019.767300 -1.347886 3.533000 0
2019.770000 -8.668491 3.545000 0
2019.772800 -5.508659 3.716000 0
2019.775500 -9.551290 3.670000 0
2019.778200 -1.813910 3.522000 0
2019.781000 -2.642041 3.565000 0
2019.783700 -0.584585 3.544000 0
2019.786400 -8.832067 3.439000 0
2019.789200 -11.668002 3.735000 0
2019.791900 -3.341305 3.498000 0
2019.794700 4.423983 3.508000 0
2019.797400 -1.960071 3.499000 0
2019.800100 -4.858976 3.694000 0
2019.802900 -4.307223 3.910000 0
2019.805600 -5.453775 3.410000 0
2019.808400 -7.519619 3.715000 0
2019.811100 -6.801749 3.672000 0
2019.813800 -7.357646 3.622000 0
2019.816600 -4.909758 3.748000 0
2019.819300 -7.334130 3.625000 0
2019.822000 -9.161221 3.455000 0
2019.824800 -11.636444 3.610000 0
2019.827500 -7.386911 3.723000 0
2019.830300 -7.835453 3.981000 0
2019.833000 -10.121232 3.746000 0
2019.835700 -9.922649 3.548000 0
2019.838500 -8.726055 3.528000 0
2019.841200 -9.462692 3.530000 0
2019.843900 -6.804923 3.706000 0
2019.846700 -5.356054 3.519000 0
2019.849400 -9.241416 3.690000 0
2019.852200 -7.601617 3.689000 0
2019.854900 -13.167056 3.616000 0
2019.857600 -11.108022 3.409000 0
2019.860400 -3.222733 3.555000 0
2019.863100 -5.821697 3.979000 0
2019.865800 -4.059153 3.801000 0
2019.868600 -10.822261 3.699000 0
2019.871300 -19.442645 3.562000 0
2019.874100 -7.793619 3.484000 0
2019.876800 -4.972890 3.600000 0
2019.879500 -5.452599 3.597000 0
2019.882300 -8.651806 3.575000 0
2019.885000 -3.780344 3.762000 0
2019.887700 1.473704 3.558000 0
2019.890500 6.541345 3.719000 0
2019.893200 -0.649389 3.643000 0
2019.896000 -0.633470 3.712000 0
2019.898700 4.935042 3.817000 0
2019.901400 3.184173 3.814000 0
2019.904200 14.533044 3.634000 0
2019.906900 -8.208548 3.679000 0
2019.909700 -1.474344 3.712000 0
2019.912400 -3.343642 3.683000 0
2019.915100 6.648700 3.725000 0
2019.917900 -1.359083 3.574000 0
2019.920600 5.965567 3.813000 0
2019.923300 1.315862 3.670000 0
2019.926100 -2.325891 3.893000 0
2019.928800 -7.524282 3.566000 0
2019.931600 -8.548672 3.480000 0
2019.934300 -0.182751 3.662000 0
2019.937000 1.997813 3.644000 0
2019.939800 -12.801556 3.819000 0
2019.942500 -13.735691 3.563000 0
2019.945200 -10.182192 3.766000 0
2019.948000 -0.254565 3.516000 0
2019.950700 2.763213 3.758000 0
2019.953500 -2.783843 3.566000 0
2019.956200 -1.366806 3.617000 0
2019.958900 -1.444159 3.563000 0
2019.961700 -6.185295 3.592000 0
2019.964400 -3.617427 3.747000 0
2019.967100 -10.562970 3.694000 0
2019.969900 -16.566253 3.799000 0
2019.972600 -15.180621 3.613000 0
2019.975400 -1.754704 3.704000 0
2019.978100 1.581065 3.507000 0
2019.980800 0.896378 3.642000 0
2019.983600 -5.561992 3.788000 0
2019.986300 -5.669602 3.649000 0
2019.989000 -4.773700 3.803000 0
2019.991800 0.602541 3.847000 0
2019.994500 -0.238550 3.525000 0
2019.997300 -4.581291 3.526000 0
2020.000000 -4.291426 3.589000 0
2020.002700 3.226889 3.796000 0
2020.005500 0.544566 3.651000 0
2020.008200 -9.669244 3.592000 0
2020.011000 -6.987689 3.751000 0
2020.013700 -4.873681 3.668000 0
2020.016400 -11.318294 3.604000 0
2020.019200 -9.820545 3.675000 0
2020.021900 -3.243430 3.764000 0
2020.024600 1.261018 3.807000 0
2020.027400 3.176818 3.873000 0
2020.030100 -4.136102 3.657000 0
2020.032900 -5.446680 3.917000 0
2020.035600 -2.634034 3.702000 0
2020.038300 -3.441135 3.584000 0
2020.041100 -5.805915 3.740000 0
2020.043800 -5.757550 3.528000 0
2020.046500 -7.194982 3.613000 0
2020.049300 -10.062122 3.629000 0
2020.052000 -13.450192 3.644000 0
2020.054800 -9.340992 3.521000 0
2020.057500 -9.977768 3.556000 0
2020.060200 -12.849427 3.598000 0
2020.063000 -10.249854 3.383000 0
2020.065700 -11.169323 3.686000 0
2020.068400 -11.600725 3.632000 0
2020.071200 -3.511941 3.478000 0
2020.073900 -2.844258 3.613000 0
2020.076700 -9.454421 3.509000 0
2020.079400 -14.695721 3.563000 0
2020.082100 -1.505038 3.633000 0
2020.084900 -7.033253 3.729000 0
2020.087600 -10.080654 3.674000 0
2020.090300 -11.466121 3.493000 0
2020.093100 -5.522543 3.460000 0
2020.095800 -0.806191 3.629000 0
2020.098600 0.753165 3.411000 0
2020.101300 2.224272 3.493000 0
2020.104000 -9.108765 3.535000 0
2020.106800 -15.379859 3.440000 0
2020.109500 -2.406232 3.625000 0
2020.112300 0.401296 3.663000 0
2020.115000 0.372529 3.651000 0
2020.117700 -0.610453 3.724000 0
2020.120500 -13.315599 3.579000 0
2020.123200 -4.867056 3.562000 0
2020.125900 -2.682766 3.656000 0
2020.128700 0.735293 3.712000 0
2020.131400 0.689032 3.544000 0
2020.134200 -4.952506 3.519000 0
2020.136900 -16.144365 3.752000 0
2020.139600 -8.789534 3.591000 0
2020.142400 -13.322047 3.503000 0
2020.145100 -5.811877 3.535000 0
2020.147800 1.978954 3.819000 0
2020.150600 -7.989626 3.566000 0
2020.153300 -10.475512 3.421000 0
2020.156100 -14.069852 3.423000 0
2020.158800 -13.392488 3.590000 0
2020.161500 -8.664502 3.445000 0
2020.164300 -4.370035 3.559000 0
2020.167000 -3.859841 3.741000 0
2020.169700 -4.844044 3.569000 0
2020.172500 -0.034827 3.744000 0
2020.175200 -7.611854 3.604000 0
2020.178000 -7.471501 3.424000 0
2020.180700 -14.665369 3.615000 0
2020.183400 -13.976655 3.366000 0
2020.186200 -13.986618 3.470000 0
2020.188900 -7.581764 3.479000 0
2020.191600 -2.359334 3.587000 0
2020.194400 2.315366 3.571000 0
2020.197100 -4.446072 3.463000 0
2020.199900 -3.182274 3.416000 0
2020.202600 -0.206582 3.737000 0
2020.205300 -6.908316 3.638000 0
2020.208100 -2.736860 3.716000 0
2020.210800 -0.764458 3.510000 0
2020.213600 -2.390893 3.877000 0
2020.216300 -2.585347 3.974000 0
2020.219000 -6.746216 3.811000 0
2020.221800 -8.697961 3.684000 0
2020.224500 -2.629667 3.648000 0
2020.227200 -10.587777 3.770000 0
2020.230000 -4.165794 3.484000 0
2020.232700 -3.040713 3.542000 0
2020.235500 1.095441 3.716000 0
2020.238200 -10.367264 3.861000 0
2020.240900 -4.680346 3.486000 0
2020.243700 -8.912378 3.620000 0
2020.246400 -6.219207 3.557000 0
2020.249100 -7.917393 3.555000 0
2020.251900 0.698454 3.533000 0
2020.254600 -11.108433 3.618000 0
2020.257400 -8.108296 3.750000 0
2020.260100 -9.266850 3.514000 0
2020.262800 -14.767719 3.603000 0
2020.265600 -2.677573 3.707000 0
2020.268300 -2.105055 3.631000 0
2020.271000 3.004177 3.893000 0
2020.273800 -9.689579 3.596000 0
2020.276500 -9.138900 3.615000 0
2020.279300 7.369792 3.742000 0
2020.282000 -5.633041 3.516000 0
2020.284700 -6.778109 3.511000 0
2020.287500 -7.405158 3.667000 0
2020.290200 -6.270673 3.683000 0
2020.293000 -13.585161 3.477000 0
2020.295700 -11.327076 3.549000 0
2020.298400 -5.649172 3.657000 0
2020.301200 -2.086227 3.518000 0
2020.303900 -2.587656 3.703000 0
2020.306600 -2.906230 3.526000 0
2020.309400 -3.533746 3.772000 0
2020.312100 -1.093584 3.542000 0
2020.314900 -6.244348 3.548000 0
2020.317600 -9.984402 3.559000 0
2020.320300 -12.023545 3.436000 0
2020.323100 -3.422591 3.887000 0
2020.325800 -7.694882 3.722000 0
2020.328500 -8.627228 3.300000 0
2020.331300 -3.983449 3.518000 0
2020.334000 -4.903875 3.301000 0
2020.336800 -6.465156 3.537000 0
2020.339500 -15.203618 3.664000 0
2020.342200 -5.915082 3.707000 0
2020.345000 -9.352369 3.671000 0
2020.347700 -7.811805 3.478000 0
2020.350400 -6.236212 3.649000 0
2020.353200 -10.074409 3.502000 0
2020.355900 -11.242729 3.539000 0
2020.358700 -12.900816 3.477000 0
2020.361400 -6.772011 3.617000 0
2020.364100 -5.191131 3.673000 0
2020.375100 -6.061311 4.908000 0
2020.380600 -5.403223 3.487000 0
2020.383300 -4.733590 3.624000 0
2020.386000 -4.329824 3.554000 0
2020.388800 1.271302 3.672000 0
2020.391500 -5.844643 3.706000 0
2020.394300 -2.708205 3.832000 0
2020.397000 1.307160 3.747000 0
2020.399700 -8.391316 3.634000 0
2020.402500 -5.679379 3.713000 0
2020.405200 -6.658520 3.866000 0
2020.407900 -0.375492 3.684000 0
2020.410700 -7.341022 3.517000 0
2020.413400 -9.590640 3.581000 0
2020.416200 -10.948799 4.045000 0
2020.418900 -6.148057 4.378000 0
2020.421600 4.062864 3.769000 0
2020.424400 -3.855732 3.928000 0
2020.427100 -1.499445 4.264000 0
2020.429800 -1.906978 3.605000 0
2020.432600 -3.205009 5.724000 0
2020.435300 -1.740178 4.833000 0
2020.438100 -3.791834 4.520000 0
2020.440800 -7.202645 4.474000 0
2020.443500 -6.260284 5.471000 0
2020.446300 -7.753396 3.546000 0
2020.449000 -7.388692 3.628000 0
2020.451700 -2.738824 3.845000 0
2020.454500 -2.051423 3.816000 0
2020.457200 1.417765 3.623000 0
2020.460000 -3.105510 3.737000 0
2020.462700 2.353979 3.708000 0
2020.465400 -0.456391 3.840000 0
2020.468200 4.412774 3.721000 0
2020.470900 -7.591329 3.967000 0
2020.473600 -7.792310 4.331000 0
2020.476400 -2.278761 3.710000 0
2020.479100 -4.700516 3.847000 0
2020.481900 -7.880747 4.167000 0
2020.484600 -10.126305 3.798000 0
2020.487300 -15.666779 3.599000 0
2020.490100 -6.130746 3.899000 0
2020.492800 -9.316074 3.759000 0
2020.495600 3.517092 4.054000 0
2020.498300 1.658874 3.720000 0
2020.501000 -1.818305 3.729000 0
2020.503800 -7.796014 3.541000 0
2020.506500 -10.009142 3.534000 0
2020.509200 -14.640260 3.649000 0
2020.512000 -3.210938 3.772000 0
2020.514700 -6.685067 3.573000 0
2020.517500 -10.700780 3.566000 0
2020.520200 -1.280964 3.951000 0
2020.522900 -2.464191 3.774000 0
2020.525700 -2.952039 3.617000 0
2020.528400 5.025611 3.774000 0
2020.531100 -10.333814 3.853000 0
2020.533900 -7.596904 3.633000 0
2020.536600 -2.316520 3.501000 0
2020.539400 2.971168 3.765000 0
2020.542100 1.058314 3.654000 0
2020.544800 -4.685673 3.636000 0
2020.547600 -14.501406 3.728000 0
2020.550300 -13.982701 3.610000 0
2020.553000 5.700836 5.708000 0
2020.555800 -6.973425 3.479000 0
2020.558500 -1.408265 3.522000 0
2020.561300 -15.459941 3.649000 0
2020.564000 -9.788203 4.086000 0
2020.566700 -6.228689 4.050000 0
2020.569500 -7.453070 4.038000 0
2020.572200 1.816955 4.035000 0
2020.574900 1.478724 3.697000 0
2020.577700 -1.356463 3.770000 0
2020.580400 -5.995247 3.704000 0
2020.583200 -11.247029 4.007000 0
2020.585900 -8.415406 4.020000 0
2020.588600 -8.610089 3.540000 0
2020.591400 -4.509834 3.737000 0
2020.594100 -2.290168 3.567000 0
2020.596900 -6.919606 3.703000 0
2020.599600 -9.003626 3.744000 0
2020.602300 -5.437996 3.839000 0
2020.605100 -2.126535 3.614000 0
2020.607800 4.108361 3.867000 0
2020.610500 -2.575116 3.815000 0
2020.613300 -5.685824 3.659000 0
2020.616000 -3.293078 3.657000 0
2020.618800 4.660394 3.671000 0
2020.621500 4.643338 3.695000 0
2020.624200 1.466880 3.803000 0
2020.627000 -10.404913 3.776000 0
2020.629700 -7.903204 3.703000 0
2020.632400 2.386091 3.892000 0
2020.635200 -3.724009 3.805000 0
2020.637900 1.452429 4.064000 0
2020.640700 7.329435 4.259000 0
2020.643400 2.005006 3.869000 0
2020.646100 6.113149 3.995000 0
2020.648900 -6.413194 3.548000 0
2020.651600 13.910073 3.755000 0
2020.654300 2.207908 3.637000 0
2020.657100 0.399208 3.641000 0
2020.659800 17.996167 3.799000 0
2020.662600 -3.513441 3.653000 0
2020.665300 5.365644 3.774000 0
2020.668000 2.368304 3.792000 0
2020.670800 -5.541644 3.850000 0
2020.673500 1.256158 3.836000 0
2020.676200 3.889542 4.011000 0
2020.679000 7.467283 3.942000 0
2020.681700 -7.811168 3.756000 0
2020.684500 -7.885284 3.665000 0
2020.687200 -8.963550 3.673000 0
2020.689900 -6.441209 3.767000 0
2020.692700 -1.230557 3.887000 0
2020.695400 3.214007 3.800000 0
2020.698200 4.330867 3.587000 0
2020.700900 -8.447316 3.570000 0
2020.703600 -1.609854 3.575000 0
2020.706400 -3.860111 3.896000 0
2020.709100 1.888656 3.727000 0
2020.711800 -0.029905 3.838000 0
2020.714600 -8.162192 3.764000 0
2020.717300 -7.351388 3.779000 0
2020.720100 -14.468311 4.010000 0
2020.722800 -11.395098 3.927000 0
2020.725500 -7.883158 3.831000 0
2020.728300 -4.006940 3.882000 0
2020.731000 -5.952518 3.518000 0
2020.733700 -5.362332 3.630000 0
2020.736500 -9.878855 3.520000 0
2020.739200 -2.746108 3.488000 0
2020.742000 -3.785058 3.535000 0
2020.744700 -5.724694 3.561000 0
2020.747400 -9.046496 3.653000 0
2020.750200 -8.792970 3.522000 0
2020.752900 -8.058066 3.646000 0
2020.755600 -3.621284 3.567000 0
2020.758400 -9.974141 3.493000 0
2020.761100 -9.224560 3.432000 0
2020.763900 -10.992591 3.621000 0
2020.766600 -7.927145 3.550000 0
2020.769300 -4.373741 3.603000 0
2020.772100 -4.540905 3.631000 0
2020.774800 -1.400536 3.708000 0
2020.777500 -12.242161 3.668000 0
2020.780300 -4.520301 3.674000 0
2020.783000 -5.189859 3.741000 0
2020.785800 -10.891894 3.731000 0
2020.788500 -5.238316 3.584000 0
2020.791200 -16.064646 4.017000 0
2020.794000 -10.258390 3.672000 0
2020.796700 -3.843480 3.668000 0
2020.799500 -1.518939 3.869000 0
2020.802200 -11.086718 3.822000 0
2020.804900 -1.925319 3.495000 0
2020.807700 -8.074219 3.610000 0
2020.810400 -3.198406 3.700000 0
2020.813100 -6.490365 3.893000 0
2020.815900 -2.374545 3.691000 0
2020.818600 -4.158988 3.670000 0
2020.821400 -3.907598 3.537000 0
2020.824100 -15.316458 3.939000 0
2020.826800 -1.939008 3.603000 0
2020.829600 -2.116641 3.505000 0
2020.832300 -0.866511 3.716000 0
2020.835000 -4.963023 3.743000 0
2020.837800 -7.750532 3.479000 0
2020.840500 -8.806271 3.562000 0
2020.843300 -9.752947 3.623000 0
2020.846000 -10.917853 3.730000 0
2020.848700 -5.602330 3.648000 0
2020.851500 -4.756652 3.824000 0
2020.854200 -4.533211 3.824000 0
2020.856900 -2.267301 3.875000 0
2020.859700 4.704856 3.634000 0
2020.862400 -2.951239 3.551000 0
2020.865200 -6.872024 3.666000 0
2020.867900 -7.676076 3.762000 0
2020.870600 -6.856599 3.423000 0
2020.873400 -4.216720 3.701000 0
2020.876100 -6.200134 3.619000 0
2020.878900 -9.161085 3.435000 0
2020.881600 -12.545351 3.711000 0
2020.884300 -11.198041 3.791000 0
2020.887100 -5.131175 3.677000 0
2020.889800 -7.008665 3.634000 0
2020.892500 -14.214555 3.834000 0
2020.895300 -5.837800 3.833000 0
2020.898000 -0.316449 3.622000 0
2020.900800 0.965607 3.804000 0
2020.903500 0.769224 3.563000 0
2020.906200 -3.451531 3.921000 0
2020.909000 -7.550498 4.083000 0
2020.911700 -8.391961 4.125000 0
2020.914400 -2.613786 3.580000 0
2020.917200 -3.927741 3.521000 0
2020.919900 -7.114258 3.742000 0
2020.922700 -9.359854 3.715000 0
2020.925400 -4.402057 3.664000 0
2020.928100 -11.232615 3.631000 0
2020.930900 -1.929179 3.744000 0
2020.933600 -12.146424 3.799000 0
2020.936300 -4.047026 3.429000 0
2020.939100 -6.396567 3.590000 0
2020.941800 -8.597867 3.595000 0
2020.944600 2.022936 3.841000 0
2020.947300 -2.168074 3.754000 0
2020.950000 -2.835458 3.806000 0
2020.952800 -5.231680 3.619000 0
2020.955500 -2.044802 3.662000 0
2020.958200 0.027687 3.503000 0
2020.961000 -2.973611 3.473000 0
2020.963700 -1.517896 3.489000 0
2020.966500 -4.039939 3.731000 0
2020.969200 -6.041029 3.639000 0
2020.971900 -6.311545 3.807000 0
2020.974700 -5.300779 3.814000 0
2020.977400 -2.953152 3.976000 0
2020.980200 2.805779 3.897000 0
2020.982900 -5.653492 3.775000 0
2020.985600 -10.570236 3.496000 0
2020.988400 4.625350 3.638000 0
2020.991100 -2.895358 3.593000 0
2020.993800 -2.122575 3.611000 0
2020.996600 -2.827442 3.658000 0
2020.999300 8.253304 3.861000 0
2021.002100 -1.817591 3.442000 0
2021.004800 -7.817936 3.431000 0
2021.007500 -6.560854 3.625000 0
2021.010300 -1.705407 3.625000 0
2021.013000 -6.091500 3.693000 0
2021.015700 1.443790 3.813000 0
2021.018500 -0.110557 3.825000 0
2021.021200 -3.192532 3.594000 0
2021.024000 -6.029149 3.731000 0
2021.026700 -14.068452 3.613000 0
2021.029400 -12.112449 3.702000 0
2021.032200 -11.391102 3.588000 0
2021.034900 -7.473525 3.474000 0
2021.037600 -3.718690 3.668000 0
2021.040400 -5.379532 3.665000 0
2021.043100 -5.691223 3.561000 0
2021.045900 -1.066609 3.585000 0
2021.048600 -2.366894 3.563000 0
2021.051300 -2.169006 3.579000 0
2021.054100 -6.032845 3.700000 0
2021.056800 -7.619655 3.757000 0
2021.059500 -6.941343 3.690000 0
2021.062300 -8.184796 3.718000 0
2021.065000 -0.554285 3.753000 0
2021.067800 1.896431 3.683000 0
2021.070500 3.475070 3.790000 0
2021.073200 0.592746 3.659000 0
2021.076000 -9.055420 3.636000 0
2021.078700 -13.035718 3.494000 0
2021.081500 -0.099893 3.701000 0
2021.084200 -0.977234 3.667000 0
2021.086900 -9.416621 3.543000 0
2021.089700 -4.461939 3.661000 0
2021.092400 -3.034467 3.748000 0
2021.095100 0.642911 3.592000 0
2021.097900 3.517299 3.603000 0
2021.100600 -2.032560 3.521000 0
2021.103400 -0.966450 3.449000 0
2021.106100 1.009392 3.891000 0
2021.108800 -2.904935 3.563000 0
2021.111600 -5.288356 3.886000 0
2021.114300 -1.267069 3.747000 0
2021.117000 -2.056994 3.604000 0
2021.119800 -5.322078 3.377000 0
2021.122500 -2.362471 3.597000 0
2021.125300 3.364931 3.394000 0
2021.128000 -1.588984 3.736000 0
2021.130700 -5.663172 3.682000 0
2021.133500 -5.933631 3.677000 0
2021.136200 -5.834412 3.507000 0
2021.138900 -5.128499 3.529000 0
2021.141700 -3.028925 4.235000 0
2021.144400 -9.282669 6.796000 0
2021.147200 -5.302796 3.419000 0
2021.149900 -2.166234 3.479000 0
2021.152600 -6.163027 3.584000 0
2021.155400 1.376731 3.633000 0
2021.158100 -3.053807 3.797000 0
2021.160800 -5.174723 3.699000 0
2021.163600 -1.652152 3.705000 0
2021.166300 -1.257855 4.060000 0
2021.169100 -6.153114 3.566000 0
2021.171800 -9.926629 3.588000 0
2021.174500 -8.056550 3.637000 0
2021.177300 -10.645087 3.589000 0
2021.180000 -9.842847 3.558000 0
2021.182800 -16.110261 3.795000 0
2021.185500 -14.390874 3.451000 0
2021.188200 -9.752910 3.507000 0
2021.191000 -0.533654 3.466000 0
2021.193700 0.233445 3.545000 0
2021.196400 -4.838883 3.658000 0
2021.199200 -2.330970 3.772000 0
2021.201900 2.842833 3.657000 0
2021.204700 1.176845 3.719000 0
2021.207400 -2.117220 4.059000 0
2021.210100 -8.287709 3.621000 0
2021.212900 -6.085031 3.576000 0
2021.215600 -4.520377 3.676000 0
2021.218300 -5.903139 3.494000 0
2021.221100 -5.016773 3.583000 0
2021.223800 -13.624373 3.663000 0
2021.226600 -7.100868 3.643000 0
2021.229300 -3.239289 3.689000 0
2021.232000 1.227894 3.627000 0
2021.234800 2.086153 3.380000 0
2021.237500 -12.272454 3.931000 0
2021.240200 -12.812439 3.710000 0
2021.243000 -3.896372 3.725000 0
2021.245700 -6.037108 3.499000 0
2021.248500 -11.516805 3.536000 0
2021.251200 -10.213262 3.393000 0
2021.253900 -8.598061 3.369000 0
2021.256700 -11.552836 3.488000 0
2021.259400 -8.711308 3.470000 0
2021.262100 -0.830096 3.470000 0
2021.264900 -3.214868 3.487000 0
2021.267600 2.805726 3.548000 0
2021.270400 0.049333 3.415000 0
2021.273100 0.247348 3.725000 0
2021.275800 5.942095 3.473000 0
2021.278600 9.171855 3.671000 0
2021.281300 -0.607916 3.519000 0
2021.284100 -3.856669 3.455000 0
2021.286800 -1.602913 3.619000 0
2021.289500 1.884627 3.475000 0
2021.292300 -7.972808 3.621000 0
2021.295000 -2.924675 3.436000 0
2021.297700 -5.967725 3.524000 0
2021.300500 -5.337736 3.523000 0
2021.303200 -11.093125 3.498000 0
2021.306000 -1.096463 3.782000 0
2021.308700 -3.692143 3.791000 0
2021.311400 -1.143950 3.566000 0
2021.314200 -4.324686 3.462000 0
2021.316900 0.153285 3.405000 0
2021.319600 -5.871836 3.549000 0
2021.322400 -1.038862 3.743000 0
2021.325100 6.351864 3.385000 0
2021.327900 -1.150297 3.658000 0
2021.330600 1.142321 3.518000 0
2021.333300 6.022902 3.598000 0
2021.336100 3.960626 3.334000 0
2021.338800 4.069167 3.398000 0
2021.341500 -7.165298 3.200000 0
2021.344300 -5.737587 3.190000 0
2021.347000 -4.413029 3.281000 0
2021.349800 -2.327275 3.322000 0
2021.352500 -0.249654 3.415000 0
2021.355200 0.795013 3.743000 0
2021.358000 -2.451090 3.463000 0
2021.360700 -4.242303 3.410000 0
2021.363400 -5.305443 3.292000 0
2021.366200 -4.203318 3.225000 0
2021.368900 -0.580286 3.310000 0
2021.371700 4.125036 3.512000 0
2021.374400 4.272274 3.556000 0
2021.377100 7.968624 3.640000 0
2021.379900 -6.433702 4.023000 0
2021.382600 -6.324103 3.624000 0
2021.385400 -5.384157 3.650000 0
2021.388100 -10.352283 3.793000 0
2021.390800 -8.165266 3.567000 0
2021.393600 -10.935869 3.569000 0
2021.396300 -3.932545 3.339000 0
2021.399000 -2.913062 3.244000 0
2021.401800 -6.050169 3.633000 0
2021.404500 4.496646 3.461000 0
2021.407300 -3.223108 3.421000 0
2021.410000 -6.527946 3.483000 0
2021.412700 3.713390 3.283000 0
2021.415500 -11.598817 3.550000 0
2021.418200 -0.567121 3.308000 0
2021.420900 1.743754 3.460000 0
2021.423700 1.770109 3.370000 0
2021.426400 -5.685650 3.295000 0
2021.429200 9.614086 3.496000 0
2021.431900 -4.062308 3.281000 0
2021.434600 -0.008523 3.304000 0
2021.437400 1.187774 3.431000 0
2021.440100 -10.661083 3.481000 0
2021.442800 -3.832766 3.505000 0
2021.445600 -2.028924 3.428000 0
2021.448300 4.482737 3.849000 0
2021.451100 3.194930 3.726000 0
2021.453800 -4.028078 3.775000 0
2021.456500 1.495070 3.610000 0
2021.459300 -3.042246 3.546000 0
2021.462000 1.908207 3.353000 0
2021.464800 -2.362804 3.431000 0
2021.467500 2.144931 3.443000 0
2021.470200 -2.673205 3.644000 0
2021.473000 -1.925808 3.614000 0
2021.475700 -1.439699 3.560000 0
2021.478400 1.591520 3.412000 0
2021.481200 7.225262 3.383000 0
2021.483900 0.337680 3.426000 0
2021.486700 -5.869387 3.898000 0
2021.489400 -4.064800 3.624000 0
2021.492100 -1.107145 3.553000 0
2021.494900 -9.681994 3.522000 0
2021.497600 -0.368224 3.699000 0
2021.500300 -2.453412 3.537000 0
2021.503100 -4.667129 3.511000 0
2021.505800 0.787739 3.634000 0
2021.508600 1.134060 3.554000 0
2021.511300 -5.905057 3.604000 0
2021.514000 1.461817 3.477000 0
2021.516800 0.743112 3.440000 0
2021.519500 -11.447063 3.824000 0
2021.522200 -4.822278 3.673000 0
2021.525000 -1.315110 3.498000 0
2021.527700 -7.696441 3.383000 0
2021.530500 -7.167418 3.526000 0
2021.533200 -7.115911 3.468000 0
2021.535900 -5.649501 3.544000 0
2021.538700 2.907218 3.658000 0
2021.541400 1.506397 3.365000 0
2021.544100 -4.814554 3.468000 0
2021.546900 -8.314247 3.516000 0
2021.549600 -9.845500 3.666000 0
2021.552400 3.051471 3.442000 0
2021.555100 -4.124130 3.516000 0
2021.557800 -0.558919 3.549000 0
2021.560600 -1.209540 3.598000 0
2021.563300 -3.367746 3.547000 0
2021.566100 -0.124822 3.578000 0
2021.568800 3.262511 3.437000 0
2021.571500 -2.720400 3.365000 0
2021.574300 8.482759 3.353000 0
2021.577000 -6.746678 3.478000 0
2021.579700 12.693611 3.396000 0
2021.582500 9.596907 3.585000 0
2021.585200 3.848608 3.485000 0
2021.588000 3.859273 3.734000 0
2021.590700 11.553346 3.519000 0
2021.593400 5.044097 3.384000 0
2021.596200 -5.841252 3.519000 0
2021.598900 -1.077183 3.514000 0
2021.601600 9.594539 3.391000 0
2021.604400 4.687097 3.432000 0
2021.607100 4.477088 3.492000 0
2021.609900 2.962872 3.492000 0
2021.612600 7.435102 3.265000 0
2021.615300 -1.086051 3.450000 0
2021.618100 1.599526 3.350000 0
2021.620800 4.692574 3.407000 0
2021.623500 5.827221 3.450000 0
2021.626300 0.128537 3.399000 0
2021.629000 4.395354 3.418000 0
2021.631800 4.481800 3.435000 0
2021.634500 13.316769 3.299000 0
2021.637200 3.985317 3.475000 0
2021.640000 2.596437 3.382000 0
2021.642700 7.499120 3.466000 0
2021.645400 5.386374 3.490000 0
2021.648200 -1.489854 3.536000 0
2021.650900 -1.420475 3.523000 0
2021.653700 7.459387 3.579000 0
2021.656400 11.162888 3.548000 0
2021.659100 9.710957 3.380000 0
2021.661900 2.851465 3.355000 0
2021.664600 6.501661 3.354000 0
2021.667400 8.205266 3.400000 0
2021.670100 9.504597 3.491000 0
2021.672800 4.583506 3.594000 0
2021.675600 6.154787 3.616000 0
2021.678300 16.726850 3.529000 0
2021.681000 0.543504 3.511000 0
2021.683800 7.338496 3.345000 0
2021.686500 6.972332 3.409000 0
2021.689300 -0.587512 3.282000 0
2021.692000 5.417529 3.460000 0
2021.694700 2.517191 3.313000 0
2021.697500 1.928150 3.420000 0
2021.700200 2.114060 3.492000 0
2021.702900 -3.148387 3.418000 0
2021.705700 6.732448 3.266000 0
2021.708400 6.423301 3.274000 0
2021.711200 5.100430 3.293000 0
2021.713900 4.535622 3.425000 0
2021.716600 12.276504 3.315000 0
2021.719400 2.905659 3.304000 0
2021.722100 0.464945 3.377000 0
2021.724800 8.776955 3.517000 0
2021.727600 4.539242 3.348000 0
2021.730300 5.643727 3.509000 0
2021.733100 4.356496 3.269000 0
2021.735800 -0.164492 3.232000 0
2021.738500 7.903308 3.262000 0
2021.741300 2.721409 3.530000 0
2021.744000 6.779819 3.420000 0
2021.746700 -4.044942 3.494000 0
2021.749500 -1.578376 3.571000 0
2021.752200 -6.600439 3.584000 0
2021.755000 -3.240154 3.505000 0
2021.757700 -2.026456 3.199000 0
2021.760400 5.892147 3.317000 0
2021.763200 -0.113866 3.237000 0
2021.765900 1.418594 3.217000 0
2021.768700 3.463467 3.125000 0
2021.771400 -2.777151 3.168000 0
2021.774100 6.539218 3.345000 0
2021.776900 -3.680951 3.472000 0
2021.779600 0.533441 3.598000 0
2021.782300 0.927871 3.519000 0
2021.785100 -1.287182 3.505000 0
2021.787800 2.346375 3.419000 0
2021.790600 4.224491 3.344000 0
2021.793300 2.101245 3.208000 0
2021.796000 -1.171879 3.164000 0
2021.798800 3.939621 3.138000 0
2021.801500 -2.594201 3.269000 0
2021.804200 6.604150 3.674000 0
2021.807000 -3.217804 3.398000 0
2021.809700 -3.975047 3.296000 0
2021.812500 -5.382545 3.302000 0
2021.815200 0.117685 3.176000 0
2021.817900 0.890173 3.287000 0
2021.820700 11.176486 3.714000 0
2021.823400 8.464548 3.325000 0
2021.826100 8.225917 3.349000 0
2021.828900 6.198194 3.272000 0
2021.831600 0.480235 3.312000 0
2021.834400 6.440242 3.275000 0
2021.837100 -3.568982 3.295000 0
2021.839800 -3.519823 3.301000 0
2021.842600 0.423392 3.350000 0
2021.845300 0.918376 3.465000 0
2021.848000 -3.037213 3.398000 0
2021.850800 -1.393656 3.285000 0
2021.853500 -2.474335 3.274000 0
2021.856300 -0.602806 3.201000 0
2021.859000 0.227479 3.291000 0
2021.861700 -2.114746 3.299000 0
2021.864500 -0.104669 3.302000 0
2021.867200 -5.023856 4.766000 0
2021.870000 0.757321 3.606000 0
2021.872700 -0.249784 3.393000 0
2021.875400 3.508658 3.450000 0
2021.878200 11.640557 3.327000 0
2021.880900 -0.312858 3.410000 0
2021.883600 1.697302 3.218000 0
2021.886400 -4.301990 3.281000 0
2021.889100 -1.265634 3.395000 0
2021.891900 1.920329 3.461000 0
2021.894600 3.374910 3.243000 0
2021.897300 1.168103 3.351000 0
2021.900100 -11.100009 3.655000 0
2021.902800 -6.991554 3.421000 0
2021.905500 -1.097472 3.258000 0
2021.908300 1.484391 3.398000 0
2021.911000 4.247762 3.265000 0
2021.913800 -3.316030 3.432000 0
2021.916500 -5.120356 3.294000 0
2021.919200 -5.588040 3.484000 0
2021.922000 0.416191 3.673000 0
2021.924700 -0.538179 3.379000 0
2021.927400 -1.587905 3.411000 0
2021.930200 -4.585642 3.414000 0
2021.932900 4.350946 3.612000 0
2021.935700 2.663569 3.431000 0
2021.938400 7.952465 3.480000 0
2021.941100 6.228999 3.453000 0
2021.943900 2.003633 3.499000 0
2021.946600 2.868459 3.409000 0
2021.949300 4.725913 3.413000 0
2021.952100 3.308524 3.302000 0
2021.954800 3.706242 3.503000 0
2021.957600 7.478154 3.473000 0
2021.960300 1.670114 3.515000 0
2021.963000 4.957674 3.659000 0
2021.965800 7.266474 3.446000 0
2021.968500 8.129233 3.547000 0
2021.971300 1.167259 3.467000 0
2021.974000 9.850184 3.502000 0
2021.976700 10.070667 3.429000 0
2021.979500 10.263452 3.484000 0
2021.982200 14.417044 3.553000 0
2021.984900 9.479164 3.657000 0
2021.987700 8.066613 3.595000 0
2021.990400 7.768775 3.660000 0
2021.993200 6.560281 3.319000 0
2021.995900 12.372438 3.369000 0
2021.998600 15.285064 3.366000 0
2022.001400 13.918048 3.374000 0
2022.004100 4.552591 3.468000 0
2022.006800 -2.017436 3.302000 0
2022.009600 4.773901 3.458000 0
2022.012300 7.719706 3.485000 0
2022.015100 8.180876 3.374000 0
2022.017800 4.564454 3.251000 0
2022.020500 2.255389 3.375000 0
2022.023300 3.549683 3.665000 0
2022.026000 0.149298 3.314000 0
2022.028700 0.582223 3.241000 0
2022.031500 1.140493 3.299000 0
2022.034200 4.636002 3.347000 0
2022.037000 9.506842 3.314000 0
2022.039700 7.761866 3.791000 0
2022.042400 7.867119 3.716000 0
2022.045200 6.437678 3.274000 0
2022.047900 6.393345 3.287000 0
2022.050700 7.949299 3.383000 0
2022.053400 4.390310 3.571000 0
2022.056100 -0.182534 3.359000 0
2022.058900 -2.062128 3.322000 0
2022.061600 5.093269 3.278000 0
2022.064300 8.399758 3.293000 0
2022.067100 7.674457 3.398000 0
2022.069800 8.944083 3.745000 0
2022.072600 1.559887 3.344000 0
2022.075300 3.253581 3.369000 0
2022.078000 5.019284 3.217000 0
2022.080800 4.678114 3.361000 0
2022.083500 4.721782 3.557000 0
2022.086200 8.236408 3.472000 0
2022.089000 1.634109 3.311000 0
2022.091700 5.388602 3.602000 0
2022.094500 2.203130 3.413000 0
2022.097200 -3.130575 3.403000 0
2022.099900 -1.048400 3.420000 0
2022.102700 -0.961251 3.361000 0
2022.105400 -0.544368 3.380000 0
2022.108100 1.763350 3.335000 0
2022.110900 3.298980 3.287000 0
2022.113600 6.021318 3.374000 0
2022.116400 2.882525 3.376000 0
2022.119100 -3.746573 3.212000 0
2022.121800 2.399096 3.188000 0
2022.124600 5.481567 3.328000 0
2022.127300 5.820722 3.455000 0
2022.130000 8.137605 3.473000 0
2022.132800 5.185224 3.380000 0
2022.135500 -0.662479 3.257000 0
2022.138300 9.438508 3.473000 0
2022.141000 5.356175 3.241000 0
2022.143700 5.807517 3.427000 0
2022.146500 -3.908519 3.440000 0
2022.149200 -3.838867 3.522000 0
2022.152000 0.476363 3.519000 0
2022.154700 4.234289 3.448000 0
2022.157400 0.683847 3.654000 0
2022.160200 3.441919 3.356000 0
2022.162900 4.223705 3.294000 0
2022.165600 2.918103 3.328000 0
2022.168400 4.829952 3.164000 0
2022.171100 2.178541 3.303000 0
2022.173900 8.971539 3.374000 0
2022.176600 6.612300 3.526000 0
2022.179300 9.053647 3.504000 0
2022.182100 7.466346 3.498000 0
2022.184800 6.800842 3.349000 0
2022.187500 8.603916 3.482000 0
2022.190300 3.291286 3.402000 0
2022.193000 -0.399505 3.271000 0
2022.195800 -0.720034 3.355000 0
2022.198500 -0.286694 3.336000 0
2022.201200 8.065219 3.550000 0
2022.204000 4.534345 3.287000 0
2022.206700 12.521391 3.537000 0
2022.209400 9.133012 3.738000 0
2022.212200 6.136803 3.430000 0
2022.214900 2.259566 3.392000 0
2022.217700 8.306472 3.530000 0
2022.220400 7.410388 3.622000 0
2022.223100 7.063894 3.284000 0
2022.225900 0.781507 3.315000 0
2022.228600 1.987190 3.503000 0
2022.231300 2.480475 3.368000 0
2022.234100 4.440838 3.249000 0
2022.236800 3.598330 3.237000 0
2022.239600 9.542884 3.278000 0
2022.242300 16.814609 3.561000 0
2022.245000 6.952967 3.375000 0
2022.247800 3.516366 3.408000 0
2022.250500 1.312999 3.400000 0
2022.253300 3.156662 3.337000 0
2022.256000 -0.078398 3.333000 0
2022.258700 8.526214 3.272000 0
2022.261500 9.825845 3.465000 0
2022.264200 2.031816 3.310000 0
2022.266900 1.989487 3.276000 0
2022.269700 8.940170 3.247000 0
2022.272400 6.639257 3.403000 0
2022.275200 4.539357 3.466000 0
2022.277900 5.520901 3.416000 0
2022.280600 5.396194 3.710000 0
2022.283400 0.697503 3.566000 0
2022.286100 9.655317 3.614000 0
2022.288800 1.269912 3.564000 0
2022.291600 6.690532 3.373000 0
2022.294300 1.047714 3.444000 0
2022.297100 1.983929 3.393000 0
2022.299800 9.293744 3.483000 0
2022.302500 0.988396 3.372000 0
2022.305300 1.527097 3.546000 0
2022.308000 -0.652549 3.567000 0
2022.310700 5.777676 3.313000 0
2022.313500 -0.414030 3.703000 0
2022.316200 -0.153033 3.436000 0
2022.319000 3.887048 3.483000 0
2022.321700 5.956863 3.540000 0
2022.324400 2.202606 3.366000 0
2022.327200 3.960459 3.528000 0
2022.329900 8.242088 3.577000 0
2022.332600 10.950678 3.594000 0
2022.335400 8.857408 3.703000 0
2022.338100 8.039951 3.889000 0
2022.340900 2.314655 3.613000 0
2022.343600 -3.522805 3.757000 0
2022.346300 10.417748 3.466000 0
2022.349100 7.341494 3.357000 0
2022.351800 9.008105 3.484000 0
2022.354600 5.441933 3.372000 0
2022.357300 6.641641 3.595000 0
2022.360000 -0.453590 3.582000 0
2022.362800 2.254431 3.442000 0
2022.365500 8.744353 3.395000 0
2022.368200 7.576362 3.583000 0
2022.371000 5.769656 3.566000 0
2022.373700 -0.207133 3.622000 0
2022.376500 0.001386 3.508000 0
2022.379200 12.957828 3.858000 0
2022.381900 5.313394 3.553000 0
2022.384700 -5.494696 3.665000 0
2022.387400 -0.107858 3.784000 0
2022.390100 0.754121 3.540000 0
2022.392900 -0.211523 3.784000 0
2022.395600 -2.955238 3.721000 0
2022.398400 3.079444 3.374000 0
2022.401100 4.161052 3.458000 0
2022.403800 4.039824 3.519000 0
2022.406600 5.785024 3.362000 0
2022.409300 -2.383858 3.584000 0
2022.412000 2.485432 3.487000 0
2022.414800 3.514178 3.474000 0
2022.417500 0.582828 3.633000 0
2022.420300 -3.573051 3.724000 0
2022.423000 4.863963 3.559000 0
2022.425700 0.134157 3.434000 0
2022.428500 3.720844 3.557000 0
2022.431200 2.891404 3.555000 0
2022.433900 6.434143 3.663000 0
2022.436700 -1.021608 3.508000 0
2022.439400 -2.130509 3.548000 0
2022.442200 3.986109 3.362000 0
2022.444900 2.398559 3.642000 0
2022.447600 5.788177 3.485000 0
2022.450400 -1.080674 3.495000 0
2022.453100 1.104277 3.614000 0
2022.455900 -0.735238 3.376000 0
2022.458600 0.103029 3.531000 0
2022.461300 1.024444 3.563000 0
2022.464100 -2.541605 3.605000 0
2022.466800 4.988096 3.717000 0
2022.469500 4.767927 3.641000 0
2022.472300 2.044292 3.410000 0
2022.475000 3.526371 3.372000 0
2022.477800 0.225979 3.606000 0
2022.480500 -2.522723 3.537000 0
2022.483200 -6.336328 3.602000 0
2022.486000 3.342583 3.546000 0
2022.488700 -3.402850 3.800000 0
2022.491400 0.912788 3.570000 0
2022.494200 0.144924 3.533000 0
2022.496900 13.084681 3.364000 0
2022.499700 7.574921 3.429000 0
2022.502400 6.412759 3.384000 0
2022.505100 4.438622 3.517000 0
2022.507900 5.792940 3.381000 0
2022.510600 2.202823 3.655000 0
2022.513300 1.368701 3.543000 0
2022.516100 9.433002 3.602000 0
2022.518800 5.867836 3.469000 0
2022.521600 5.664068 3.432000 0
2022.524300 3.724814 3.714000 0
2022.527000 9.969501 3.516000 0
2022.529800 4.155545 3.670000 0
2022.532500 3.785075 3.637000 0
2022.535200 1.974512 3.562000 0
2022.538000 -0.851739 3.495000 0
2022.540700 -8.209528 3.574000 0
2022.543500 10.685963 3.686000 0
2022.546200 9.184902 3.398000 0
2022.548900 -4.120310 3.336000 0
2022.551700 -2.226294 3.298000 0
2022.554400 -5.653848 3.444000 0
2022.557200 7.989789 3.527000 0
2022.559900 2.753847 3.420000 0
2022.562600 5.453697 3.481000 0
2022.565400 -1.912319 3.532000 0
2022.568100 2.026075 3.363000 0
2022.570800 1.691228 3.468000 0
2022.573600 7.641457 3.584000 0
2022.576300 1.128089 3.541000 0
2022.579100 0.609754 3.568000 0
2022.581800 7.267823 3.372000 0
2022.584500 6.957601 3.661000 0
2022.587300 -3.346651 3.634000 0
2022.590000 3.181503 3.475000 0
2022.592700 -6.489661 3.561000 0
2022.595500 9.278080 3.548000 0
2022.598200 2.985238 3.875000 0
2022.601000 -5.064741 3.451000 0
2022.603700 -0.769295 3.344000 0
2022.606400 1.112790 3.478000 0
2022.609200 2.901675 3.514000 0
2022.611900 -0.376997 3.573000 0
2022.614600 -2.918051 3.407000 0
2022.617400 1.904632 3.427000 0
2022.620100 0.778783 3.501000 0
2022.622900 -0.538372 3.528000 0
2022.625600 2.570960 3.420000 0
2022.628300 8.072883 3.469000 0
2022.631100 13.610441 3.601000 0
2022.633800 1.208519 3.327000 0
2022.636600 -8.285808 3.414000 0
2022.639300 -0.580589 3.346000 0
2022.642000 4.358204 3.528000 0
2022.644800 4.874537 3.855000 0
2022.647500 -1.136543 3.578000 0
2022.650200 -3.380053 3.413000 0
2022.653000 6.519926 3.482000 0
2022.655700 -9.214462 3.602000 0
2022.658500 -4.660393 3.460000 0
2022.661200 -1.178658 3.401000 0
2022.663900 -2.098351 3.519000 0
2022.666700 4.580369 3.414000 0
2022.669400 -3.681191 3.367000 0
2022.672100 -6.525173 3.385000 0
2022.674900 -1.459781 3.337000 0
2022.677600 0.113389 3.345000 0
2022.680400 -2.381090 3.466000 0
2022.683100 -1.215751 3.271000 0
2022.685800 -1.758812 3.322000 0
2022.688600 -3.190551 3.226000 0
2022.691300 -1.918410 3.370000 0
2022.694000 -2.275651 3.397000 0
2022.696800 1.031408 3.297000 0
2022.699500 2.359412 3.397000 0
2022.702300 0.402703 3.397000 0
2022.705000 -12.617015 3.471000 0
2022.707700 7.142925 3.546000 0
2022.710500 1.663142 3.315000 0
2022.713200 -4.398585 3.297000 0
2022.715900 7.050377 3.354000 0
2022.718700 -2.875389 3.227000 0
2022.721400 -3.628030 3.314000 0
2022.724200 -2.726397 3.521000 0
2022.726900 2.813407 3.406000 0
2022.729600 -7.016044 3.486000 0
2022.732400 1.162788 3.479000 0
2022.735100 -1.503143 3.320000 0
2022.737900 -0.427780 3.317000 0
2022.740600 -1.474136 3.186000 0
2022.743300 -0.188680 3.264000 0
2022.746100 0.769091 3.305000 0
2022.748800 3.077208 3.273000 0
2022.751500 -0.668819 3.300000 0
2022.754300 6.824497 3.246000 0
2022.757000 -0.847778 3.280000 0
2022.759800 0.495315 3.269000 0
2022.762500 -0.775145 3.535000 0
2022.765200 -2.707670 3.451000 0
2022.770700 6.136601 3.350000 0
2022.773400 0.799972 3.390000 0
2022.776200 2.258800 3.381000 0
2022.778900 9.290186 3.523000 0
2022.781700 2.994066 3.725000 0
2022.784400 -2.104464 3.517000 0
2022.787100 -2.765927 3.336000 0
2022.789900 0.179163 3.402000 0
2022.792600 6.291888 3.576000 0
2022.795300 3.065731 3.411000 0
2022.798100 -1.226808 3.582000 0
2022.800800 0.948327 3.361000 0
2022.803600 3.181128 3.357000 0
2022.806300 4.824625 3.398000 0
2022.809000 2.962326 3.364000 0
2022.811800 1.123767 3.438000 0
2022.814500 -2.932067 3.351000 0
2022.817200 -0.101648 3.575000 0
2022.820000 6.438590 3.379000 0
2022.822700 0.986575 3.586000 0
2022.825500 -0.376565 3.358000 0
2022.828200 0.233052 3.310000 0
2022.830900 2.371004 3.347000 0
2022.833700 -4.223085 3.476000 0
2022.836400 -2.581407 3.454000 0
2022.839200 4.521291 3.402000 0
2022.841900 7.037758 3.814000 0
2022.844600 2.774634 3.679000 0
2022.847400 -1.088381 3.404000 0
2022.850100 -0.695630 3.353000 0
2022.852800 -5.440428 3.430000 0
2022.855600 1.296975 3.615000 0
2022.858300 2.928134 3.338000 0
2022.861100 2.836555 3.442000 0
2022.863800 7.660721 5.785000 0
2022.866500 -5.216600 3.276000 0
2022.869300 -6.171566 3.464000 0
2022.872000 -0.066811 3.474000 0
2022.874700 -5.845511 3.210000 0
2022.877500 -11.157764 3.281000 0
2022.880200 -6.245326 3.197000 0
2022.883000 -9.552378 3.511000 0
2022.885700 -2.851765 3.378000 0
2022.888400 -5.841564 3.469000 0
2022.891200 -12.513762 3.509000 0
2022.893900 -5.131338 3.171000 0
2022.896600 1.775695 3.385000 0
2022.899400 -0.117583 3.698000 0
2022.902100 -2.948290 3.849000 0
2022.904900 2.702749 3.259000 0
2022.907600 1.270322 3.355000 0
2022.910300 5.615529 3.302000 0
2022.913100 4.535564 3.150000 0
2022.915800 -2.638928 3.425000 0
2022.918500 -3.111778 3.445000 0
2022.921300 -6.994721 3.428000 0
2022.924000 4.499741 3.396000 0
2022.926800 6.492162 3.412000 0
2022.929500 0.032938 3.507000 0
2022.932200 0.309359 3.253000 0
2022.935000 -3.158191 3.599000 0
2022.937700 1.544539 3.430000 0
2022.940500 2.088342 3.391000 0
2022.943200 5.625371 3.452000 0
2022.945900 6.347034 3.303000 0
2022.948700 3.931830 3.543000 0
2022.951400 0.651769 3.660000 0
2022.954100 10.318328 3.326000 0
2022.956900 5.296075 3.268000 0
2022.959600 5.161879 3.474000 0
2022.962400 1.227904 3.340000 0
2022.965100 1.988925 3.583000 0
2022.967800 -3.641466 3.629000 0
2022.970600 -6.265594 3.407000 0
2022.973300 -4.411816 3.273000 0
2022.976000 -0.159476 3.328000 0
2022.978800 -8.769838 3.420000 0
2022.981500 -3.278385 3.409000 0
2022.984300 -3.087614 3.358000 0
2022.987000 -3.029090 3.640000 0
2022.989700 9.546942 3.426000 0
2022.992500 8.188316 3.385000 0
2022.995200 2.210350 3.445000 0
2022.997900 0.189856 3.298000 0
2023.000700 6.214718 3.268000 0
2023.003400 5.449147 3.472000 0
2023.006200 12.385939 3.490000 0
2023.008900 3.112237 3.283000 0
2023.011600 -0.112061 3.440000 0
2023.014400 -0.087994 3.228000 0
2023.017100 0.381490 3.228000 0
2023.019800 4.836334 3.445000 0
2023.022600 2.015537 3.193000 0
2023.025300 5.764069 3.160000 0
2023.028100 4.315952 3.272000 0
2023.030800 4.355108 3.351000 0
2023.033500 -3.337454 3.383000 0
2023.036300 1.688317 3.895000 0
2023.039000 2.665280 3.418000 0
2023.041800 5.941560 3.535000 0
2023.044500 4.505979 3.295000 0
2023.047200 9.270597 3.313000 0
2023.050000 2.480504 3.213000 0
2023.052700 -1.637524 3.313000 0
2023.055400 -0.032404 3.412000 0
2023.058200 5.808970 3.562000 0
2023.060900 6.927340 3.394000 0
2023.063700 4.629936 3.616000 0
2023.066400 5.656486 3.505000 0
2023.069100 -1.683901 3.630000 0
2023.071900 -1.150106 3.470000 0
2023.074600 -4.192417 3.346000 0
2023.077300 -5.424715 3.539000 0
2023.080100 1.031119 3.480000 0
2023.082800 -2.510205 3.454000 0
2023.085600 -0.232432 3.547000 0
2023.088300 -7.052849 3.430000 0
2023.091000 -9.301335 3.261000 0
2023.093800 -3.250781 3.321000 0
2023.096500 -3.507457 3.247000 0
2023.099200 2.561750 3.310000 0
2023.102000 7.397937 3.406000 0
2023.104700 7.666861 3.613000 0
2023.107500 0.018722 3.295000 0
2023.110200 -3.120698 3.231000 0
2023.112900 -2.346308 3.212000 0
2023.115700 0.956956 3.321000 0
2023.118400 3.489917 3.323000 0
2023.121100 4.437648 3.461000 0
2023.123900 4.519186 3.529000 0
2023.126600 18.693409 3.957000 0
2023.129400 1.163394 3.620000 0
2023.132100 0.733059 3.373000 0
2023.134800 -1.657566 3.445000 0
2023.137600 -2.751496 3.464000 0
2023.140300 5.529253 3.486000 0
2023.143100 9.614653 3.556000 0
2023.145800 8.217735 3.385000 0
2023.148500 2.795477 3.499000 0
2023.151300 -1.946197 3.489000 0
2023.154000 3.903823 3.463000 0
2023.156700 8.994477 3.513000 0
2023.159500 3.721650 3.651000 0
2023.162200 8.024536 3.531000 0
2023.165000 9.752898 3.530000 0
2023.167700 12.438990 3.416000 0
2023.170400 7.080684 3.359000 0
2023.173200 0.291792 3.317000 0
2023.175900 1.320659 3.444000 0
2023.178600 1.662113 3.502000 0
2023.181400 3.004924 3.533000 0
2023.184100 0.463529 3.636000 0
2023.186900 0.203452 3.436000 0
2023.189600 5.408197 3.329000 0
2023.192300 7.661517 3.467000 0
2023.195100 -0.792898 3.299000 0
2023.197800 1.575553 3.309000 0
2023.200500 0.657577 3.289000 0
2023.203300 8.128818 3.298000 0
2023.206000 1.587973 3.529000 0
2023.208800 -2.456684 3.310000 0
2023.211500 -0.267392 3.316000 0
2023.214200 -6.593520 3.333000 0
2023.217000 0.250498 3.347000 0
2023.219700 1.421521 3.262000 0
2023.222500 7.358666 3.911000 0
2023.225200 10.072856 3.786000 0
2023.227900 12.661641 3.332000 0
2023.230700 2.036517 3.341000 0
2023.233400 3.541497 3.286000 0
2023.236100 0.048089 3.401000 0
2023.238900 1.574744 3.586000 0
2023.241600 1.211566 3.516000 0
2023.244400 -1.435565 3.474000 0
2023.247100 5.185513 3.420000 0
2023.249800 5.362236 3.353000 0
2023.252600 -4.151009 3.201000 0
2023.255300 1.122017 3.327000 0
2023.258000 2.189714 3.568000 0
2023.260800 -4.512570 3.518000 0
2023.263500 -6.500520 3.441000 0
2023.266300 -3.132454 3.138000 0
2023.269000 -7.322011 3.230000 0
2023.271700 -5.859852 3.346000 0
2023.274500 -6.267680 3.145000 0
2023.277200 2.589931 3.265000 0
2023.279900 3.412288 3.298000 0
2023.282700 5.018661 3.814000 0
2023.285400 10.645533 3.546000 0
2023.288200 0.656426 3.524000 0
2023.290900 2.664858 3.299000 0
2023.293600 2.864090 3.488000 0
2023.296400 6.206354 3.478000 0
2023.299100 2.670213 3.381000 0
2023.301800 -9.097093 3.898000 0
2023.304600 2.555647 3.450000 0
2023.307300 -4.752963 3.831000 0
2023.310100 -2.727514 3.310000 0
2023.312800 0.616619 3.286000 0
2023.315500 1.240642 3.221000 0
2023.318300 2.475748 3.329000 0
2023.321000 4.564583 3.253000 0
2023.323800 -1.867482 3.419000 0
2023.326500 6.623212 3.158000 0
2023.329200 4.752853 3.303000 0
2023.332000 8.641622 3.314000 0
2023.334700 0.623189 3.281000 0
2023.337400 5.890735 3.236000 0
2023.340200 6.017440 3.254000 0
2023.342900 6.261978 3.371000 0
2023.345700 -0.940305 3.655000 0
2023.348400 3.550265 3.489000 0
2023.351100 8.656867 3.501000 0
2023.353900 -4.532318 3.744000 0
2023.356600 1.868375 3.280000 0
2023.359300 1.018128 3.470000 0
2023.362100 -4.479871 3.527000 0
2023.364800 -3.421970 3.675000 0
2023.367600 -3.462799 3.504000 0
2023.370300 -3.373717 3.351000 0
2023.373000 -0.106534 3.487000 0
2023.375800 3.501956 3.486000 0
2023.378500 -4.246633 3.627000 0
2023.381200 0.772900 3.709000 0
2023.384000 -0.337226 3.410000 0
2023.386700 1.383576 3.395000 0
2023.389500 -2.208260 3.322000 0
2023.392200 -0.140166 3.466000 0
2023.394900 2.038078 3.417000 0
2023.397700 1.071718 3.328000 0
2023.400400 -2.574716 3.453000 0
2023.403100 -1.204987 3.438000 0
2023.405900 0.425168 3.246000 0
2023.408600 -3.793759 3.492000 0
2023.411400 1.939758 3.267000 0
2023.414100 5.024184 3.271000 0
2023.416800 2.332788 3.493000 0
2023.419600 3.679861 3.701000 0
2023.422300 -3.483171 3.737000 0
2023.425100 3.312282 3.736000 0
2023.427800 3.741615 3.703000 0
2023.430500 6.071129 3.366000 0
2023.433300 11.993146 3.515000 0
2023.436000 6.378023 3.657000 0
2023.438700 6.167076 3.541000 0
2023.441500 7.864648 3.654000 0
2023.444200 6.378054 3.519000 0
2023.447000 -2.645014 3.599000 0
2023.449700 8.386733 3.593000 0
2023.452400 8.560642 3.636000 0
2023.455200 7.792086 3.617000 0
2023.457900 4.271314 3.589000 0
2023.460600 0.897691 3.659000 0
2023.463400 3.275604 3.402000 0
2023.466100 8.537269 3.349000 0
2023.468900 7.230470 3.590000 0
2023.471600 4.622399 3.800000 0
2023.474300 -0.614551 3.633000 0
2023.477100 7.557027 3.565000 0
2023.479800 4.640299 3.312000 0
2023.482500 7.208670 3.384000 0
2023.485300 4.472558 3.274000 0
2023.488000 5.630104 3.394000 0
2023.490800 7.007157 3.455000 0
2023.493500 2.679845 3.559000 0
2023.496200 10.221589 3.566000 0
2023.499000 5.018818 3.716000 0
2023.501700 2.356648 3.473000 0
2023.504400 -5.172495 3.681000 0
2023.507200 -4.305180 3.526000 0
2023.509900 4.347703 3.905000 0
2023.512700 4.032023 3.856000 0
2023.515400 4.629890 3.720000 0
2023.518100 12.050732 3.563000 0
2023.520900 7.413976 3.452000 0
2023.523600 1.504735 3.629000 0
2023.526400 8.896870 3.616000 0
2023.529100 6.192503 3.666000 0
2023.531800 5.906055 4.204000 0
2023.534600 4.006940 3.747000 0
2023.537300 0.276296 3.801000 0
2023.540000 7.448538 3.601000 0
2023.542800 4.868065 3.923000 0
2023.545500 9.022041 3.529000 0
2023.548300 3.611267 3.717000 0
2023.551000 0.530930 3.826000 0
2023.553700 10.100422 3.498000 0
2023.556500 10.568110 3.852000 0
2023.559200 8.618219 3.794000 0
2023.561900 10.460124 3.723000 0
2023.564700 -4.383832 3.791000 0
2023.567400 3.547623 3.632000 0
2023.570200 4.498176 3.684000 0
2023.572900 15.029136 3.719000 0
2023.575600 2.855837 3.558000 0
2023.578400 -1.816423 3.718000 0
2023.581100 6.261720 3.709000 0
2023.583800 1.141574 3.517000 0
2023.586600 8.907403 3.789000 0
2023.589300 14.240640 3.593000 0
2023.592100 0.692809 3.698000 0
2023.594800 -1.971611 3.441000 0
2023.597500 6.376635 3.566000 0
2023.600300 9.833750 3.390000 0
2023.603000 4.441288 3.589000 0
2023.605700 3.608468 3.530000 0
2023.608500 1.773452 3.750000 0
2023.611200 6.122878 3.596000 0
2023.614000 10.178067 3.688000 0
2023.616700 8.403712 3.894000 0
2023.619400 0.102965 3.701000 0
2023.622200 4.747918 3.827000 0
2023.624900 0.786356 3.740000 0
2023.627700 15.361452 3.585000 0
2023.630400 7.391054 3.657000 0
2023.633100 7.704241 3.539000 0
2023.635900 -0.841973 3.557000 0
2023.638600 -3.259644 4.084000 0
2023.641300 5.918259 3.616000 0
2023.644100 0.285708 3.761000 0
2023.646800 7.528739 3.799000 0
2023.649600 -6.592719 3.891000 0
2023.652300 3.956436 3.679000 0
2023.655000 7.619159 3.684000 0
2023.657800 -0.427656 3.865000 0
2023.660500 -4.106810 3.512000 0
2023.663200 2.351608 3.382000 0
2023.666000 4.673442 3.772000 0
2023.668700 3.028992 3.561000 0
2023.671500 3.100931 3.697000 0
2023.674200 -4.308376 3.824000 0
2023.676900 -3.240099 3.495000 0
2023.679700 -7.764468 3.472000 0
2023.682400 0.163976 3.622000 0
2023.685100 2.342018 3.722000 0
2023.687900 1.566384 3.727000 0
2023.690600 -3.002375 3.625000 0
2023.693400 3.555174 3.625000 0
2023.696100 0.939641 3.556000 0
2023.698800 8.328740 3.564000 0
2023.701600 7.181127 3.623000 0
2023.704300 0.665499 3.816000 0
2023.707000 2.253526 3.603000 0
2023.709800 -3.884169 3.522000 0
2023.712500 -5.763813 3.500000 0
2023.715300 -1.788183 3.699000 0
2023.718000 4.584543 3.417000 0
2023.720700 3.585976 3.434000 0
2023.723500 3.980683 3.683000 0
2023.726200 3.618555 3.544000 0
2023.729000 1.412705 3.417000 0
2023.731700 10.892064 3.642000 0
2023.734400 -2.284808 3.878000 0
2023.737200 -3.226389 3.858000 0
2023.739900 -2.425694 3.581000 0
2023.742600 6.070809 3.556000 0
2023.745400 2.513626 3.533000 0
2023.748100 -3.199217 3.793000 0
2023.750900 4.388270 3.784000 0
2023.753600 -2.295859 3.671000 0
2023.756300 -5.561106 3.815000 0
2023.759100 9.298011 3.744000 0
2023.761800 -2.326428 3.328000 0
2023.764500 -3.832938 3.394000 0
2023.767300 1.268957 3.502000 0
2023.770000 0.764353 3.341000 0
2023.772800 7.685185 3.448000 0
2023.775500 -0.669447 3.563000 0
2023.778200 0.298934 3.430000 0
2023.781000 1.366803 3.512000 0
2023.783700 -1.747742 3.439000 0
2023.786400 2.738776 3.384000 0
2023.789200 -0.462158 3.272000 0
2023.791900 0.477539 3.414000 0
2023.794700 2.844826 3.264000 0
2023.797400 1.717773 3.455000 0
2023.800100 0.797867 3.454000 0
2023.802900 1.488620 3.456000 0
2023.805600 3.126068 3.439000 0
2023.808400 10.544224 3.379000 0
2023.811100 1.944094 3.251000 0
2023.813800 3.549197 3.617000 0
2023.816600 -4.070914 3.595000 0
2023.819300 -0.974287 3.482000 0
2023.822000 0.496623 3.530000 0
2023.824800 2.462399 3.669000 0
2023.827500 4.481933 3.648000 0
2023.830300 -1.461610 3.551000 0
2023.833000 -5.477388 3.442000 0
2023.835700 -6.629806 3.316000 0
2023.838500 1.265788 3.397000 0
2023.841200 1.229151 3.261000 0
2023.843900 -0.386080 3.412000 0
2023.846700 4.073790 3.367000 0
2023.849400 6.805427 3.216000 0
2023.852200 7.206227 3.387000 0
2023.854900 12.203788 3.345000 0
2023.857600 8.914822 3.624000 0
2023.860400 3.466111 3.543000 0
2023.863100 -1.816854 3.251000 0
2023.865800 -10.874309 3.548000 0
2023.868600 -3.349417 3.491000 0
2023.871300 -2.626802 3.402000 0
2023.874100 0.575224 3.442000 0
2023.876800 3.131954 3.541000 0
2023.879500 0.949245 3.414000 0
2023.882300 8.178038 3.368000 0
2023.885000 5.872499 3.512000 0
2023.887700 1.616547 3.387000 0
2023.890500 -2.968812 3.348000 0
2023.893200 0.881455 3.430000 0
2023.896000 0.034374 3.325000 0
2023.898700 3.922885 3.387000 0
2023.901400 3.487017 3.590000 0
2023.904200 4.408887 3.284000 0
2023.906900 -1.458704 3.439000 0
2023.909700 2.292500 3.360000 0
2023.912400 0.153202 3.599000 0
2023.915100 4.651543 3.396000 0
2023.917900 8.644760 3.475000 0
2023.920600 1.875411 3.504000 0
2023.923300 6.036706 3.472000 0
2023.926100 1.403952 3.456000 0
2023.928800 -6.886438 3.600000 0
2023.931600 -2.397829 3.332000 0
2023.934300 12.122093 3.752000 0
2023.937000 11.837657 3.383000 0
2023.939800 -0.516712 3.576000 0
2023.942500 2.320152 3.574000 0
2023.945200 -0.177349 3.420000 0
2023.948000 -1.052722 3.429000 0
2023.950700 -6.538944 3.742000 0
2023.953500 -5.114000 3.669000 0
2023.956200 -0.645962 3.644000 0
2023.958900 1.725685 3.478000 0
2023.961700 3.772548 3.734000 0
2023.964400 3.549417 3.499000 0
2023.967100 3.064874 3.393000 0
2023.969900 0.996591 3.384000 0
2023.972600 -1.264778 3.323000 0
2023.975400 -0.354861 3.318000 0
2023.978100 -2.080092 3.493000 0
2023.980800 2.313222 3.341000 0
2023.983600 -0.569149 3.247000 0
2023.986300 -2.772759 3.372000 0
2023.989000 3.103143 3.259000 0
2023.991800 -2.732616 3.231000 0
2023.994500 0.192293 3.422000 0
2023.997300 -2.624447 3.380000 0
2024.000000 4.551418 3.494000 0
2024.002700 2.195733 3.371000 0
2024.005500 -0.288591 3.343000 0
2024.008200 5.336599 3.355000 0
2024.011000 4.129154 3.612000 0
2024.013700 7.756162 3.331000 0
2024.016400 5.212549 3.430000 0
2024.019200 16.335299 3.662000 0
2024.021900 8.212413 3.348000 0
2024.024600 10.448861 3.451000 0
2024.027400 4.882662 3.693000 0
2024.030100 10.013741 3.730000 0
2024.032900 2.901163 3.557000 0
2024.035600 3.156809 3.306000 0
2024.038300 2.446709 3.421000 0
2024.041100 3.980928 3.401000 0
2024.043800 -2.724707 3.486000 0
2024.046500 -1.630139 3.343000 0
2024.049300 -3.395279 3.311000 0
2024.052000 -2.671349 3.242000 0
2024.054800 -1.549149 3.312000 0
2024.057500 5.565075 3.591000 0
2024.060200 2.390417 3.467000 0
2024.063000 6.203989 3.587000 0
2024.065700 -3.231480 3.563000 0
2024.068400 5.324118 3.506000 0
2024.071200 -2.957098 3.465000 0
2024.073900 1.527586 3.307000 0
2024.076700 -0.858577 3.206000 0
2024.079400 -0.223877 3.396000 0
2024.082100 2.008806 3.211000 0
2024.084900 6.648590 3.641000 0
2024.087600 3.047189 3.558000 0
2024.090300 4.090722 3.576000 0
2024.093100 4.146301 3.277000 0
2024.095800 4.348652 3.289000 0
2024.098600 4.367009 3.442000 0
2024.101300 0.577115 3.391000 0
2024.104000 6.808078 3.381000 0
2024.106800 1.179985 3.508000 0
2024.109500 7.859612 3.591000 0
2024.112300 3.739139 3.450000 0
2024.115000 4.736372 3.458000 0
2024.117700 2.067391 3.437000 0
2024.120500 3.505244 3.451000 0
2024.123200 -0.212213 3.468000 0
2024.125900 0.364078 3.483000 0
2024.128700 3.997136 3.324000 0
2024.131400 -3.421125 3.295000 0
2024.134200 -6.197663 3.226000 0
2024.136900 -1.899522 3.282000 0
2024.139600 2.033309 3.438000 0
2024.142400 7.666797 3.415000 0
2024.145100 7.253966 3.506000 0
2024.147800 2.935797 3.502000 0
2024.150600 4.410218 3.285000 0
2024.153300 9.471332 3.456000 0
2024.156100 6.148991 3.362000 0
2024.158800 4.508356 3.555000 0
2024.161500 -0.241659 3.321000 0
2024.164300 -4.935192 3.501000 0
2024.167000 1.016002 3.277000 0
2024.169700 0.030800 3.330000 0
2024.172500 5.924016 3.516000 0
2024.175200 -2.022010 3.638000 0
2024.178000 7.324342 3.252000 0
2024.180700 7.243474 3.452000 0
2024.183400 13.893188 3.598000 0
2024.186200 5.004225 3.316000 0
2024.188900 -0.619920 3.221000 0
2024.191600 7.441510 3.266000 0
2024.194400 10.784209 3.425000 0
2024.197100 4.366771 3.481000 0
2024.199900 10.597569 3.473000 0
2024.202600 4.748261 3.843000 0
2024.205300 1.469527 3.774000 0
2024.208100 4.049984 3.511000 0
2024.210800 1.238386 3.473000 0
2024.213600 -2.523050 3.350000 0
2024.216300 0.384496 3.256000 0
2024.219000 10.069627 3.448000 0
2024.221800 2.586882 3.475000 0
2024.224500 -1.054823 3.423000 0
2024.227200 3.778067 3.542000 0
2024.230000 8.065049 3.488000 0
2024.232700 8.728130 3.321000 0
2024.235500 -0.655715 3.189000 0
2024.238200 -1.594421 3.512000 0
2024.240900 0.381497 3.444000 0
2024.243700 3.672465 3.356000 0
2024.246400 0.973636 3.336000 0
2024.249100 9.728451 3.443000 0
2024.251900 0.817298 3.497000 0
2024.254600 1.028411 3.344000 0
2024.257400 2.328548 3.330000 0
2024.260100 2.761993 3.688000 0
2024.262800 6.541124 3.423000 0
2024.265600 6.843271 3.567000 0
2024.268300 3.844789 3.463000 0
2024.271000 -2.613980 3.667000 0
2024.273800 2.291265 3.596000 0
2024.276500 3.381943 3.414000 0
2024.279300 0.840635 3.248000 0
2024.282000 -2.286198 3.335000 0
2024.284700 -0.064266 3.333000 0
2024.287500 3.660685 3.219000 0
2024.290200 3.192171 3.374000 0
2024.293000 10.048683 3.297000 0
2024.295700 5.858767 3.610000 0
2024.298400 -0.325329 3.674000 0
2024.301200 -3.153384 3.402000 0
2024.303900 -1.388812 3.474000 0
2024.306600 1.758613 3.545000 0
2024.309400 4.402097 3.534000 0
2024.312100 0.963260 3.304000 0
2024.314900 -0.184505 3.309000 0
2024.317600 7.538441 3.275000 0
2024.320300 7.953298 3.405000 0
2024.323100 9.031252 3.569000 0
2024.325800 -1.348038 3.757000 0
2024.328500 17.333615 3.791000 0
2024.331300 5.749394 3.498000 0
2024.334000 8.700968 3.603000 0
2024.336800 12.568687 3.498000 0
2024.339500 4.413225 3.544000 0
2024.342200 15.541761 3.559000 0
2024.345000 0.771475 3.515000 0
2024.347700 5.715039 3.415000 0
2024.350400 7.869631 3.746000 0
2024.353200 6.054434 3.622000 0
2024.355900 18.285114 3.820000 0
2024.358700 9.431027 4.012000 0
2024.361400 6.002832 3.497000 0
2024.364100 8.746712 3.618000 0
2024.366900 -6.464140 3.535000 0
2024.369600 2.900917 3.411000 0
2024.372300 6.670073 3.639000 0
2024.375100 19.416533 3.534000 0
2024.377800 -0.923087 3.302000 0
2024.380600 -4.350380 3.445000 0
2024.383300 2.056253 3.315000 0
2024.386000 4.212019 3.344000 0
2024.388800 6.970146 4.088000 0
2024.391500 4.351201 3.542000 0
2024.394300 4.112638 3.571000 0
2024.397000 -1.820997 3.692000 0
2024.399700 0.546527 3.684000 0
2024.402500 0.286464 3.790000 0
2024.405200 0.148323 4.259000 0
2024.407900 -0.603649 3.779000 0
2024.410700 -3.544178 3.608000 0
2024.413400 2.267203 4.046000 0
2024.416200 10.540044 4.233000 0
2024.418900 8.653786 3.774000 0
2024.421600 5.869707 3.604000 0
2024.424400 2.516111 3.682000 0
2024.427100 7.113398 3.855000 0
2024.429800 6.337865 3.390000 0
2024.432600 2.110835 3.511000 0
2024.435300 1.135665 3.489000 0
2024.438100 -0.175990 3.374000 0
2024.440800 -9.761802 3.637000 0
2024.443500 6.047560 3.534000 0
2024.446300 8.511447 3.508000 0
2024.449000 4.169151 3.326000 0
2024.451700 5.505019 3.357000 0
2024.454500 3.561420 3.224000 0
2024.457200 4.311608 3.439000 0
2024.460000 1.577333 3.503000 0
2024.462700 4.825823 3.563000 0
2024.465400 1.861452 3.746000 0
2024.468200 1.165618 3.680000 0
2024.470900 -9.302485 3.583000 0
2024.473600 -4.470466 3.326000 0
2024.476400 1.016082 3.426000 0
2024.479100 -0.736672 3.522000 0
2024.481900 7.143096 3.584000 0
2024.484600 0.065538 3.504000 0
2024.487300 -0.973936 3.747000 0
2024.490100 9.729098 3.843000 0
2024.492800 8.965770 3.492000 0
2024.495600 7.032936 3.695000 0
2024.498300 5.509717 3.462000 0
2024.501000 1.239538 3.527000 0
2024.503800 5.406829 3.703000 0
2024.506500 -7.248299 3.682000 0
2024.509200 8.568583 3.428000 0
2024.512000 -0.121095 3.686000 0
2024.514700 -2.636224 3.893000 0
2024.517500 2.999064 3.803000 0
2024.520200 1.554880 3.458000 0
2024.522900 0.754652 3.576000 0
2024.525700 7.879804 3.356000 0
2024.528400 6.889455 3.483000 0
2024.531100 -2.458971 3.599000 0
2024.533900 -2.295061 3.448000 0
2024.536600 11.434323 3.581000 0
2024.539400 2.238011 3.452000 0
2024.542100 3.703157 3.461000 0
2024.544800 1.201170 3.428000 0
2024.547600 -5.803563 3.488000 0
2024.550300 -19.463858 3.844000 0
2024.553000 -12.793320 3.415000 0
2024.555800 -4.888582 3.535000 0
2024.558500 6.176579 3.289000 0
2024.561300 -9.096098 3.546000 0
2024.564000 -2.074360 3.449000 0
2024.566700 -0.249845 3.551000 0
2024.569500 1.438773 3.325000 0
2024.572200 -3.870201 3.481000 0
2024.574900 0.315568 3.640000 0
2024.577700 1.719380 3.523000 0
2024.580400 1.038597 3.430000 0
2024.583200 2.712815 3.444000 0
2024.585900 1.599438 3.326000 0
2024.588600 -0.451245 3.542000 0
2024.591400 0.811010 3.695000 0
2024.594100 -4.329324 3.590000 0
2024.596900 -2.792763 3.472000 0
2024.599600 4.541217 3.528000 0
2024.602300 2.479847 3.574000 0
2024.605100 1.356309 3.390000 0
2024.607800 -3.805796 3.497000 0
2024.610500 1.066728 3.406000 0
2024.613300 5.792019 3.931000 0
2024.616000 10.213765 3.636000 0
2024.618800 2.479237 3.510000 0
2024.621500 2.024181 3.539000 0
2024.624200 2.835723 3.540000 0
2024.627000 1.680930 3.381000 0
2024.629700 1.909640 3.356000 0
2024.632400 9.814934 3.476000 0
2024.635200 1.696834 3.236000 0
2024.637900 5.256272 3.375000 0
2024.640700 0.351278 3.327000 0
2024.643400 2.932850 3.580000 0
2024.646100 -6.005007 3.525000 0
2024.648900 -1.981350 3.438000 0
2024.651600 -7.261084 3.454000 0
2024.654300 -6.712248 3.700000 0
2024.657100 6.020052 3.502000 0
2024.659800 -3.267990 3.382000 0
2024.662600 3.758402 3.490000 0
2024.665300 -0.899512 3.327000 0
2024.668000 -10.893852 3.224000 0
2024.670800 7.432200 3.526000 0
2024.673500 -1.002999 3.461000 0
2024.676200 -1.196614 3.585000 0
2024.679000 -5.873874 3.405000 0
2024.681700 6.922675 3.476000 0
2024.684500 0.685559 3.400000 0
2024.687200 3.152293 3.406000 0
2024.689900 2.774635 3.305000 0
2024.692700 3.276286 3.370000 0
2024.695400 5.887850 3.416000 0
2024.698200 2.684710 3.965000 0
2024.700900 7.321527 3.784000 0
2024.703600 5.572989 3.793000 0
2024.706400 4.905732 3.539000 0
2024.709100 3.352499 3.681000 0
2024.711800 4.961938 3.827000 0
2024.714600 4.519651 3.672000 0
2024.717300 1.249455 3.715000 0
2024.720100 3.126532 3.418000 0
2024.722800 12.392745 3.568000 0
2024.725500 4.061685 3.338000 0
2024.728300 -7.955097 3.522000 0
2024.731000 4.564325 3.525000 0
2024.733700 0.545511 3.719000 0
2024.736500 6.854988 3.554000 0
2024.739200 9.461735 3.330000 0
2024.742000 4.800785 3.431000 0
2024.744700 6.562150 3.406000 0
2024.747400 -2.470653 3.255000 0
2024.750200 -0.843127 3.312000 0
2024.752900 4.585777 3.260000 0
2024.755600 3.901559 3.337000 0
2024.758400 5.721702 3.375000 0
2024.761100 5.169284 3.267000 0
2024.763900 -2.660747 3.375000 0
2024.766600 -0.432301 3.578000 0
2024.769300 3.811103 3.565000 0
2024.772100 4.317939 3.389000 0
2024.774800 -2.316693 3.762000 0
2024.777500 1.219683 5.164000 0
2024.780300 10.711542 3.490000 0
2024.810400 -0.379563 3.475000 0
2024.813100 6.942478 3.302000 0
2024.815900 4.608298 3.557000 0
2024.818600 2.116855 3.329000 0
2024.821400 -3.270755 3.466000 0
2024.824100 -3.288615 3.393000 0
2024.826800 7.497835 3.593000 0
2024.829600 9.114202 3.648000 0
2024.832300 8.479333 3.859000 0
2024.835000 6.895820 3.503000 0
2024.837800 6.274311 3.553000 0
2024.840500 8.433572 3.543000 0
2024.843300 0.133897 3.826000 0
2024.846000 11.507990 4.072000 0
2024.848700 5.586514 3.714000 0
2024.851500 2.825192 3.414000 0
2024.854200 15.367632 3.575000 0
2024.856900 5.163543 3.565000 0
2024.859700 5.422700 3.460000 0
2024.862400 5.284605 3.602000 0
2024.865200 6.898819 3.547000 0
2024.867900 1.157767 3.534000 0
2024.870600 4.241244 3.501000 0
2024.873400 1.457123 3.525000 0
2024.876100 4.537709 3.374000 0
2024.878900 1.970759 3.622000 0
2024.881600 5.188492 3.632000 0
2024.884300 3.082803 3.676000 0
2024.887100 3.840668 3.419000 0
2024.889800 2.509178 3.407000 0
2024.892500 4.853288 3.290000 0
2024.895300 4.163043 3.372000 0
2024.898000 3.761395 3.326000 0
2024.900800 3.242450 3.206000 0
2024.903500 5.072067 3.326000 0
2024.906200 6.807312 3.403000 0
2024.909000 11.609345 3.194000 0
2024.911700 2.681882 3.338000 0
2024.914400 3.449058 3.360000 0
2024.917200 1.077102 3.427000 0
2024.919900 5.050585 3.346000 0
2024.922700 -3.292010 3.274000 0
2024.925400 -1.035214 3.314000 0
2024.928100 3.063229 3.273000 0
2024.930900 3.609665 3.400000 0
2024.933600 -5.792580 3.403000 0
2024.936300 9.476817 3.488000 0
2024.939100 8.509276 3.746000 0
2024.941800 7.607976 3.285000 0
2024.944600 4.484780 3.650000 0
2024.950000 1.157385 4.140000 0
2024.952800 -4.656837 3.365000 0
2024.955500 4.550041 3.260000 0
2024.958200 4.045531 3.500000 0
2024.961000 4.524233 3.334000 0
2024.963700 -0.550053 3.537000 0
2024.966500 1.875905 3.521000 0
2024.969200 -0.318186 3.328000 0
2024.971900 -2.003702 3.289000 0
2024.974700 4.458064 3.263000 0
2024.977400 7.301691 3.559000 0
2024.980200 4.900622 3.414000 0
2024.982900 -1.861648 3.797000 0
2024.985600 9.848607 3.508000 0
2024.988400 3.837193 3.275000 0
2024.991100 4.585485 3.439000 0
2024.993800 1.925268 3.428000 0
2024.996600 7.838401 3.194000 0
2024.999300 2.841147 3.309000 0
2025.002100 1.821252 3.960000 0
2025.004800 -1.528092 3.856000 0
2025.007500 2.283990 3.626000 0
2025.010300 7.072436 3.426000 0
2025.013000 6.051343 3.643000 0
2025.015700 2.970633 3.397000 0
2025.018500 2.245286 3.409000 0
2025.021200 -1.326689 3.373000 0
2025.024000 -0.061306 3.432000 0
2025.026700 -2.595609 3.346000 0
2025.029400 0.872394 3.315000 0
2025.032200 9.675741 3.234000 0
2025.034900 6.999319 3.250000 0
2025.037600 1.017154 3.239000 0
2025.040400 -1.851689 3.648000 0
2025.043100 3.909621 3.317000 0
2025.045900 4.028234 3.245000 0
2025.048600 8.822949 3.445000 0
2025.051300 3.081837 3.620000 0
2025.054100 -1.658002 3.430000 0
2025.056800 -1.995812 3.593000 0
2025.059500 -3.813499 3.529000 0
2025.062300 -2.721952 3.905000 0
2025.065000 -4.671442 3.457000 0
2025.067800 -1.645726 3.252000 0
2025.070500 1.094913 3.399000 0
2025.073200 -0.685411 4.336000 0
2025.076000 8.109424 3.430000 0
2025.078700 6.800125 3.448000 0
2025.081500 7.179950 3.481000 0
2025.084200 11.134609 3.244000 0
2025.086900 5.699222 3.423000 0
2025.089700 0.304905 3.461000 0
2025.092400 2.801376 3.472000 0
2025.095100 2.121754 3.393000 0
2025.097900 -1.024857 3.443000 0
2025.100600 4.761284 3.278000 0
2025.103400 5.113394 3.521000 0
2025.106100 0.102236 3.442000 0
2025.108800 0.895909 3.280000 0
2025.111600 1.799488 3.373000 0
2025.114300 1.047774 3.524000 0
2025.117000 12.879850 3.754000 0
2025.119800 -1.896234 3.506000 0
2025.122500 5.394372 3.363000 0
2025.125300 7.204774 3.474000 0
2025.128000 5.045860 3.373000 0
2025.130700 -0.266328 3.463000 0
2025.133500 8.498212 3.503000 0
2025.136200 2.122432 3.593000 0
2025.138900 -2.583656 3.247000 0
2025.141700 -5.232082 3.222000 0
2025.144400 -7.699825 3.238000 0
2025.147200 -0.707952 3.382000 0
2025.149900 -1.632391 3.342000 0
2025.152600 9.017816 6.521000 0
2025.158100 4.903036 3.224000 0
2025.160800 9.744120 3.343000 0
2025.163600 3.929691 3.281000 0
2025.166300 3.291988 3.243000 0
2025.169100 7.862729 3.529000 0
2025.171800 12.555214 3.508000 0
2025.174500 5.327293 3.458000 0
2025.177300 1.326757 3.185000 0
2025.180000 3.858996 3.258000 0
2025.182800 7.875582 3.230000 0
2025.185500 -0.334031 3.507000 0
2025.188200 4.526934 3.321000 0
2025.191000 8.305189 3.497000 0
2025.193700 8.472288 3.238000 0
2025.196400 9.276961 3.397000 0
2025.199200 16.754874 3.369000 0
2025.201900 12.651676 3.652000 0
2025.204700 9.044688 3.656000 0
2025.207400 4.499623 3.387000 0
2025.210100 3.157135 3.257000 0
2025.212900 2.357812 3.384000 0
2025.215600 -0.537533 3.287000 0
2025.218300 8.267705 3.517000 0
2025.221100 5.378071 3.712000 0
2025.223800 4.474470 3.408000 0
2025.226600 2.016975 3.715000 0
2025.229300 -2.969446 3.554000 0
2025.232000 3.804737 3.476000 0
2025.234800 4.686996 3.596000 0
2025.237500 -2.059611 3.558000 0
2025.240200 3.112404 3.221000 0
2025.243000 5.561471 3.461000 0
2025.245700 5.879735 3.339000 0
2025.248500 5.347039 3.440000 0
2025.251200 11.522581 3.660000 0
2025.253900 5.505782 3.566000 0
2025.256700 1.585007 3.429000 0
2025.259400 4.094536 3.721000 0
2025.262100 -1.915253 3.467000 0
2025.264900 3.320975 3.171000 0
2025.267600 1.424569 3.212000 0
2025.270400 -7.404824 3.244000 0
2025.273100 -2.173808 3.235000 0
2025.275800 -3.693062 3.384000 0
2025.278600 -2.911302 3.128000 0
2025.281300 -1.223072 3.208000 0
2025.284100 0.212174 3.232000 0
2025.286800 -0.540070 3.254000 0
2025.289500 -0.889530 3.306000 0
2025.292300 4.822035 3.486000 0
2025.295000 6.434168 3.285000 0
2025.297700 1.142118 3.378000 0
2025.300500 0.832107 3.551000 0
2025.303200 -2.981281 3.444000 0
2025.306000 3.742381 3.242000 0
2025.308700 1.835700 3.489000 0
2025.311400 3.958893 3.463000 0
2025.314200 6.172158 3.431000 0
2025.316900 6.046129 3.591000 0
2025.349800 -3.279431 3.494000 0
2025.352500 -1.277810 3.510000 0
2025.355200 -3.732144 3.276000 0
2025.358000 5.113754 3.251000 0
2025.360700 1.747541 3.250000 0
2025.363400 5.796400 3.328000 0
2025.366200 3.545525 3.269000 0
2025.368900 7.300558 3.228000 0
2025.371700 4.918879 3.344000 0
2025.374400 6.224118 3.559000 0
2025.377100 6.361468 3.274000 0
2025.379900 2.484142 3.397000 0
2025.382600 1.907741 3.437000 0
2025.385400 9.847687 3.607000 0
2025.388100 7.678560 3.517000 0
2025.390800 3.079577 3.665000 0
2025.393600 -0.118026 3.400000 0
2025.396300 -11.316701 3.536000 0
2025.399000 0.243781 3.631000 0
2025.401800 -0.639326 3.607000 0
2025.404500 -0.924510 3.524000 0
2025.407300 2.666736 3.641000 0
2025.410000 2.439897 3.499000 0
2025.412700 -2.851767 3.534000 0
2025.415500 -1.210973 3.363000 0
2025.418200 -1.892278 3.372000 0
2025.420900 2.348597 3.459000 0
2025.423700 0.503953 3.400000 0
2025.426400 -2.808807 3.435000 0
2025.429200 -7.969071 3.550000 0
2025.431900 -2.194465 3.395000 0
2025.434600 1.032320 3.219000 0
2025.437400 9.834617 3.515000 0
2025.440100 7.625760 3.625000 0
2025.442800 0.692077 3.497000 0
2025.445600 -5.725081 3.962000 0
2025.448300 -11.342420 3.552000 0
2025.451100 7.921773 3.550000 0
2025.453800 0.831765 3.639000 0
2025.456500 0.576913 3.873000 0
2025.459300 0.763598 3.424000 0
2025.462000 -3.705950 3.671000 0
2025.464800 1.676039 3.359000 0
2025.467500 0.741774 3.455000 0
2025.470200 -2.166362 3.508000 0
2025.473000 -7.009964 3.824000 0
2025.475700 -5.112855 3.514000 0
2025.478400 -8.216637 3.460000 0
2025.481200 -2.458895 3.602000 0
2025.483900 -1.462476 3.471000 0
2025.486700 -1.162543 3.416000 0
2025.489400 -1.025957 3.658000 0
2025.492100 -8.170301 3.387000 0
2025.494900 -6.589150 3.536000 0
2025.497600 1.193620 3.342000 0
2025.500300 0.064431 3.201000 0
2025.503100 -1.715285 3.546000 0
2025.505800 0.963583 3.342000 0
2025.508600 1.002903 3.262000 0
2025.511300 4.787786 3.316000 0
2025.514000 -0.127339 3.340000 0
2025.516800 1.394955 3.374000 0
2025.519500 -3.598219 3.306000 0
2025.522200 -7.960434 3.410000 0
2025.525000 -0.170267 3.396000 0
2025.527700 -5.814598 3.659000 0
2025.530500 -4.238575 3.308000 0
2025.533200 -0.617068 3.333000 0
2025.535900 -7.453657 3.413000 0
2025.538700 2.778062 3.248000 0
2025.544100 3.563289 3.370000 0
2025.546900 -2.188404 3.272000 0
2025.549600 -10.184657 3.350000 0
2025.552400 -2.670686 3.167000 0
2025.555100 1.638713 3.268000 0
2025.557800 -2.624076 3.332000 0
2025.560600 1.859303 3.322000 0
2025.563300 -1.188902 3.383000 0
2025.566100 -1.589979 3.407000 0
2025.568800 -10.698646 3.472000 0
2025.571500 1.397444 3.454000 0
2025.574300 1.402603 3.367000 0
2025.577000 3.218166 3.447000 0
2025.579700 -3.696545 3.428000 0
2025.582500 -2.743249 3.432000 0
2025.585200 -15.070549 3.400000 0
2025.588000 1.713116 3.534000 0
2025.590700 11.980189 3.404000 0
2025.593400 -2.889060 3.478000 0
2025.596200 -3.354408 3.527000 0
2025.598900 -6.355339 3.454000 0
2025.601600 -2.638618 3.360000 0
2025.604400 5.169941 3.283000 0
2025.607100 8.190931 3.410000 0
2025.609900 1.146716 3.464000 0
2025.612600 3.082946 3.434000 0
2025.615300 -3.556208 3.662000 0
2025.618100 12.141370 3.732000 0
2025.620800 -2.294583 3.493000 0
2025.623500 -1.606936 3.543000 0
2025.626300 0.912381 3.515000 0
2025.629000 -6.299803 3.513000 0
2025.631800 -3.577357 3.432000 0
2025.634500 -5.426388 3.390000 0
2025.637200 1.315160 3.577000 0
2025.640000 1.178281 3.456000 0
2025.642700 0.318963 3.377000 0
2025.645400 -1.798783 3.518000 0
2025.648200 -0.107010 3.472000 0
2025.650900 7.979368 3.430000 0
2025.653700 0.924231 3.594000 0
2025.656400 6.137731 3.451000 0
2025.659100 -2.137199 3.311000 0
2025.661900 6.515308 3.418000 0
2025.664600 6.252504 3.457000 0
2025.667400 2.410110 3.310000 0
2025.670100 2.272440 3.391000 0
2025.672800 0.030350 3.327000 0
2025.675600 5.915630 3.298000 0
2025.678300 1.426693 3.263000 0
2025.681000 4.794348 3.418000 0
2025.683800 3.196340 3.467000 0
2025.686500 -0.638825 3.329000 0
2025.689300 4.510331 3.263000 0
2025.692000 3.364372 3.408000 0
2025.694700 3.324034 3.527000 0
2025.697500 1.608993 3.328000 0
2025.700200 1.600903 3.336000 0
2025.702900 5.285456 3.461000 0
2025.705700 -4.586708 3.968000 0
2025.708400 -3.835855 3.592000 0
2025.711200 4.371274 3.480000 0
2025.713900 -0.682535 3.588000 0
2025.716600 7.069348 3.474000 0
2025.719400 3.924503 3.551000 0
2025.722100 4.932788 3.783000 0
2025.724800 7.803798 3.388000 0
2025.727600 11.384085 3.500000 0
2025.730300 0.835570 3.562000 0
2025.733100 7.479339 3.639000 0
2025.735800 8.287352 3.360000 0
2025.738500 3.991151 3.322000 0
2025.741300 6.117252 3.241000 0
2025.744000 1.368662 3.247000 0
2025.746700 7.484902 3.496000 0
2025.749500 3.460467 3.416000 0
2025.752200 5.285405 3.376000 0
2025.755000 4.136689 3.467000 0
2025.757700 1.958387 3.328000 0
2025.760400 2.936990 3.479000 0
2025.763200 8.062978 3.527000 0
2025.765900 2.163437 3.554000 0
2025.768700 0.980310 3.547000 0
2025.771400 4.286692 3.470000 0
2025.774100 4.093061 3.438000 0
2025.776900 4.723892 3.412000 0
2025.779600 2.092285 3.342000 0
2025.782300 6.818715 3.351000 0
2025.785100 4.102662 3.409000 0
2025.787800 5.756219 3.491000 0
2025.790600 8.843334 3.503000 0
2025.793300 2.705088 3.338000 0
2025.796000 11.727964 3.494000 0
2025.798800 5.438464 3.606000 0
2025.801500 0.685642 3.320000 0
2025.804200 2.668993 3.422000 0
2025.807000 -0.840960 3.402000 0
2025.809700 4.219796 3.325000 0
2025.812500 2.267298 3.376000 0
2025.815200 1.687528 3.627000 0
2025.817900 7.671016 3.581000 0
2025.820700 -0.274671 3.291000 0
2025.823400 4.036392 3.301000 0
2025.826100 4.268760 3.207000 0
2025.828900 7.421038 3.194000 0
2025.831600 2.372078 3.580000 0
2025.834400 4.802086 3.367000 0
2025.837100 -0.868139 3.297000 0
2025.839800 1.851020 3.240000 0
2025.842600 3.778235 3.359000 0
2025.845300 6.682219 3.366000 0
2025.848000 5.662630 3.403000 0
2025.850800 11.216187 3.267000 0
2025.853500 10.214508 3.427000 0
2025.856300 3.186038 3.371000 0
2025.859000 -1.069678 3.338000 0
2025.861700 4.866098 3.404000 0
2025.864500 9.199175 4.072000 0
2025.867200 2.438988 4.152000 0
2025.870000 9.857164 3.274000 0
2025.872700 7.169059 3.269000 0
2025.875400 12.656502 3.313000 0
2025.878200 7.412400 3.415000 0
2025.880900 9.357986 3.175000 0
2025.883600 8.075146 3.259000 0
2025.886400 8.882853 3.333000 0
2025.889100 7.243209 3.329000 0
2025.891900 9.611173 3.342000 0
2025.894600 9.782754 3.264000 0
2025.897300 4.848946 3.483000 0
2025.900100 4.058834 3.547000 0
2025.902800 5.869289 3.322000 0
2025.905500 2.847371 3.231000 0
2025.908300 1.163234 3.430000 0
2025.911000 9.096606 3.434000 0
2025.913800 9.053813 3.375000 0
2025.916500 2.709487 3.445000 0
2025.919200 8.052804 3.341000 0
2025.922000 3.022034 3.349000 0
2025.924700 -2.435336 3.622000 0
2025.927400 6.871939 3.475000 0
2025.930200 10.359201 3.306000 0
2025.932900 13.417790 3.385000 0
2025.935700 5.379412 3.345000 0
2025.938400 2.008308 3.265000 0
2025.941100 6.425843 3.386000 0
2025.943900 6.415476 3.523000 0
2025.946600 8.110302 3.542000 0
2025.949300 8.891756 3.872000 0
2025.952100 3.908367 3.520000 0
2025.954800 0.298086 3.485000 0
2025.957600 3.915997 3.481000 0
2025.960300 2.495957 3.524000 0
2025.963000 10.497518 3.384000 0
2025.965800 8.026317 3.343000 0
2025.968500 7.868076 3.362000 0
2025.971300 2.907102 3.167000 0
2025.974000 -1.885973 3.358000 0
2025.976700 -0.420489 3.361000 0
2025.979500 0.077296 3.207000 0
2025.982200 5.107887 3.324000 0
2025.984900 17.534007 3.317000 0
2025.987700 6.662456 3.173000 0
2025.990400 6.725619 3.321000 0
2025.993200 1.562124 3.206000 0
2025.995900 -3.338719 3.336000 0
2025.998600 1.200908 3.256000 0
2026.001400 4.414892 3.243000 0
2026.004100 5.091435 3.414000 0
2026.006800 8.159408 3.365000 0
2026.009600 7.895745 3.179000 0
2026.012300 9.354550 3.386000 0
2026.015100 9.687719 3.457000 0
2026.017800 3.874298 3.274000 0
2026.020500 10.441233 3.513000 0
2026.023300 7.370526 3.457000 0
2026.026000 3.126141 3.467000 0
2026.028700 -4.545934 3.347000 0
2026.031500 -4.390663 3.354000 0
2026.034200 6.584845 3.410000 0
2026.037000 7.774685 3.132000 0
2026.039700 5.417709 3.199000 0
2026.042400 7.219962 3.273000 0
2026.045200 3.441522 3.595000 0
2026.047900 5.043189 3.199000 0
2026.050700 4.475142 3.358000 0
2026.053400 1.842154 3.562000 0
2026.056100 2.260309 4.909000 0
2026.058900 6.038716 3.310000 0
2026.061600 7.282112 3.374000 0
2026.064300 4.526602 3.657000 0
2026.067100 10.929300 3.477000 0
2026.069800 4.196926 3.311000 0
2026.072600 2.239731 3.216000 0
2026.075300 -7.101575 3.359000 0
2026.078000 1.794127 3.487000 0
2026.080800 5.490957 3.357000 0
2026.083500 4.269625 3.294000 0
2026.086200 -0.678748 3.100000 0
2026.089000 2.342952 3.237000 0
2026.091700 0.029445 3.436000 0
2026.094500 0.148973 3.585000 0
2026.097200 3.734268 3.390000 0
2026.099900 6.326443 3.369000 0
2026.102700 1.959592 3.259000 0
2026.105400 1.685475 3.435000 0
2026.108100 9.285194 3.370000 0
2026.110900 9.372823 3.347000 0
2026.113600 4.859162 3.294000 0
2026.116400 3.342368 3.301000 0
2026.119100 7.999271 3.300000 0
2026.121800 6.523940 3.354000 0
2026.124600 10.394410 3.310000 0
2026.127300 8.615565 3.156000 0
2026.130000 6.058449 3.281000 0
2026.132800 11.385067 3.208000 0
2026.135500 12.016365 3.443000 0
2026.138300 14.205352 3.455000 0
2026.141000 5.162018 3.217000 0
2026.143700 2.663360 3.147000 0
2026.146500 0.196325 3.254000 0
2026.149200 5.198977 3.344000 0
2026.152000 11.369207 3.359000 0
2026.154700 10.503133 3.253000 0
2026.157400 9.237691 3.537000 0
2026.160200 5.844762 3.381000 0
2026.162900 3.931549 3.285000 0
2026.165600 2.063947 3.192000 0
2026.168400 6.613795 3.327000 0
2026.171100 6.416384 3.102000 0
2026.173900 7.378383 3.402000 0
2026.176600 12.228143 3.384000 0
2026.179300 7.564491 3.709000 0
2026.182100 1.265189 3.488000 0
2026.184800 9.390685 3.528000 0
2026.187500 9.008759 3.449000 0
2026.190300 14.290129 3.728000 0
2026.193000 7.705339 3.397000 0
2026.195800 9.326809 3.063000 0
2026.198500 3.457149 3.256000 0
2026.201200 8.680063 3.223000 0
2026.204000 9.478189 3.430000 0
2026.206700 5.724234 3.269000 0
2026.209400 8.500855 3.242000 0
2026.212200 3.528646 3.106000 0
2026.214900 2.012409 3.181000 0
2026.217700 2.289315 3.376000 0
2026.220400 10.112231 3.122000 0
2026.223100 4.632737 3.292000 0
2026.225900 5.106351 3.289000 0
2026.228600 2.910033 3.312000 0
2026.231300 3.331318 3.193000 0
2026.234100 0.928681 3.231000 0
2026.236800 4.245174 3.178000 0
